<?xml version="1.0" encoding="utf-8"?>
<COLLADA xmlns="http://www.collada.org/2005/11/COLLADASchema" version="1.4.1">
  <asset>
    <contributor>
      <author/>
      <authoring_tool>FBX COLLADA exporter</authoring_tool>
      <comments/>
    </contributor>
    <created>2025-11-13T05:29:24Z</created>
    <keywords/>
    <modified>2025-11-13T05:29:24Z</modified>
    <revision/>
    <subject/>
    <title/>
    <unit meter="0.025400" name="centimeter"/>
    <up_axis>Y_UP</up_axis>
  </asset>
  <library_materials>
    <material id="MaterialFBXASC032FBXASC0352" name="MaterialFBXASC032FBXASC0352">
      <instance_effect url="#MaterialFBXASC032FBXASC0352-fx"/>
    </material>
  </library_materials>
  <library_effects>
    <effect id="MaterialFBXASC032FBXASC0352-fx" name="MaterialFBXASC032FBXASC0352">
      <profile_COMMON>
        <technique sid="standard">
          <phong>
            <emission>
              <color sid="emission">0.000000  0.000000 0.000000 1.000000</color>
            </emission>
            <ambient>
              <color sid="ambient">0.000000  0.000000 0.000000 1.000000</color>
            </ambient>
            <diffuse>
              <texture texture="LETRAS" texcoord="TEXCOORD0"/>
            </diffuse>
            <specular>
              <color sid="specular">0.800000  0.800000 0.800000 1.000000</color>
            </specular>
            <shininess>
              <float sid="shininess">256.000000</float>
            </shininess>
            <transparency>
              <float sid="transparency">0.000000</float>
            </transparency>
          </phong>
        </technique>
      </profile_COMMON>
    </effect>
  </library_effects>
  <library_geometries>
    <geometry id="MUSEO_JUMEX_1-lib" name="MUSEO_JUMEX_1Mesh">
      <mesh>
        <source id="MUSEO_JUMEX_1-POSITION">
          <float_array id="MUSEO_JUMEX_1-POSITION-array" count="546">
0.957187 9.849121 0.000000
2.772541 7.789519 0.000000
0.957187 0.171633 0.000000
3.881557 9.849121 0.000000
4.686914 0.171633 0.000000
5.637500 3.247833 0.000000
6.568281 0.171633 0.000000
7.373638 9.849121 0.000000
8.489256 7.789519 0.000000
10.304610 9.849121 0.000000
8.489256 0.171633 0.000000
10.304610 0.171633 0.000000
2.772541 0.171633 0.000000
2.772541 7.789519 0.000000
0.957187 0.171633 0.000000
2.772541 0.171633 0.000000
10.304610 0.171633 0.000000
10.304610 9.849121 0.000000
8.489256 0.171633 0.000000
8.489256 7.789519 0.000000
7.373638 9.849121 0.000000
6.568281 0.171633 0.000000
5.637500 3.247833 0.000000
4.686914 0.171633 0.000000
3.881557 9.849121 0.000000
0.957187 9.849121 0.000000
0.957187 0.171633 0.000000
0.957187 9.849121 0.000000
3.881557 9.849121 0.000000
5.637500 3.247833 0.000000
7.373638 9.849121 0.000000
10.304610 9.849121 0.000000
10.304610 0.171633 0.000000
8.489256 0.171633 0.000000
8.489256 7.789519 0.000000
6.568281 0.171633 0.000000
4.686914 0.171633 0.000000
2.772541 7.789519 0.000000
2.772541 0.171633 0.000000
0.957187 9.849121 1.181102
0.957187 0.171633 0.000000
0.957187 0.171633 1.181102
0.957187 9.849121 0.000000
0.957187 9.849121 0.000000
0.957187 9.849121 1.181102
0.957187 0.171633 0.000000
0.957187 0.171633 1.181102
0.957187 0.171633 1.181102
0.957187 9.849121 1.181102
0.957187 9.849121 1.181102
3.881557 9.849121 0.000000
0.957187 9.849121 0.000000
3.881557 9.849121 1.181102
3.881557 9.849121 1.181102
0.957187 9.849121 1.181102
3.881557 9.849121 0.000000
0.957187 9.849121 0.000000
3.881557 9.849121 1.181102
3.881557 9.849121 0.000000
5.637500 3.247833 1.181102
5.637500 3.247833 0.000000
3.881557 9.849121 1.181102
3.881557 9.849121 1.181102
3.881557 9.849121 0.000000
5.637500 3.247833 1.181102
5.637500 3.247833 0.000000
5.637500 3.247833 1.181102
7.373638 9.849121 1.181102
5.637500 3.247833 0.000000
5.637500 3.247833 1.181102
7.373638 9.849121 0.000000
7.373638 9.849121 0.000000
7.373638 9.849121 1.181102
5.637500 3.247833 0.000000
5.637500 3.247833 1.181102
7.373638 9.849121 1.181102
7.373638 9.849121 1.181102
10.304610 9.849121 0.000000
7.373638 9.849121 0.000000
10.304610 9.849121 1.181102
10.304610 9.849121 1.181102
7.373638 9.849121 1.181102
10.304610 9.849121 0.000000
7.373638 9.849121 0.000000
10.304610 9.849121 1.181102
10.304610 9.849121 0.000000
10.304610 0.171633 1.181102
10.304610 0.171633 0.000000
10.304610 9.849121 1.181102
10.304610 9.849121 1.181102
10.304610 9.849121 0.000000
10.304610 0.171633 1.181102
10.304610 0.171633 0.000000
10.304610 0.171633 1.181102
10.304610 0.171633 1.181102
8.489256 0.171633 0.000000
10.304610 0.171633 0.000000
8.489256 0.171633 1.181102
8.489256 0.171633 1.181102
10.304610 0.171633 1.181102
8.489256 0.171633 0.000000
10.304610 0.171633 0.000000
8.489256 0.171633 1.181102
8.489256 7.789519 1.181102
8.489256 0.171633 0.000000
8.489256 0.171633 1.181102
8.489256 7.789519 0.000000
8.489256 7.789519 0.000000
8.489256 7.789519 1.181102
8.489256 0.171633 0.000000
8.489256 0.171633 1.181102
8.489256 7.789519 1.181102
8.489256 7.789519 0.000000
6.568281 0.171633 1.181102
6.568281 0.171633 0.000000
8.489256 7.789519 1.181102
8.489256 7.789519 1.181102
8.489256 7.789519 0.000000
6.568281 0.171633 1.181102
6.568281 0.171633 0.000000
6.568281 0.171633 1.181102
6.568281 0.171633 1.181102
4.686914 0.171633 0.000000
6.568281 0.171633 0.000000
4.686914 0.171633 1.181102
4.686914 0.171633 1.181102
6.568281 0.171633 1.181102
4.686914 0.171633 0.000000
6.568281 0.171633 0.000000
4.686914 0.171633 1.181102
2.772541 7.789519 1.181102
4.686914 0.171633 0.000000
4.686914 0.171633 1.181102
2.772541 7.789519 0.000000
2.772541 7.789519 0.000000
2.772541 7.789519 1.181102
4.686914 0.171633 0.000000
4.686914 0.171633 1.181102
2.772541 7.789519 1.181102
2.772541 7.789519 0.000000
2.772541 0.171633 1.181102
2.772541 0.171633 0.000000
2.772541 7.789519 1.181102
2.772541 7.789519 1.181102
2.772541 7.789519 0.000000
2.772541 0.171633 1.181102
2.772541 0.171633 0.000000
2.772541 0.171633 1.181102
2.772541 0.171633 1.181102
0.957187 0.171633 0.000000
2.772541 0.171633 0.000000
0.957187 0.171633 1.181102
0.957187 0.171633 1.181102
2.772541 0.171633 1.181102
0.957187 0.171633 0.000000
2.772541 0.171633 0.000000
10.304610 0.171633 1.181102
8.489256 7.789519 1.181102
8.489256 0.171633 1.181102
2.772541 0.171633 1.181102
0.957187 9.849121 1.181102
0.957187 0.171633 1.181102
2.772541 7.789519 1.181102
3.881557 9.849121 1.181102
4.686914 0.171633 1.181102
5.637500 3.247833 1.181102
6.568281 0.171633 1.181102
7.373638 9.849121 1.181102
10.304610 9.849121 1.181102
10.304610 0.171633 1.181102
8.489256 7.789519 1.181102
10.304610 9.849121 1.181102
7.373638 9.849121 1.181102
6.568281 0.171633 1.181102
5.637500 3.247833 1.181102
4.686914 0.171633 1.181102
3.881557 9.849121 1.181102
2.772541 7.789519 1.181102
0.957187 9.849121 1.181102
2.772541 0.171633 1.181102
0.957187 0.171633 1.181102
8.489256 0.171633 1.181102
</float_array>
          <technique_common>
            <accessor source="#MUSEO_JUMEX_1-POSITION-array" count="182" stride="3">
              <param name="X" type="float"/>
              <param name="Y" type="float"/>
              <param name="Z" type="float"/>
            </accessor>
          </technique_common>
        </source>
        <source id="MUSEO_JUMEX_1-Normal0">
          <float_array id="MUSEO_JUMEX_1-Normal0-array" count="864">
0.000000 0.000000 -1.000000
0.000000 0.000000 -1.000000
0.000000 0.000000 -1.000000
0.000000 0.000000 -1.000000
0.000000 0.000000 -1.000000
0.000000 0.000000 -1.000000
0.000000 0.000000 -1.000000
0.000000 0.000000 -1.000000
0.000000 0.000000 -1.000000
0.000000 0.000000 -1.000000
0.000000 0.000000 -1.000000
0.000000 0.000000 -1.000000
0.000000 0.000000 -1.000000
0.000000 0.000000 -1.000000
0.000000 0.000000 -1.000000
0.000000 0.000000 -1.000000
0.000000 0.000000 -1.000000
0.000000 0.000000 -1.000000
0.000000 0.000000 -1.000000
0.000000 0.000000 -1.000000
0.000000 0.000000 -1.000000
0.000000 0.000000 -1.000000
0.000000 0.000000 -1.000000
0.000000 0.000000 -1.000000
0.000000 0.000000 -1.000000
0.000000 0.000000 -1.000000
0.000000 0.000000 -1.000000
0.000000 0.000000 -1.000000
0.000000 0.000000 -1.000000
0.000000 0.000000 -1.000000
0.000000 0.000000 -1.000000
0.000000 0.000000 -1.000000
0.000000 0.000000 -1.000000
-0.000000 0.000000 1.000000
-0.000000 0.000000 1.000000
-0.000000 0.000000 1.000000
-0.000000 0.000000 1.000000
-0.000000 0.000000 1.000000
-0.000000 0.000000 1.000000
-0.000000 0.000000 1.000000
-0.000000 0.000000 1.000000
-0.000000 0.000000 1.000000
-0.000000 0.000000 1.000000
-0.000000 0.000000 1.000000
-0.000000 0.000000 1.000000
-0.000000 0.000000 1.000000
-0.000000 0.000000 1.000000
-0.000000 0.000000 1.000000
-0.000000 0.000000 1.000000
-0.000000 0.000000 1.000000
-0.000000 0.000000 1.000000
-0.000000 0.000000 1.000000
-0.000000 0.000000 1.000000
-0.000000 0.000000 1.000000
-0.000000 0.000000 1.000000
-0.000000 0.000000 1.000000
-0.000000 0.000000 1.000000
-0.000000 0.000000 1.000000
-0.000000 0.000000 1.000000
-0.000000 0.000000 1.000000
-0.000000 0.000000 1.000000
-0.000000 0.000000 1.000000
-0.000000 0.000000 1.000000
-0.000000 0.000000 1.000000
-0.000000 0.000000 1.000000
-0.000000 0.000000 1.000000
-1.000000 0.000000 -0.000000
-1.000000 0.000000 -0.000000
-1.000000 0.000000 -0.000000
-1.000000 0.000000 -0.000000
-1.000000 0.000000 -0.000000
-1.000000 0.000000 -0.000000
1.000000 0.000000 0.000000
1.000000 0.000000 0.000000
1.000000 0.000000 0.000000
1.000000 0.000000 0.000000
1.000000 0.000000 0.000000
1.000000 0.000000 0.000000
0.000000 1.000000 0.000000
0.000000 1.000000 0.000000
0.000000 1.000000 0.000000
0.000000 1.000000 0.000000
0.000000 1.000000 0.000000
0.000000 1.000000 0.000000
-0.000000 -1.000000 0.000000
-0.000000 -1.000000 0.000000
-0.000000 -1.000000 0.000000
-0.000000 -1.000000 0.000000
-0.000000 -1.000000 0.000000
-0.000000 -1.000000 0.000000
0.966395 0.257061 -0.000000
0.966395 0.257061 -0.000000
0.966395 0.257061 -0.000000
0.966395 0.257061 -0.000000
0.966395 0.257061 -0.000000
0.966395 0.257061 -0.000000
-0.966395 -0.257061 0.000000
-0.966395 -0.257061 0.000000
-0.966395 -0.257061 0.000000
-0.966395 -0.257061 0.000000
-0.966395 -0.257061 0.000000
-0.966395 -0.257061 0.000000
-0.967112 0.254351 0.000000
-0.967112 0.254351 0.000000
-0.967112 0.254351 0.000000
-0.967112 0.254351 0.000000
-0.967112 0.254351 0.000000
-0.967112 0.254351 0.000000
0.967112 -0.254351 -0.000000
0.967112 -0.254351 -0.000000
0.967112 -0.254351 -0.000000
0.967112 -0.254351 -0.000000
0.967112 -0.254351 -0.000000
0.967112 -0.254351 -0.000000
0.000000 1.000000 0.000000
0.000000 1.000000 0.000000
0.000000 1.000000 0.000000
0.000000 1.000000 0.000000
0.000000 1.000000 0.000000
0.000000 1.000000 0.000000
-0.000000 -1.000000 0.000000
-0.000000 -1.000000 0.000000
-0.000000 -1.000000 0.000000
-0.000000 -1.000000 0.000000
-0.000000 -1.000000 0.000000
-0.000000 -1.000000 0.000000
1.000000 0.000000 0.000000
1.000000 0.000000 0.000000
1.000000 0.000000 0.000000
1.000000 0.000000 0.000000
1.000000 0.000000 0.000000
1.000000 0.000000 0.000000
-1.000000 0.000000 -0.000000
-1.000000 0.000000 -0.000000
-1.000000 0.000000 -0.000000
-1.000000 0.000000 -0.000000
-1.000000 0.000000 -0.000000
-1.000000 0.000000 -0.000000
-0.000000 -1.000000 0.000000
-0.000000 -1.000000 0.000000
-0.000000 -1.000000 0.000000
-0.000000 -1.000000 0.000000
-0.000000 -1.000000 0.000000
-0.000000 -1.000000 0.000000
0.000000 1.000000 0.000000
0.000000 1.000000 0.000000
0.000000 1.000000 0.000000
0.000000 1.000000 0.000000
0.000000 1.000000 0.000000
0.000000 1.000000 0.000000
-1.000000 0.000000 -0.000000
-1.000000 0.000000 -0.000000
-1.000000 0.000000 -0.000000
-1.000000 0.000000 -0.000000
-1.000000 0.000000 -0.000000
-1.000000 0.000000 -0.000000
1.000000 0.000000 0.000000
1.000000 0.000000 0.000000
1.000000 0.000000 0.000000
1.000000 0.000000 0.000000
1.000000 0.000000 0.000000
1.000000 0.000000 0.000000
0.969646 -0.244512 0.000000
0.969646 -0.244512 0.000000
0.969646 -0.244512 0.000000
0.969646 -0.244512 0.000000
0.969646 -0.244512 0.000000
0.969646 -0.244512 0.000000
-0.969646 0.244512 -0.000000
-0.969646 0.244512 -0.000000
-0.969646 0.244512 -0.000000
-0.969646 0.244512 -0.000000
-0.969646 0.244512 -0.000000
-0.969646 0.244512 -0.000000
-0.000000 -1.000000 0.000000
-0.000000 -1.000000 0.000000
-0.000000 -1.000000 0.000000
-0.000000 -1.000000 0.000000
-0.000000 -1.000000 0.000000
-0.000000 -1.000000 0.000000
0.000000 1.000000 0.000000
0.000000 1.000000 0.000000
0.000000 1.000000 0.000000
0.000000 1.000000 0.000000
0.000000 1.000000 0.000000
0.000000 1.000000 0.000000
-0.969845 -0.243722 0.000000
-0.969845 -0.243722 0.000000
-0.969845 -0.243722 0.000000
-0.969845 -0.243722 0.000000
-0.969845 -0.243722 0.000000
-0.969845 -0.243722 0.000000
0.969845 0.243722 0.000000
0.969845 0.243722 0.000000
0.969845 0.243722 0.000000
0.969845 0.243722 0.000000
0.969845 0.243722 0.000000
0.969845 0.243722 0.000000
1.000000 0.000000 0.000000
1.000000 0.000000 0.000000
1.000000 0.000000 0.000000
1.000000 0.000000 0.000000
1.000000 0.000000 0.000000
1.000000 0.000000 0.000000
-1.000000 0.000000 -0.000000
-1.000000 0.000000 -0.000000
-1.000000 0.000000 -0.000000
-1.000000 0.000000 -0.000000
-1.000000 0.000000 -0.000000
-1.000000 0.000000 -0.000000
-0.000000 -1.000000 0.000000
-0.000000 -1.000000 0.000000
-0.000000 -1.000000 0.000000
-0.000000 -1.000000 0.000000
-0.000000 -1.000000 0.000000
-0.000000 -1.000000 0.000000
0.000000 1.000000 0.000000
0.000000 1.000000 0.000000
0.000000 1.000000 0.000000
0.000000 1.000000 0.000000
0.000000 1.000000 0.000000
0.000000 1.000000 0.000000
-0.000000 0.000000 1.000000
-0.000000 0.000000 1.000000
-0.000000 0.000000 1.000000
-0.000000 0.000000 1.000000
-0.000000 0.000000 1.000000
-0.000000 0.000000 1.000000
-0.000000 0.000000 1.000000
-0.000000 0.000000 1.000000
-0.000000 0.000000 1.000000
-0.000000 0.000000 1.000000
-0.000000 0.000000 1.000000
-0.000000 0.000000 1.000000
-0.000000 0.000000 1.000000
-0.000000 0.000000 1.000000
-0.000000 0.000000 1.000000
-0.000000 0.000000 1.000000
-0.000000 0.000000 1.000000
-0.000000 0.000000 1.000000
-0.000000 0.000000 1.000000
-0.000000 0.000000 1.000000
-0.000000 0.000000 1.000000
-0.000000 0.000000 1.000000
-0.000000 0.000000 1.000000
-0.000000 0.000000 1.000000
-0.000000 0.000000 1.000000
-0.000000 0.000000 1.000000
-0.000000 0.000000 1.000000
-0.000000 0.000000 1.000000
-0.000000 0.000000 1.000000
-0.000000 0.000000 1.000000
-0.000000 0.000000 1.000000
-0.000000 0.000000 1.000000
-0.000000 0.000000 1.000000
0.000000 0.000000 -1.000000
0.000000 0.000000 -1.000000
0.000000 0.000000 -1.000000
0.000000 0.000000 -1.000000
0.000000 0.000000 -1.000000
0.000000 0.000000 -1.000000
0.000000 0.000000 -1.000000
0.000000 0.000000 -1.000000
0.000000 0.000000 -1.000000
0.000000 0.000000 -1.000000
0.000000 0.000000 -1.000000
0.000000 0.000000 -1.000000
0.000000 0.000000 -1.000000
0.000000 0.000000 -1.000000
0.000000 0.000000 -1.000000
0.000000 0.000000 -1.000000
0.000000 0.000000 -1.000000
0.000000 0.000000 -1.000000
0.000000 0.000000 -1.000000
0.000000 0.000000 -1.000000
0.000000 0.000000 -1.000000
0.000000 0.000000 -1.000000
0.000000 0.000000 -1.000000
0.000000 0.000000 -1.000000
0.000000 0.000000 -1.000000
0.000000 0.000000 -1.000000
0.000000 0.000000 -1.000000
0.000000 0.000000 -1.000000
0.000000 0.000000 -1.000000
0.000000 0.000000 -1.000000
0.000000 0.000000 -1.000000
0.000000 0.000000 -1.000000
0.000000 0.000000 -1.000000
</float_array>
          <technique_common>
            <accessor source="#MUSEO_JUMEX_1-Normal0-array" count="288" stride="3">
              <param name="X" type="float"/>
              <param name="Y" type="float"/>
              <param name="Z" type="float"/>
            </accessor>
          </technique_common>
        </source>
        <vertices id="MUSEO_JUMEX_1-VERTEX">
          <input semantic="POSITION" source="#MUSEO_JUMEX_1-POSITION"/>
        </vertices>
        <triangles count="96" material="MaterialFBXASC032FBXASC0352">
          <input semantic="VERTEX" offset="0" source="#MUSEO_JUMEX_1-VERTEX"/>
          <input semantic="NORMAL" offset="1" source="#MUSEO_JUMEX_1-Normal0"/>
          <p> 0 0 1 1 2 2 1 3 0 4 3 5 1 6 3 7 4 8 4 9 3 10 5 11 4 12 5 13 6 14 6 15 5 16 7 17 6 18 7 19 8 20 8 21 7 22 9 23 8 24 9 25 10 26 10 27 9 28 11 29 12 30 2 31 1 32 13 33 14 34 15 35 16 36 17 37 18 38 18 39 17 40 19 41 17 42 20 43 19 44 19 45 20 46 21 47 20 48 22 49 21 50 21 51 22 52 23 53 22 54 24 55 23 56 23 57 24 58 13 59 24 60 25 61 13 62 14 63 13 64 25 65 39 66 40 67 41 68 40 69 39 70 42 71 43 72 44 73 45 74 46 75 45 76 44 77 49 78 50 79 51 80 50 81 49 82 52 83 53 84 54 85 55 86 56 87 55 88 54 89 58 90 59 91 60 92 59 93 58 94 61 95 62 96 63 97 64 98 65 99 64 100 63 101 67 102 68 103 69 104 68 105 67 106 70 107 71 108 72 109 73 110 74 111 73 112 72 113 76 114 77 115 78 116 77 117 76 118 79 119 80 120 81 121 82 122 83 123 82 124 81 125 85 126 86 127 87 128 86 129 85 130 88 131 89 132 90 133 91 134 92 135 91 136 90 137 94 138 95 139 96 140 95 141 94 142 97 143 98 144 99 145 100 146 101 147 100 148 99 149 103 150 104 151 105 152 104 153 103 154 106 155 107 156 108 157 109 158 110 159 109 160 108 161 112 162 113 163 114 164 113 165 112 166 115 167 116 168 117 169 118 170 119 171 118 172 117 173 121 174 122 175 123 176 122 177 121 178 124 179 125 180 126 181 127 182 128 183 127 184 126 185 130 186 131 187 132 188 131 189 130 190 133 191 134 192 135 193 136 194 137 195 136 196 135 197 139 198 140 199 141 200 140 201 139 202 142 203 143 204 144 205 145 206 146 207 145 208 144 209 148 210 149 211 150 212 149 213 148 214 151 215 152 216 153 217 154 218 155 219 154 220 153 221 156 222 157 223 158 224 159 225 160 226 161 227 160 228 159 229 162 230 160 231 162 232 163 233 163 234 162 235 164 236 163 237 164 238 165 239 165 240 164 241 166 242 165 243 166 244 167 245 167 246 166 247 157 248 167 249 157 250 168 251 168 252 157 253 156 254 169 255 170 256 171 257 171 258 170 259 172 260 170 261 173 262 172 263 172 264 173 265 174 266 173 267 175 268 174 269 174 270 175 271 176 272 175 273 177 274 176 275 176 276 177 277 178 278 177 279 179 280 178 281 180 282 178 283 179 284 181 285 170 286 169 287</p>
        </triangles>
      </mesh>
    </geometry>
    <geometry id="ID2422-lib" name="ID2422Mesh">
      <mesh>
        <source id="ID2422-POSITION">
          <float_array id="ID2422-POSITION-array" count="1008">
19.949089 9.849121 0.000000
17.995110 4.495477 0.000000
17.995110 9.849121 0.000000
18.067720 0.300359 0.000000
18.708870 0.644451 0.000000
19.206450 1.089212 0.000000
19.565390 1.640420 0.000000
19.790661 2.303849 0.000000
19.909479 3.279190 0.000000
19.949089 4.766130 0.000000
14.186170 9.849121 0.000000
12.232190 4.686914 0.000000
12.232190 9.849121 0.000000
12.280050 3.261036 0.000000
12.423620 2.231235 0.000000
12.626610 1.682503 0.000000
12.971530 1.158526 0.000000
13.462500 0.694785 0.000000
14.103650 0.326764 0.000000
14.186170 4.607699 0.000000
14.258780 2.990383 0.000000
14.987400 0.086642 0.000000
14.470850 2.454854 0.000000
14.856200 2.036497 0.000000
15.414830 1.766670 0.000000
16.206160 0.006601 0.000000
16.146749 1.676727 0.000000
16.876190 1.761719 0.000000
17.245859 0.080041 0.000000
17.400990 2.016693 0.000000
17.739309 2.395442 0.000000
17.909290 2.851756 0.000000
17.995110 4.495477 0.000000
17.909290 2.851756 0.000000
18.067720 0.300359 0.000000
17.739309 2.395442 0.000000
17.400990 2.016693 0.000000
17.245859 0.080041 0.000000
16.876190 1.761719 0.000000
16.206160 0.006601 0.000000
16.146749 1.676727 0.000000
15.414830 1.766670 0.000000
14.987400 0.086642 0.000000
14.856200 2.036497 0.000000
14.470850 2.454854 0.000000
14.258780 2.990383 0.000000
14.103650 0.326764 0.000000
14.186170 4.607699 0.000000
14.186170 9.849121 0.000000
13.462500 0.694785 0.000000
12.971530 1.158526 0.000000
12.626610 1.682503 0.000000
12.423620 2.231235 0.000000
12.280050 3.261036 0.000000
12.232190 4.686914 0.000000
12.232190 9.849121 0.000000
19.949089 4.766130 0.000000
19.949089 9.849121 0.000000
19.909479 3.279190 0.000000
19.790661 2.303849 0.000000
19.565390 1.640420 0.000000
19.206450 1.089212 0.000000
18.708870 0.644451 0.000000
17.995110 9.849121 0.000000
12.232190 9.849121 0.000000
14.186170 9.849121 0.000000
14.186170 4.607699 0.000000
14.258780 2.990383 0.000000
14.470850 2.454854 0.000000
14.856200 2.036497 0.000000
15.414830 1.766670 0.000000
16.146749 1.676727 0.000000
16.876190 1.761719 0.000000
17.400990 2.016693 0.000000
17.739309 2.395442 0.000000
17.909290 2.851756 0.000000
17.995110 4.495477 0.000000
17.995110 9.849121 0.000000
19.949089 9.849121 0.000000
19.949089 4.766130 0.000000
19.909479 3.279190 0.000000
19.790661 2.303849 0.000000
19.565390 1.640420 0.000000
19.206450 1.089212 0.000000
18.708870 0.644451 0.000000
18.067720 0.300359 0.000000
17.245859 0.080041 0.000000
16.206160 0.006601 0.000000
14.987400 0.086642 0.000000
14.103650 0.326764 0.000000
13.462500 0.694785 0.000000
12.971530 1.158526 0.000000
12.626610 1.682503 0.000000
12.423620 2.231235 0.000000
12.280050 3.261036 0.000000
12.232190 4.686914 0.000000
12.232190 9.849121 1.181102
14.186170 9.849121 0.000000
12.232190 9.849121 0.000000
14.186170 9.849121 1.181102
14.186170 9.849121 1.181102
12.232190 9.849121 1.181102
14.186170 9.849121 0.000000
12.232190 9.849121 0.000000
12.232190 9.849121 1.181102
14.186170 9.849121 1.181102
14.186170 9.849121 0.000000
14.186170 4.607699 1.181102
14.186170 4.607699 0.000000
14.186170 9.849121 1.181102
14.186170 9.849121 1.181102
14.186170 9.849121 0.000000
14.186170 4.607699 1.181102
14.186170 4.607699 0.000000
14.186170 4.607699 1.181102
14.258780 2.990383 1.181102
14.258780 2.990383 0.000000
14.258780 2.990383 1.181102
14.258780 2.990383 0.000000
14.258780 2.990383 1.181102
14.470850 2.454854 1.181102
14.470850 2.454854 0.000000
14.470850 2.454854 1.181102
14.470850 2.454854 0.000000
14.470850 2.454854 1.181102
14.856200 2.036497 1.181102
14.856200 2.036497 0.000000
14.856200 2.036497 1.181102
14.856200 2.036497 0.000000
14.856200 2.036497 1.181102
15.414830 1.766670 0.000000
15.414830 1.766670 1.181102
15.414830 1.766670 1.181102
15.414830 1.766670 0.000000
15.414830 1.766670 1.181102
16.146749 1.676727 0.000000
16.146749 1.676727 1.181102
16.146749 1.676727 1.181102
16.146749 1.676727 0.000000
16.146749 1.676727 1.181102
16.876190 1.761719 0.000000
16.876190 1.761719 1.181102
16.876190 1.761719 1.181102
16.876190 1.761719 0.000000
16.876190 1.761719 1.181102
17.400990 2.016693 0.000000
17.400990 2.016693 1.181102
17.400990 2.016693 1.181102
17.400990 2.016693 0.000000
17.400990 2.016693 1.181102
17.739309 2.395442 1.181102
17.739309 2.395442 0.000000
17.739309 2.395442 0.000000
17.739309 2.395442 1.181102
17.739309 2.395442 1.181102
17.909290 2.851756 1.181102
17.909290 2.851756 0.000000
17.909290 2.851756 0.000000
17.909290 2.851756 1.181102
17.909290 2.851756 1.181102
17.995110 4.495477 1.181102
17.995110 4.495477 0.000000
17.995110 4.495477 0.000000
17.995110 4.495477 1.181102
17.995110 4.495477 1.181102
17.995110 9.849121 1.181102
17.995110 9.849121 0.000000
17.995110 9.849121 0.000000
17.995110 9.849121 1.181102
17.995110 9.849121 1.181102
17.995110 9.849121 1.181102
19.949089 9.849121 0.000000
17.995110 9.849121 0.000000
19.949089 9.849121 1.181102
19.949089 9.849121 1.181102
17.995110 9.849121 1.181102
19.949089 9.849121 0.000000
17.995110 9.849121 0.000000
19.949089 9.849121 1.181102
19.949089 9.849121 0.000000
19.949089 4.766130 1.181102
19.949089 4.766130 0.000000
19.949089 9.849121 1.181102
19.949089 9.849121 1.181102
19.949089 9.849121 0.000000
19.949089 4.766130 1.181102
19.949089 4.766130 0.000000
19.949089 4.766130 1.181102
19.909479 3.279190 1.181102
19.909479 3.279190 0.000000
19.909479 3.279190 1.181102
19.909479 3.279190 0.000000
19.909479 3.279190 1.181102
19.790661 2.303849 1.181102
19.790661 2.303849 0.000000
19.790661 2.303849 1.181102
19.790661 2.303849 0.000000
19.790661 2.303849 1.181102
19.565390 1.640420 1.181102
19.565390 1.640420 0.000000
19.565390 1.640420 1.181102
19.565390 1.640420 0.000000
19.565390 1.640420 1.181102
19.206450 1.089212 1.181102
19.206450 1.089212 0.000000
19.206450 1.089212 1.181102
19.206450 1.089212 0.000000
19.206450 1.089212 1.181102
18.708870 0.644451 0.000000
18.708870 0.644451 1.181102
18.708870 0.644451 1.181102
18.708870 0.644451 0.000000
18.708870 0.644451 1.181102
18.067720 0.300359 0.000000
18.067720 0.300359 1.181102
18.067720 0.300359 1.181102
18.067720 0.300359 0.000000
18.067720 0.300359 1.181102
17.245859 0.080041 0.000000
17.245859 0.080041 1.181102
17.245859 0.080041 1.181102
17.245859 0.080041 0.000000
17.245859 0.080041 1.181102
16.206160 0.006601 0.000000
16.206160 0.006601 1.181102
16.206160 0.006601 1.181102
16.206160 0.006601 0.000000
16.206160 0.006601 1.181102
14.987400 0.086642 0.000000
14.987400 0.086642 1.181102
14.987400 0.086642 1.181102
14.987400 0.086642 0.000000
14.987400 0.086642 1.181102
14.103650 0.326764 0.000000
14.103650 0.326764 1.181102
14.103650 0.326764 1.181102
14.103650 0.326764 0.000000
14.103650 0.326764 1.181102
13.462500 0.694785 0.000000
13.462500 0.694785 1.181102
13.462500 0.694785 1.181102
13.462500 0.694785 0.000000
13.462500 0.694785 1.181102
12.971530 1.158526 0.000000
12.971530 1.158526 1.181102
12.971530 1.158526 1.181102
12.971530 1.158526 0.000000
12.971530 1.158526 1.181102
12.626610 1.682503 1.181102
12.626610 1.682503 0.000000
12.626610 1.682503 0.000000
12.626610 1.682503 1.181102
12.626610 1.682503 1.181102
12.423620 2.231235 1.181102
12.423620 2.231235 0.000000
12.423620 2.231235 0.000000
12.423620 2.231235 1.181102
12.423620 2.231235 1.181102
12.280050 3.261036 1.181102
12.280050 3.261036 0.000000
12.280050 3.261036 0.000000
12.280050 3.261036 1.181102
12.280050 3.261036 1.181102
12.232190 4.686914 1.181102
12.232190 4.686914 0.000000
12.232190 4.686914 0.000000
12.232190 4.686914 1.181102
12.232190 4.686914 1.181102
12.232190 9.849121 0.000000
12.232190 9.849121 1.181102
12.232190 9.849121 1.181102
12.232190 9.849121 0.000000
14.103650 0.326764 1.181102
14.258780 2.990383 1.181102
14.186170 4.607699 1.181102
14.987400 0.086642 1.181102
14.470850 2.454854 1.181102
14.856200 2.036497 1.181102
15.414830 1.766670 1.181102
16.206160 0.006601 1.181102
16.146749 1.676727 1.181102
16.876190 1.761719 1.181102
17.245859 0.080041 1.181102
17.400990 2.016693 1.181102
18.067720 0.300359 1.181102
17.739309 2.395442 1.181102
17.909290 2.851756 1.181102
17.995110 4.495477 1.181102
17.995110 9.849121 1.181102
19.949089 9.849121 1.181102
18.708870 0.644451 1.181102
19.206450 1.089212 1.181102
19.565390 1.640420 1.181102
19.790661 2.303849 1.181102
19.909479 3.279190 1.181102
19.949089 4.766130 1.181102
12.280050 3.261036 1.181102
12.232190 9.849121 1.181102
12.232190 4.686914 1.181102
14.186170 9.849121 1.181102
12.423620 2.231235 1.181102
12.626610 1.682503 1.181102
12.971530 1.158526 1.181102
13.462500 0.694785 1.181102
14.186170 4.607699 1.181102
14.103650 0.326764 1.181102
14.186170 9.849121 1.181102
13.462500 0.694785 1.181102
12.971530 1.158526 1.181102
12.626610 1.682503 1.181102
12.423620 2.231235 1.181102
12.280050 3.261036 1.181102
12.232190 9.849121 1.181102
12.232190 4.686914 1.181102
19.949089 4.766130 1.181102
19.909479 3.279190 1.181102
19.949089 9.849121 1.181102
19.790661 2.303849 1.181102
19.565390 1.640420 1.181102
19.206450 1.089212 1.181102
18.708870 0.644451 1.181102
18.067720 0.300359 1.181102
17.995110 9.849121 1.181102
17.995110 4.495477 1.181102
17.909290 2.851756 1.181102
17.739309 2.395442 1.181102
17.400990 2.016693 1.181102
17.245859 0.080041 1.181102
16.876190 1.761719 1.181102
16.206160 0.006601 1.181102
16.146749 1.676727 1.181102
15.414830 1.766670 1.181102
14.987400 0.086642 1.181102
14.856200 2.036497 1.181102
14.470850 2.454854 1.181102
14.258780 2.990383 1.181102
</float_array>
          <technique_common>
            <accessor source="#ID2422-POSITION-array" count="336" stride="3">
              <param name="X" type="float"/>
              <param name="Y" type="float"/>
              <param name="Z" type="float"/>
            </accessor>
          </technique_common>
        </source>
        <source id="ID2422-Normal0">
          <float_array id="ID2422-Normal0-array" count="2232">
0.000000 0.000000 -1.000000
0.000000 0.000000 -1.000000
0.000000 0.000000 -1.000000
0.000000 0.000000 -1.000000
0.000000 0.000000 -1.000000
0.000000 0.000000 -1.000000
0.000000 0.000000 -1.000000
0.000000 0.000000 -1.000000
0.000000 0.000000 -1.000000
0.000000 0.000000 -1.000000
0.000000 0.000000 -1.000000
0.000000 0.000000 -1.000000
0.000000 0.000000 -1.000000
0.000000 0.000000 -1.000000
0.000000 0.000000 -1.000000
0.000000 0.000000 -1.000000
0.000000 0.000000 -1.000000
0.000000 0.000000 -1.000000
0.000000 0.000000 -1.000000
0.000000 0.000000 -1.000000
0.000000 0.000000 -1.000000
0.000000 0.000000 -1.000000
0.000000 0.000000 -1.000000
0.000000 0.000000 -1.000000
0.000000 0.000000 -1.000000
0.000000 0.000000 -1.000000
0.000000 0.000000 -1.000000
0.000000 0.000000 -1.000000
0.000000 0.000000 -1.000000
0.000000 0.000000 -1.000000
0.000000 0.000000 -1.000000
0.000000 0.000000 -1.000000
0.000000 0.000000 -1.000000
0.000000 0.000000 -1.000000
0.000000 0.000000 -1.000000
0.000000 0.000000 -1.000000
0.000000 0.000000 -1.000000
0.000000 0.000000 -1.000000
0.000000 0.000000 -1.000000
0.000000 0.000000 -1.000000
0.000000 0.000000 -1.000000
0.000000 0.000000 -1.000000
0.000000 0.000000 -1.000000
0.000000 0.000000 -1.000000
0.000000 0.000000 -1.000000
0.000000 0.000000 -1.000000
0.000000 0.000000 -1.000000
0.000000 0.000000 -1.000000
0.000000 0.000000 -1.000000
0.000000 0.000000 -1.000000
0.000000 0.000000 -1.000000
0.000000 0.000000 -1.000000
0.000000 0.000000 -1.000000
0.000000 0.000000 -1.000000
0.000000 0.000000 -1.000000
0.000000 0.000000 -1.000000
0.000000 0.000000 -1.000000
0.000000 0.000000 -1.000000
0.000000 0.000000 -1.000000
0.000000 0.000000 -1.000000
0.000000 0.000000 -1.000000
0.000000 0.000000 -1.000000
0.000000 0.000000 -1.000000
0.000000 0.000000 -1.000000
0.000000 0.000000 -1.000000
0.000000 0.000000 -1.000000
0.000000 0.000000 -1.000000
0.000000 0.000000 -1.000000
0.000000 0.000000 -1.000000
0.000000 0.000000 -1.000000
0.000000 0.000000 -1.000000
0.000000 0.000000 -1.000000
0.000000 0.000000 -1.000000
0.000000 0.000000 -1.000000
0.000000 0.000000 -1.000000
0.000000 0.000000 -1.000000
0.000000 0.000000 -1.000000
0.000000 0.000000 -1.000000
0.000000 0.000000 -1.000000
0.000000 0.000000 -1.000000
0.000000 0.000000 -1.000000
0.000000 0.000000 -1.000000
0.000000 0.000000 -1.000000
0.000000 0.000000 -1.000000
0.000000 0.000000 -1.000000
0.000000 0.000000 -1.000000
0.000000 0.000000 -1.000000
0.000000 0.000000 -1.000000
0.000000 0.000000 -1.000000
0.000000 0.000000 -1.000000
-0.000000 0.000000 1.000000
-0.000000 0.000000 1.000000
-0.000000 0.000000 1.000000
-0.000000 0.000000 1.000000
-0.000000 0.000000 1.000000
-0.000000 0.000000 1.000000
-0.000000 0.000000 1.000000
-0.000000 0.000000 1.000000
-0.000000 0.000000 1.000000
-0.000000 0.000000 1.000000
-0.000000 0.000000 1.000000
-0.000000 0.000000 1.000000
-0.000000 0.000000 1.000000
-0.000000 0.000000 1.000000
-0.000000 0.000000 1.000000
-0.000000 0.000000 1.000000
-0.000000 0.000000 1.000000
-0.000000 0.000000 1.000000
-0.000000 0.000000 1.000000
-0.000000 0.000000 1.000000
-0.000000 0.000000 1.000000
-0.000000 0.000000 1.000000
-0.000000 0.000000 1.000000
-0.000000 0.000000 1.000000
-0.000000 0.000000 1.000000
-0.000000 0.000000 1.000000
-0.000000 0.000000 1.000000
-0.000000 0.000000 1.000000
-0.000000 0.000000 1.000000
-0.000000 0.000000 1.000000
-0.000000 0.000000 1.000000
-0.000000 0.000000 1.000000
-0.000000 0.000000 1.000000
-0.000000 0.000000 1.000000
-0.000000 0.000000 1.000000
-0.000000 0.000000 1.000000
-0.000000 0.000000 1.000000
-0.000000 0.000000 1.000000
-0.000000 0.000000 1.000000
-0.000000 0.000000 1.000000
-0.000000 0.000000 1.000000
-0.000000 0.000000 1.000000
-0.000000 0.000000 1.000000
-0.000000 0.000000 1.000000
-0.000000 0.000000 1.000000
-0.000000 0.000000 1.000000
-0.000000 0.000000 1.000000
-0.000000 0.000000 1.000000
-0.000000 0.000000 1.000000
-0.000000 0.000000 1.000000
-0.000000 0.000000 1.000000
-0.000000 0.000000 1.000000
-0.000000 0.000000 1.000000
-0.000000 0.000000 1.000000
-0.000000 0.000000 1.000000
-0.000000 0.000000 1.000000
-0.000000 0.000000 1.000000
-0.000000 0.000000 1.000000
-0.000000 0.000000 1.000000
-0.000000 0.000000 1.000000
-0.000000 0.000000 1.000000
-0.000000 0.000000 1.000000
-0.000000 0.000000 1.000000
-0.000000 0.000000 1.000000
-0.000000 0.000000 1.000000
-0.000000 0.000000 1.000000
-0.000000 0.000000 1.000000
-0.000000 0.000000 1.000000
-0.000000 0.000000 1.000000
-0.000000 0.000000 1.000000
-0.000000 0.000000 1.000000
-0.000000 0.000000 1.000000
-0.000000 0.000000 1.000000
-0.000000 0.000000 1.000000
-0.000000 0.000000 1.000000
-0.000000 0.000000 1.000000
-0.000000 0.000000 1.000000
-0.000000 0.000000 1.000000
-0.000000 0.000000 1.000000
-0.000000 0.000000 1.000000
-0.000000 0.000000 1.000000
-0.000000 0.000000 1.000000
-0.000000 0.000000 1.000000
-0.000000 0.000000 1.000000
-0.000000 0.000000 1.000000
-0.000000 0.000000 1.000000
-0.000000 0.000000 1.000000
-0.000000 0.000000 1.000000
-0.000000 0.000000 1.000000
-0.000000 0.000000 1.000000
0.000000 1.000000 0.000000
0.000000 1.000000 0.000000
0.000000 1.000000 0.000000
0.000000 1.000000 0.000000
0.000000 1.000000 0.000000
0.000000 1.000000 0.000000
-0.000000 -1.000000 0.000000
-0.000000 -1.000000 0.000000
-0.000000 -1.000000 0.000000
-0.000000 -1.000000 0.000000
-0.000000 -1.000000 0.000000
-0.000000 -1.000000 0.000000
1.000000 0.000000 0.000000
0.999748 0.022432 0.000000
0.999748 0.022432 0.000000
0.999748 0.022432 0.000000
1.000000 0.000000 0.000000
1.000000 0.000000 0.000000
-1.000000 0.000000 -0.000000
-1.000000 0.000000 -0.000000
-0.999748 -0.022432 -0.000000
-0.999748 -0.022432 -0.000000
-0.999748 -0.022432 -0.000000
-1.000000 0.000000 -0.000000
0.999748 0.022432 0.000000
0.977831 0.209397 0.000000
0.977831 0.209397 0.000000
0.977831 0.209397 0.000000
0.999748 0.022432 0.000000
0.999748 0.022432 0.000000
-0.999748 -0.022432 -0.000000
-0.999748 -0.022432 -0.000000
-0.977831 -0.209397 -0.000000
-0.977831 -0.209397 -0.000000
-0.977831 -0.209397 -0.000000
-0.999748 -0.022432 -0.000000
0.977831 0.209397 0.000000
0.846883 0.531780 -0.000000
0.846883 0.531780 -0.000000
0.846883 0.531780 -0.000000
0.977831 0.209397 0.000000
0.977831 0.209397 0.000000
-0.977831 -0.209397 -0.000000
-0.977831 -0.209397 -0.000000
-0.846883 -0.531780 0.000000
-0.846883 -0.531780 0.000000
-0.846883 -0.531780 0.000000
-0.977831 -0.209397 -0.000000
0.846883 0.531780 -0.000000
0.595754 0.803167 -0.000000
0.595754 0.803167 -0.000000
0.595754 0.803167 -0.000000
0.846883 0.531780 -0.000000
0.846883 0.531780 -0.000000
-0.846883 -0.531780 0.000000
-0.846883 -0.531780 0.000000
-0.595754 -0.803167 0.000000
-0.595754 -0.803167 0.000000
-0.595754 -0.803167 0.000000
-0.846883 -0.531780 0.000000
0.595754 0.803167 -0.000000
0.282232 0.959346 -0.000000
0.595754 0.803167 -0.000000
0.282232 0.959346 -0.000000
0.595754 0.803167 -0.000000
0.282232 0.959346 -0.000000
-0.282232 -0.959346 0.000000
-0.595754 -0.803167 0.000000
-0.282232 -0.959346 0.000000
-0.595754 -0.803167 0.000000
-0.282232 -0.959346 0.000000
-0.595754 -0.803167 0.000000
0.282232 0.959346 -0.000000
0.003140 0.999995 -0.000000
0.282232 0.959346 -0.000000
0.003140 0.999995 -0.000000
0.282232 0.959346 -0.000000
0.003140 0.999995 -0.000000
-0.003140 -0.999995 0.000000
-0.282232 -0.959346 0.000000
-0.003140 -0.999995 0.000000
-0.282232 -0.959346 0.000000
-0.003140 -0.999995 0.000000
-0.282232 -0.959346 0.000000
0.003140 0.999995 -0.000000
-0.280320 0.959907 -0.000000
0.003140 0.999995 -0.000000
-0.280320 0.959907 -0.000000
0.003140 0.999995 -0.000000
-0.280320 0.959907 -0.000000
0.280320 -0.959907 0.000000
-0.003140 -0.999995 0.000000
0.280320 -0.959907 0.000000
-0.003140 -0.999995 0.000000
0.280320 -0.959907 0.000000
-0.003140 -0.999995 0.000000
-0.280320 0.959907 -0.000000
-0.602791 0.797899 -0.000000
-0.280320 0.959907 -0.000000
-0.602791 0.797899 -0.000000
-0.280320 0.959907 -0.000000
-0.602791 0.797899 -0.000000
0.602791 -0.797899 0.000000
0.280320 -0.959907 0.000000
0.602791 -0.797899 0.000000
0.280320 -0.959907 0.000000
0.602791 -0.797899 0.000000
0.280320 -0.959907 0.000000
-0.856250 0.516561 -0.000000
-0.602791 0.797899 -0.000000
-0.602791 0.797899 -0.000000
-0.602791 0.797899 -0.000000
-0.856250 0.516561 -0.000000
-0.856250 0.516561 -0.000000
0.856250 -0.516561 0.000000
0.856250 -0.516561 0.000000
0.602791 -0.797899 0.000000
0.602791 -0.797899 0.000000
0.602791 -0.797899 0.000000
0.856250 -0.516561 0.000000
-0.979188 0.202955 -0.000000
-0.856250 0.516561 -0.000000
-0.856250 0.516561 -0.000000
-0.856250 0.516561 -0.000000
-0.979188 0.202955 -0.000000
-0.979188 0.202955 -0.000000
0.979188 -0.202955 0.000000
0.979188 -0.202955 0.000000
0.856250 -0.516561 0.000000
0.856250 -0.516561 0.000000
0.856250 -0.516561 0.000000
0.979188 -0.202955 0.000000
-0.999660 0.026078 -0.000000
-0.979188 0.202955 -0.000000
-0.979188 0.202955 -0.000000
-0.979188 0.202955 -0.000000
-0.999660 0.026078 -0.000000
-0.999660 0.026078 -0.000000
0.999660 -0.026078 0.000000
0.999660 -0.026078 0.000000
0.979188 -0.202955 0.000000
0.979188 -0.202955 0.000000
0.979188 -0.202955 0.000000
0.999660 -0.026078 0.000000
-1.000000 0.000000 -0.000000
-0.999660 0.026078 -0.000000
-0.999660 0.026078 -0.000000
-0.999660 0.026078 -0.000000
-1.000000 0.000000 -0.000000
-1.000000 0.000000 -0.000000
1.000000 0.000000 0.000000
1.000000 0.000000 0.000000
0.999660 -0.026078 0.000000
0.999660 -0.026078 0.000000
0.999660 -0.026078 0.000000
1.000000 0.000000 0.000000
0.000000 1.000000 0.000000
0.000000 1.000000 0.000000
0.000000 1.000000 0.000000
0.000000 1.000000 0.000000
0.000000 1.000000 0.000000
0.000000 1.000000 0.000000
-0.000000 -1.000000 0.000000
-0.000000 -1.000000 0.000000
-0.000000 -1.000000 0.000000
-0.000000 -1.000000 0.000000
-0.000000 -1.000000 0.000000
-0.000000 -1.000000 0.000000
1.000000 0.000000 0.000000
0.999911 -0.013315 0.000000
0.999911 -0.013315 0.000000
0.999911 -0.013315 0.000000
1.000000 0.000000 0.000000
1.000000 0.000000 0.000000
-1.000000 0.000000 -0.000000
-1.000000 0.000000 -0.000000
-0.999911 0.013315 -0.000000
-0.999911 0.013315 -0.000000
-0.999911 0.013315 -0.000000
-1.000000 0.000000 -0.000000
0.999911 -0.013315 0.000000
0.997268 -0.073863 0.000000
0.997268 -0.073863 0.000000
0.997268 -0.073863 0.000000
0.999911 -0.013315 0.000000
0.999911 -0.013315 0.000000
-0.999911 0.013315 -0.000000
-0.999911 0.013315 -0.000000
-0.997268 0.073863 -0.000000
-0.997268 0.073863 -0.000000
-0.997268 0.073863 -0.000000
-0.999911 0.013315 -0.000000
0.997268 -0.073863 0.000000
0.974954 -0.222408 0.000000
0.974954 -0.222408 0.000000
0.974954 -0.222408 0.000000
0.997268 -0.073863 0.000000
0.997268 -0.073863 0.000000
-0.997268 0.073863 -0.000000
-0.997268 0.073863 -0.000000
-0.974954 0.222408 -0.000000
-0.974954 0.222408 -0.000000
-0.974954 0.222408 -0.000000
-0.997268 0.073863 -0.000000
0.974954 -0.222408 0.000000
0.899454 -0.437015 0.000000
0.899454 -0.437015 0.000000
0.899454 -0.437015 0.000000
0.974954 -0.222408 0.000000
0.974954 -0.222408 0.000000
-0.974954 0.222408 -0.000000
-0.974954 0.222408 -0.000000
-0.899454 0.437015 -0.000000
-0.899454 0.437015 -0.000000
-0.899454 0.437015 -0.000000
-0.974954 0.222408 -0.000000
0.899454 -0.437015 0.000000
0.758819 -0.651302 0.000000
0.758819 -0.651302 0.000000
0.758819 -0.651302 0.000000
0.899454 -0.437015 0.000000
0.899454 -0.437015 0.000000
-0.899454 0.437015 -0.000000
-0.899454 0.437015 -0.000000
-0.758819 0.651302 -0.000000
-0.758819 0.651302 -0.000000
-0.758819 0.651302 -0.000000
-0.899454 0.437015 -0.000000
0.758819 -0.651302 0.000000
0.573676 -0.819082 0.000000
0.758819 -0.651302 0.000000
0.573676 -0.819082 0.000000
0.758819 -0.651302 0.000000
0.573676 -0.819082 0.000000
-0.573676 0.819082 -0.000000
-0.758819 0.651302 -0.000000
-0.573676 0.819082 -0.000000
-0.758819 0.651302 -0.000000
-0.573676 0.819082 -0.000000
-0.758819 0.651302 -0.000000
0.573676 -0.819082 0.000000
0.368353 -0.929686 0.000000
0.573676 -0.819082 0.000000
0.368353 -0.929686 0.000000
0.573676 -0.819082 0.000000
0.368353 -0.929686 0.000000
-0.368353 0.929686 -0.000000
-0.573676 0.819082 -0.000000
-0.368353 0.929686 -0.000000
-0.573676 0.819082 -0.000000
-0.368353 0.929686 -0.000000
-0.573676 0.819082 -0.000000
0.368353 -0.929686 0.000000
0.165452 -0.986218 0.000000
0.368353 -0.929686 0.000000
0.165452 -0.986218 0.000000
0.368353 -0.929686 0.000000
0.165452 -0.986218 0.000000
-0.165452 0.986218 -0.000000
-0.368353 0.929686 -0.000000
-0.165452 0.986218 -0.000000
-0.368353 0.929686 -0.000000
-0.165452 0.986218 -0.000000
-0.368353 0.929686 -0.000000
0.165452 -0.986218 0.000000
0.002469 -0.999997 0.000000
0.165452 -0.986218 0.000000
0.002469 -0.999997 0.000000
0.165452 -0.986218 0.000000
0.002469 -0.999997 0.000000
-0.002469 0.999997 -0.000000
-0.165452 0.986218 -0.000000
-0.002469 0.999997 -0.000000
-0.165452 0.986218 -0.000000
-0.002469 0.999997 -0.000000
-0.165452 0.986218 -0.000000
0.002469 -0.999997 0.000000
-0.164688 -0.986346 0.000000
0.002469 -0.999997 0.000000
-0.164688 -0.986346 0.000000
0.002469 -0.999997 0.000000
-0.164688 -0.986346 0.000000
0.164688 0.986346 -0.000000
-0.002469 0.999997 -0.000000
0.164688 0.986346 -0.000000
-0.002469 0.999997 -0.000000
0.164688 0.986346 -0.000000
-0.002469 0.999997 -0.000000
-0.164688 -0.986346 0.000000
-0.383141 -0.923690 0.000000
-0.164688 -0.986346 0.000000
-0.383141 -0.923690 0.000000
-0.164688 -0.986346 0.000000
-0.383141 -0.923690 0.000000
0.383141 0.923690 -0.000000
0.164688 0.986346 -0.000000
0.383141 0.923690 -0.000000
0.164688 0.986346 -0.000000
0.383141 0.923690 -0.000000
0.164688 0.986346 -0.000000
-0.383141 -0.923690 0.000000
-0.596380 -0.802702 -0.000000
-0.383141 -0.923690 0.000000
-0.596380 -0.802702 -0.000000
-0.383141 -0.923690 0.000000
-0.596380 -0.802702 -0.000000
0.596380 0.802702 0.000000
0.383141 0.923690 -0.000000
0.596380 0.802702 0.000000
0.383141 0.923690 -0.000000
0.596380 0.802702 0.000000
0.383141 0.923690 -0.000000
-0.596380 -0.802702 -0.000000
-0.766104 -0.642717 -0.000000
-0.596380 -0.802702 -0.000000
-0.766104 -0.642717 -0.000000
-0.596380 -0.802702 -0.000000
-0.766104 -0.642717 -0.000000
0.766104 0.642717 0.000000
0.596380 0.802702 0.000000
0.766104 0.642717 0.000000
0.596380 0.802702 0.000000
0.766104 0.642717 0.000000
0.596380 0.802702 0.000000
-0.892364 -0.451316 -0.000000
-0.766104 -0.642717 -0.000000
-0.766104 -0.642717 -0.000000
-0.766104 -0.642717 -0.000000
-0.892364 -0.451316 -0.000000
-0.892364 -0.451316 -0.000000
0.892364 0.451316 0.000000
0.892364 0.451316 0.000000
0.766104 0.642717 0.000000
0.766104 0.642717 0.000000
0.766104 0.642717 0.000000
0.892364 0.451316 0.000000
-0.969791 -0.243935 -0.000000
-0.892364 -0.451316 -0.000000
-0.892364 -0.451316 -0.000000
-0.892364 -0.451316 -0.000000
-0.969791 -0.243935 -0.000000
-0.969791 -0.243935 -0.000000
0.969791 0.243935 0.000000
0.969791 0.243935 0.000000
0.892364 0.451316 0.000000
0.892364 0.451316 0.000000
0.892364 0.451316 0.000000
0.969791 0.243935 0.000000
-0.996301 -0.085935 -0.000000
-0.969791 -0.243935 -0.000000
-0.969791 -0.243935 -0.000000
-0.969791 -0.243935 -0.000000
-0.996301 -0.085935 -0.000000
-0.996301 -0.085935 -0.000000
0.996301 0.085935 0.000000
0.996301 0.085935 0.000000
0.969791 0.243935 0.000000
0.969791 0.243935 0.000000
0.969791 0.243935 0.000000
0.996301 0.085935 0.000000
-0.999859 -0.016775 -0.000000
-0.996301 -0.085935 -0.000000
-0.996301 -0.085935 -0.000000
-0.996301 -0.085935 -0.000000
-0.999859 -0.016775 -0.000000
-0.999859 -0.016775 -0.000000
0.999859 0.016775 0.000000
0.999859 0.016775 0.000000
0.996301 0.085935 0.000000
0.996301 0.085935 0.000000
0.996301 0.085935 0.000000
0.999859 0.016775 0.000000
-0.999859 -0.016775 -0.000000
-1.000000 0.000000 -0.000000
-0.999859 -0.016775 -0.000000
-1.000000 0.000000 -0.000000
-0.999859 -0.016775 -0.000000
-1.000000 0.000000 -0.000000
1.000000 0.000000 0.000000
0.999859 0.016775 0.000000
1.000000 0.000000 0.000000
0.999859 0.016775 0.000000
1.000000 0.000000 0.000000
0.999859 0.016775 0.000000
-0.000000 0.000000 1.000000
-0.000000 0.000000 1.000000
-0.000000 0.000000 1.000000
-0.000000 0.000000 1.000000
-0.000000 0.000000 1.000000
-0.000000 0.000000 1.000000
-0.000000 0.000000 1.000000
-0.000000 0.000000 1.000000
-0.000000 0.000000 1.000000
-0.000000 0.000000 1.000000
-0.000000 0.000000 1.000000
-0.000000 0.000000 1.000000
-0.000000 0.000000 1.000000
-0.000000 0.000000 1.000000
-0.000000 0.000000 1.000000
-0.000000 0.000000 1.000000
-0.000000 0.000000 1.000000
-0.000000 0.000000 1.000000
-0.000000 0.000000 1.000000
-0.000000 0.000000 1.000000
-0.000000 0.000000 1.000000
-0.000000 0.000000 1.000000
-0.000000 0.000000 1.000000
-0.000000 0.000000 1.000000
-0.000000 0.000000 1.000000
-0.000000 0.000000 1.000000
-0.000000 0.000000 1.000000
-0.000000 0.000000 1.000000
-0.000000 0.000000 1.000000
-0.000000 0.000000 1.000000
-0.000000 0.000000 1.000000
-0.000000 0.000000 1.000000
-0.000000 0.000000 1.000000
-0.000000 0.000000 1.000000
-0.000000 0.000000 1.000000
-0.000000 0.000000 1.000000
-0.000000 0.000000 1.000000
-0.000000 0.000000 1.000000
-0.000000 0.000000 1.000000
-0.000000 0.000000 1.000000
-0.000000 0.000000 1.000000
-0.000000 0.000000 1.000000
-0.000000 0.000000 1.000000
-0.000000 0.000000 1.000000
-0.000000 0.000000 1.000000
-0.000000 0.000000 1.000000
-0.000000 0.000000 1.000000
-0.000000 0.000000 1.000000
-0.000000 0.000000 1.000000
-0.000000 0.000000 1.000000
-0.000000 0.000000 1.000000
-0.000000 0.000000 1.000000
-0.000000 0.000000 1.000000
-0.000000 0.000000 1.000000
-0.000000 0.000000 1.000000
-0.000000 0.000000 1.000000
-0.000000 0.000000 1.000000
-0.000000 0.000000 1.000000
-0.000000 0.000000 1.000000
-0.000000 0.000000 1.000000
-0.000000 0.000000 1.000000
-0.000000 0.000000 1.000000
-0.000000 0.000000 1.000000
-0.000000 0.000000 1.000000
-0.000000 0.000000 1.000000
-0.000000 0.000000 1.000000
-0.000000 0.000000 1.000000
-0.000000 0.000000 1.000000
-0.000000 0.000000 1.000000
-0.000000 0.000000 1.000000
-0.000000 0.000000 1.000000
-0.000000 0.000000 1.000000
-0.000000 0.000000 1.000000
-0.000000 0.000000 1.000000
-0.000000 0.000000 1.000000
-0.000000 0.000000 1.000000
-0.000000 0.000000 1.000000
-0.000000 0.000000 1.000000
-0.000000 0.000000 1.000000
-0.000000 0.000000 1.000000
-0.000000 0.000000 1.000000
-0.000000 0.000000 1.000000
-0.000000 0.000000 1.000000
-0.000000 0.000000 1.000000
-0.000000 0.000000 1.000000
-0.000000 0.000000 1.000000
-0.000000 0.000000 1.000000
-0.000000 0.000000 1.000000
-0.000000 0.000000 1.000000
-0.000000 0.000000 1.000000
0.000000 0.000000 -1.000000
0.000000 0.000000 -1.000000
0.000000 0.000000 -1.000000
0.000000 0.000000 -1.000000
0.000000 0.000000 -1.000000
0.000000 0.000000 -1.000000
0.000000 0.000000 -1.000000
0.000000 0.000000 -1.000000
0.000000 0.000000 -1.000000
0.000000 0.000000 -1.000000
0.000000 0.000000 -1.000000
0.000000 0.000000 -1.000000
0.000000 0.000000 -1.000000
0.000000 0.000000 -1.000000
0.000000 0.000000 -1.000000
0.000000 0.000000 -1.000000
0.000000 0.000000 -1.000000
0.000000 0.000000 -1.000000
0.000000 0.000000 -1.000000
0.000000 0.000000 -1.000000
0.000000 0.000000 -1.000000
0.000000 0.000000 -1.000000
0.000000 0.000000 -1.000000
0.000000 0.000000 -1.000000
0.000000 0.000000 -1.000000
0.000000 0.000000 -1.000000
0.000000 0.000000 -1.000000
0.000000 0.000000 -1.000000
0.000000 0.000000 -1.000000
0.000000 0.000000 -1.000000
0.000000 0.000000 -1.000000
0.000000 0.000000 -1.000000
0.000000 0.000000 -1.000000
0.000000 0.000000 -1.000000
0.000000 0.000000 -1.000000
0.000000 0.000000 -1.000000
0.000000 0.000000 -1.000000
0.000000 0.000000 -1.000000
0.000000 0.000000 -1.000000
0.000000 0.000000 -1.000000
0.000000 0.000000 -1.000000
0.000000 0.000000 -1.000000
0.000000 0.000000 -1.000000
0.000000 0.000000 -1.000000
0.000000 0.000000 -1.000000
0.000000 0.000000 -1.000000
0.000000 0.000000 -1.000000
0.000000 0.000000 -1.000000
0.000000 0.000000 -1.000000
0.000000 0.000000 -1.000000
0.000000 0.000000 -1.000000
0.000000 0.000000 -1.000000
0.000000 0.000000 -1.000000
0.000000 0.000000 -1.000000
0.000000 0.000000 -1.000000
0.000000 0.000000 -1.000000
0.000000 0.000000 -1.000000
0.000000 0.000000 -1.000000
0.000000 0.000000 -1.000000
0.000000 0.000000 -1.000000
0.000000 0.000000 -1.000000
0.000000 0.000000 -1.000000
0.000000 0.000000 -1.000000
0.000000 0.000000 -1.000000
0.000000 0.000000 -1.000000
0.000000 0.000000 -1.000000
0.000000 0.000000 -1.000000
0.000000 0.000000 -1.000000
0.000000 0.000000 -1.000000
0.000000 0.000000 -1.000000
0.000000 0.000000 -1.000000
0.000000 0.000000 -1.000000
0.000000 0.000000 -1.000000
0.000000 0.000000 -1.000000
0.000000 0.000000 -1.000000
0.000000 0.000000 -1.000000
0.000000 0.000000 -1.000000
0.000000 0.000000 -1.000000
0.000000 0.000000 -1.000000
0.000000 0.000000 -1.000000
0.000000 0.000000 -1.000000
0.000000 0.000000 -1.000000
0.000000 0.000000 -1.000000
0.000000 0.000000 -1.000000
0.000000 0.000000 -1.000000
0.000000 0.000000 -1.000000
0.000000 0.000000 -1.000000
0.000000 0.000000 -1.000000
0.000000 0.000000 -1.000000
0.000000 0.000000 -1.000000
</float_array>
          <technique_common>
            <accessor source="#ID2422-Normal0-array" count="744" stride="3">
              <param name="X" type="float"/>
              <param name="Y" type="float"/>
              <param name="Z" type="float"/>
            </accessor>
          </technique_common>
        </source>
        <vertices id="ID2422-VERTEX">
          <input semantic="POSITION" source="#ID2422-POSITION"/>
        </vertices>
        <triangles count="248" material="MaterialFBXASC032FBXASC0352">
          <input semantic="VERTEX" offset="0" source="#ID2422-VERTEX"/>
          <input semantic="NORMAL" offset="1" source="#ID2422-Normal0"/>
          <p> 0 0 1 1 2 2 1 3 0 4 3 5 3 6 0 7 4 8 4 9 0 10 5 11 5 12 0 13 6 14 6 15 0 16 7 17 7 18 0 19 8 20 8 21 0 22 9 23 10 24 11 25 12 26 11 27 10 28 13 29 13 30 10 31 14 32 14 33 10 34 15 35 15 36 10 37 16 38 16 39 10 40 17 41 17 42 10 43 18 44 18 45 10 46 19 47 18 48 19 49 20 50 18 51 20 52 21 53 21 54 20 55 22 56 21 57 22 58 23 59 21 60 23 61 24 62 21 63 24 64 25 65 25 66 24 67 26 68 25 69 26 70 27 71 25 72 27 73 28 74 28 75 27 76 29 77 28 78 29 79 3 80 3 81 29 82 30 83 3 84 30 85 31 86 3 87 31 88 1 89 32 90 33 91 34 92 33 93 35 94 34 95 35 96 36 97 34 98 34 99 36 100 37 101 36 102 38 103 37 104 37 105 38 106 39 107 38 108 40 109 39 110 40 111 41 112 39 113 39 114 41 115 42 116 41 117 43 118 42 119 43 120 44 121 42 122 44 123 45 124 42 125 42 126 45 127 46 128 45 129 47 130 46 131 47 132 48 133 46 134 46 135 48 136 49 137 49 138 48 139 50 140 50 141 48 142 51 143 51 144 48 145 52 146 52 147 48 148 53 149 53 150 48 151 54 152 55 153 54 154 48 155 56 156 57 157 58 158 58 159 57 160 59 161 59 162 57 163 60 164 60 165 57 166 61 167 61 168 57 169 62 170 62 171 57 172 34 173 34 174 57 175 32 176 63 177 32 178 57 179 96 180 97 181 98 182 97 183 96 184 99 185 100 186 101 187 102 188 103 189 102 190 101 191 106 192 107 193 108 194 107 195 106 196 109 197 110 198 111 199 112 200 113 201 112 202 111 203 108 204 115 205 116 206 115 207 108 208 107 209 112 210 113 211 117 212 118 213 117 214 113 215 116 216 120 217 121 218 120 219 116 220 115 221 117 222 118 223 122 224 123 225 122 226 118 227 121 228 125 229 126 230 125 231 121 232 120 233 122 234 123 235 127 236 128 237 127 238 123 239 125 240 130 241 126 242 130 243 125 244 131 245 132 246 127 247 133 248 128 249 133 250 127 251 131 252 135 253 130 254 135 255 131 256 136 257 137 258 132 259 138 260 133 261 138 262 132 263 136 264 140 265 135 266 140 267 136 268 141 269 142 270 137 271 143 272 138 273 143 274 137 275 141 276 145 277 140 278 145 279 141 280 146 281 147 282 142 283 148 284 143 285 148 286 142 287 150 288 145 289 146 290 145 291 150 292 151 293 152 294 153 295 148 296 147 297 148 298 153 299 155 300 151 301 150 302 151 303 155 304 156 305 157 306 158 307 152 308 153 309 152 310 158 311 160 312 156 313 155 314 156 315 160 316 161 317 162 318 163 319 157 320 158 321 157 322 163 323 165 324 161 325 160 326 161 327 165 328 166 329 167 330 168 331 162 332 163 333 162 334 168 335 170 336 171 337 172 338 171 339 170 340 173 341 174 342 175 343 176 344 177 345 176 346 175 347 179 348 180 349 181 350 180 351 179 352 182 353 183 354 184 355 185 356 186 357 185 358 184 359 181 360 188 361 189 362 188 363 181 364 180 365 185 366 186 367 190 368 191 369 190 370 186 371 189 372 193 373 194 374 193 375 189 376 188 377 190 378 191 379 195 380 196 381 195 382 191 383 194 384 198 385 199 386 198 387 194 388 193 389 195 390 196 391 200 392 201 393 200 394 196 395 199 396 203 397 204 398 203 399 199 400 198 401 200 402 201 403 205 404 206 405 205 406 201 407 203 408 208 409 204 410 208 411 203 412 209 413 210 414 205 415 211 416 206 417 211 418 205 419 209 420 213 421 208 422 213 423 209 424 214 425 215 426 210 427 216 428 211 429 216 430 210 431 214 432 218 433 213 434 218 435 214 436 219 437 220 438 215 439 221 440 216 441 221 442 215 443 219 444 223 445 218 446 223 447 219 448 224 449 225 450 220 451 226 452 221 453 226 454 220 455 224 456 228 457 223 458 228 459 224 460 229 461 230 462 225 463 231 464 226 465 231 466 225 467 229 468 233 469 228 470 233 471 229 472 234 473 235 474 230 475 236 476 231 477 236 478 230 479 234 480 238 481 233 482 238 483 234 484 239 485 240 486 235 487 241 488 236 489 241 490 235 491 239 492 243 493 238 494 243 495 239 496 244 497 245 498 240 499 246 500 241 501 246 502 240 503 248 504 243 505 244 506 243 507 248 508 249 509 250 510 251 511 246 512 245 513 246 514 251 515 253 516 249 517 248 518 249 519 253 520 254 521 255 522 256 523 250 524 251 525 250 526 256 527 258 528 254 529 253 530 254 531 258 532 259 533 260 534 261 535 255 536 256 537 255 538 261 539 263 540 259 541 258 542 259 543 263 544 264 545 265 546 266 547 260 548 261 549 260 550 266 551 263 552 268 553 264 554 268 555 263 556 269 557 270 558 266 559 271 560 265 561 271 562 266 563 272 564 273 565 274 566 273 567 272 568 275 569 273 570 275 571 276 572 276 573 275 574 277 575 277 576 275 577 278 578 278 579 275 580 279 581 278 582 279 583 280 584 280 585 279 586 281 587 281 588 279 589 282 590 281 591 282 592 283 593 283 594 282 595 284 596 283 597 284 598 285 599 285 600 284 601 286 602 286 603 284 604 287 605 287 606 284 607 288 608 288 609 284 610 289 611 289 612 284 613 290 614 289 615 290 616 291 617 289 618 291 619 292 620 289 621 292 622 293 623 289 624 293 625 294 626 289 627 294 628 295 629 296 630 297 631 298 632 297 633 296 634 299 635 299 636 296 637 300 638 299 639 300 640 301 641 299 642 301 643 302 644 299 645 302 646 303 647 299 648 303 649 272 650 299 651 272 652 274 653 304 654 305 655 306 656 305 657 307 658 306 659 307 660 308 661 306 662 308 663 309 664 306 665 309 666 310 667 306 668 310 669 311 670 306 671 306 672 311 673 312 674 313 675 312 676 311 677 314 678 315 679 316 680 315 681 317 682 316 683 317 684 318 685 316 686 318 687 319 688 316 689 319 690 320 691 316 692 320 693 321 694 316 695 316 696 321 697 322 698 322 699 321 700 323 701 323 702 321 703 324 704 324 705 321 706 325 707 325 708 321 709 326 710 321 711 327 712 326 713 326 714 327 715 328 716 327 717 329 718 328 719 328 720 329 721 330 722 330 723 329 724 331 725 329 726 332 727 331 728 331 729 332 730 333 731 333 732 332 733 334 734 334 735 332 736 335 737 332 738 305 739 335 740 304 741 335 742 305 743</p>
        </triangles>
      </mesh>
    </geometry>
    <geometry id="ID2430-lib" name="ID2430Mesh">
      <mesh>
        <source id="ID2430-POSITION">
          <float_array id="ID2430-POSITION-array" count="2088">
21.968260 8.029641 0.000000
21.919161 6.761781 0.000000
21.863461 7.314227 0.000000
22.086260 6.253070 0.000000
22.282650 8.697196 0.000000
22.364750 5.788091 0.000000
22.794250 9.264082 0.000000
22.754641 5.366847 0.000000
23.130091 5.094131 0.000000
23.490681 9.677487 0.000000
23.622709 4.843695 0.000000
23.731630 7.446252 0.000000
23.809191 7.784568 0.000000
24.361231 9.929987 0.000000
24.041889 8.046969 0.000000
24.616199 8.309371 0.000000
25.395149 10.014150 0.000000
25.375351 8.396838 0.000000
26.097370 8.315147 0.000000
26.249809 9.964231 0.000000
26.613091 8.070074 0.000000
26.991840 9.814464 0.000000
26.953880 7.638515 0.000000
27.151100 6.997365 0.000000
27.621229 9.564853 0.000000
29.105080 7.083182 0.000000
28.137991 9.215397 0.000000
28.543760 8.782600 0.000000
28.840200 8.282966 0.000000
29.027309 7.716493 0.000000
23.804239 7.127740 0.000000
24.959471 4.409660 0.000000
24.022091 6.858738 0.000000
24.655809 6.541876 0.000000
25.817640 6.211812 0.000000
26.523970 3.987178 0.000000
27.057850 5.869370 0.000000
26.950581 3.793265 0.000000
27.227011 3.567996 0.000000
27.926750 5.515376 0.000000
27.378010 3.301469 0.000000
27.428350 2.983782 0.000000
27.613190 0.353169 0.000000
28.362431 0.799581 0.000000
28.535721 5.089593 0.000000
28.920240 1.432479 0.000000
28.996161 4.531784 0.000000
29.266809 2.185026 0.000000
29.285789 3.834523 0.000000
29.382330 2.990383 0.000000
23.414770 3.505284 0.000000
21.658819 2.556967 0.000000
21.513599 3.320448 0.000000
21.903070 1.890444 0.000000
22.246340 1.320876 0.000000
22.688629 0.848265 0.000000
23.233641 0.477149 0.000000
23.885111 0.212066 0.000000
23.674690 2.675172 0.000000
24.111200 2.099209 0.000000
24.643021 0.053017 0.000000
24.727600 1.762544 0.000000
25.507370 0.000000 0.000000
25.527180 1.650322 0.000000
26.664249 0.088292 0.000000
26.354820 1.750166 0.000000
26.949760 2.049700 0.000000
27.308701 2.482909 0.000000
27.428350 2.983782 0.000000
27.308701 2.482909 0.000000
27.613190 0.353169 0.000000
26.949760 2.049700 0.000000
26.664249 0.088292 0.000000
26.354820 1.750166 0.000000
25.527180 1.650322 0.000000
25.507370 0.000000 0.000000
24.727600 1.762544 0.000000
24.643021 0.053017 0.000000
24.111200 2.099209 0.000000
23.885111 0.212066 0.000000
23.674690 2.675172 0.000000
23.414770 3.505284 0.000000
23.233641 0.477149 0.000000
22.688629 0.848265 0.000000
22.246340 1.320876 0.000000
21.903070 1.890444 0.000000
21.658819 2.556967 0.000000
21.513599 3.320448 0.000000
29.382330 2.990383 0.000000
29.285789 3.834523 0.000000
29.266809 2.185026 0.000000
28.996161 4.531784 0.000000
28.920240 1.432479 0.000000
28.535721 5.089593 0.000000
28.362431 0.799581 0.000000
27.926750 5.515376 0.000000
27.378010 3.301469 0.000000
27.227011 3.567996 0.000000
27.057850 5.869370 0.000000
26.950581 3.793265 0.000000
26.523970 3.987178 0.000000
25.817640 6.211812 0.000000
24.959471 4.409660 0.000000
24.655809 6.541876 0.000000
24.022091 6.858738 0.000000
23.804239 7.127740 0.000000
23.731630 7.446252 0.000000
23.622709 4.843695 0.000000
29.027309 7.716493 0.000000
28.840200 8.282966 0.000000
29.105080 7.083182 0.000000
28.543760 8.782600 0.000000
28.137991 9.215397 0.000000
27.621229 9.564853 0.000000
27.151100 6.997365 0.000000
26.991840 9.814464 0.000000
26.953880 7.638515 0.000000
26.613091 8.070074 0.000000
26.249809 9.964231 0.000000
26.097370 8.315147 0.000000
25.395149 10.014150 0.000000
25.375351 8.396838 0.000000
24.616199 8.309371 0.000000
24.361231 9.929987 0.000000
24.041889 8.046969 0.000000
23.809191 7.784568 0.000000
23.490681 9.677487 0.000000
23.130091 5.094131 0.000000
22.794250 9.264082 0.000000
22.754641 5.366847 0.000000
22.364750 5.788091 0.000000
22.282650 8.697196 0.000000
22.086260 6.253070 0.000000
21.968260 8.029641 0.000000
21.919161 6.761781 0.000000
21.863461 7.314227 0.000000
21.513599 3.320448 0.000000
23.414770 3.505284 0.000000
23.674690 2.675172 0.000000
24.111200 2.099209 0.000000
24.727600 1.762544 0.000000
25.527180 1.650322 0.000000
26.354820 1.750166 0.000000
26.949760 2.049700 0.000000
27.308701 2.482909 0.000000
27.428350 2.983782 0.000000
27.378010 3.301469 0.000000
27.227011 3.567996 0.000000
26.950581 3.793265 0.000000
26.523970 3.987178 0.000000
24.959471 4.409660 0.000000
23.622709 4.843695 0.000000
23.130091 5.094131 0.000000
22.754641 5.366847 0.000000
22.364750 5.788091 0.000000
22.086260 6.253070 0.000000
21.919161 6.761781 0.000000
21.863461 7.314227 0.000000
21.968260 8.029641 0.000000
22.282650 8.697196 0.000000
22.794250 9.264082 0.000000
23.490681 9.677487 0.000000
24.361231 9.929987 0.000000
25.395149 10.014150 0.000000
26.249809 9.964231 0.000000
26.991840 9.814464 0.000000
27.621229 9.564853 0.000000
28.137991 9.215397 0.000000
28.543760 8.782600 0.000000
28.840200 8.282966 0.000000
29.027309 7.716493 0.000000
29.105080 7.083182 0.000000
27.151100 6.997365 0.000000
26.953880 7.638515 0.000000
26.613091 8.070074 0.000000
26.097370 8.315147 0.000000
25.375351 8.396838 0.000000
24.616199 8.309371 0.000000
24.041889 8.046969 0.000000
23.809191 7.784568 0.000000
23.731630 7.446252 0.000000
23.804239 7.127740 0.000000
24.022091 6.858738 0.000000
24.655809 6.541876 0.000000
25.817640 6.211812 0.000000
27.057850 5.869370 0.000000
27.926750 5.515376 0.000000
28.535721 5.089593 0.000000
28.996161 4.531784 0.000000
29.285789 3.834523 0.000000
29.382330 2.990383 0.000000
29.266809 2.185026 0.000000
28.920240 1.432479 0.000000
28.362431 0.799581 0.000000
27.613190 0.353169 0.000000
26.664249 0.088292 0.000000
25.507370 0.000000 0.000000
24.643021 0.053017 0.000000
23.885111 0.212066 0.000000
23.233641 0.477149 0.000000
22.688629 0.848265 0.000000
22.246340 1.320876 0.000000
21.903070 1.890444 0.000000
21.658819 2.556967 0.000000
21.513599 3.320448 1.181102
23.414770 3.505284 0.000000
21.513599 3.320448 0.000000
23.414770 3.505284 1.181102
23.414770 3.505284 1.181102
21.513599 3.320448 1.181102
23.414770 3.505284 0.000000
21.513599 3.320448 0.000000
21.513599 3.320448 1.181102
23.414770 3.505284 1.181102
23.414770 3.505284 0.000000
23.674690 2.675172 1.181102
23.674690 2.675172 0.000000
23.414770 3.505284 1.181102
23.414770 3.505284 1.181102
23.414770 3.505284 0.000000
23.674690 2.675172 1.181102
23.674690 2.675172 0.000000
23.674690 2.675172 1.181102
24.111200 2.099209 1.181102
24.111200 2.099209 0.000000
24.111200 2.099209 1.181102
24.111200 2.099209 0.000000
24.111200 2.099209 1.181102
24.727600 1.762544 0.000000
24.727600 1.762544 1.181102
24.727600 1.762544 1.181102
24.727600 1.762544 0.000000
24.727600 1.762544 1.181102
25.527180 1.650322 0.000000
25.527180 1.650322 1.181102
25.527180 1.650322 1.181102
25.527180 1.650322 0.000000
25.527180 1.650322 1.181102
26.354820 1.750166 0.000000
26.354820 1.750166 1.181102
26.354820 1.750166 1.181102
26.354820 1.750166 0.000000
26.354820 1.750166 1.181102
26.949760 2.049700 0.000000
26.949760 2.049700 1.181102
26.949760 2.049700 1.181102
26.949760 2.049700 0.000000
26.949760 2.049700 1.181102
27.308701 2.482909 1.181102
27.308701 2.482909 0.000000
27.308701 2.482909 0.000000
27.308701 2.482909 1.181102
27.308701 2.482909 1.181102
27.428350 2.983782 1.181102
27.428350 2.983782 0.000000
27.428350 2.983782 0.000000
27.428350 2.983782 1.181102
27.428350 2.983782 1.181102
27.378010 3.301469 1.181102
27.378010 3.301469 0.000000
27.378010 3.301469 0.000000
27.378010 3.301469 1.181102
27.378010 3.301469 1.181102
27.227011 3.567996 1.181102
27.227011 3.567996 0.000000
27.227011 3.567996 0.000000
27.227011 3.567996 1.181102
27.227011 3.567996 1.181102
26.950581 3.793265 0.000000
26.950581 3.793265 1.181102
26.950581 3.793265 1.181102
26.950581 3.793265 0.000000
26.950581 3.793265 1.181102
26.523970 3.987178 0.000000
26.523970 3.987178 1.181102
26.523970 3.987178 1.181102
26.523970 3.987178 0.000000
26.523970 3.987178 1.181102
24.959471 4.409660 0.000000
24.959471 4.409660 1.181102
24.959471 4.409660 1.181102
24.959471 4.409660 0.000000
24.959471 4.409660 1.181102
23.622709 4.843695 0.000000
23.622709 4.843695 1.181102
23.622709 4.843695 1.181102
23.622709 4.843695 0.000000
23.622709 4.843695 1.181102
23.130091 5.094131 0.000000
23.130091 5.094131 1.181102
23.130091 5.094131 1.181102
23.130091 5.094131 0.000000
23.130091 5.094131 1.181102
22.754641 5.366847 0.000000
22.754641 5.366847 1.181102
22.754641 5.366847 1.181102
22.754641 5.366847 0.000000
22.754641 5.366847 1.181102
22.364750 5.788091 1.181102
22.364750 5.788091 0.000000
22.364750 5.788091 0.000000
22.364750 5.788091 1.181102
22.364750 5.788091 1.181102
22.086260 6.253070 1.181102
22.086260 6.253070 0.000000
22.086260 6.253070 0.000000
22.086260 6.253070 1.181102
22.086260 6.253070 1.181102
21.919161 6.761781 1.181102
21.919161 6.761781 0.000000
21.919161 6.761781 0.000000
21.919161 6.761781 1.181102
21.919161 6.761781 1.181102
21.863461 7.314227 1.181102
21.863461 7.314227 0.000000
21.863461 7.314227 0.000000
21.863461 7.314227 1.181102
21.863461 7.314227 1.181102
21.968260 8.029641 1.181102
21.968260 8.029641 0.000000
21.968260 8.029641 0.000000
21.968260 8.029641 1.181102
21.968260 8.029641 1.181102
22.282650 8.697196 1.181102
22.282650 8.697196 0.000000
22.282650 8.697196 0.000000
22.282650 8.697196 1.181102
22.282650 8.697196 1.181102
22.794250 9.264082 1.181102
22.794250 9.264082 0.000000
22.794250 9.264082 0.000000
22.794250 9.264082 1.181102
22.794250 9.264082 1.181102
23.490681 9.677487 0.000000
23.490681 9.677487 1.181102
23.490681 9.677487 1.181102
23.490681 9.677487 0.000000
23.490681 9.677487 1.181102
24.361231 9.929987 0.000000
24.361231 9.929987 1.181102
24.361231 9.929987 1.181102
24.361231 9.929987 0.000000
24.361231 9.929987 1.181102
25.395149 10.014150 0.000000
25.395149 10.014150 1.181102
25.395149 10.014150 1.181102
25.395149 10.014150 0.000000
25.395149 10.014150 1.181102
26.249809 9.964231 0.000000
26.249809 9.964231 1.181102
26.249809 9.964231 1.181102
26.249809 9.964231 0.000000
26.249809 9.964231 1.181102
26.991840 9.814464 0.000000
26.991840 9.814464 1.181102
26.991840 9.814464 1.181102
26.991840 9.814464 0.000000
26.991840 9.814464 1.181102
27.621229 9.564853 0.000000
27.621229 9.564853 1.181102
27.621229 9.564853 1.181102
27.621229 9.564853 0.000000
27.621229 9.564853 1.181102
28.137991 9.215397 0.000000
28.137991 9.215397 1.181102
28.137991 9.215397 1.181102
28.137991 9.215397 0.000000
28.137991 9.215397 1.181102
28.543760 8.782600 1.181102
28.543760 8.782600 0.000000
28.543760 8.782600 1.181102
28.543760 8.782600 0.000000
28.543760 8.782600 1.181102
28.840200 8.282966 1.181102
28.840200 8.282966 0.000000
28.840200 8.282966 1.181102
28.840200 8.282966 0.000000
28.840200 8.282966 1.181102
29.027309 7.716493 1.181102
29.027309 7.716493 0.000000
29.027309 7.716493 1.181102
29.027309 7.716493 0.000000
29.027309 7.716493 1.181102
29.105080 7.083182 1.181102
29.105080 7.083182 0.000000
29.105080 7.083182 1.181102
29.105080 7.083182 0.000000
29.105080 7.083182 1.181102
29.105080 7.083182 1.181102
27.151100 6.997365 0.000000
29.105080 7.083182 0.000000
27.151100 6.997365 1.181102
27.151100 6.997365 1.181102
29.105080 7.083182 1.181102
27.151100 6.997365 0.000000
29.105080 7.083182 0.000000
27.151100 6.997365 1.181102
26.953880 7.638515 1.181102
27.151100 6.997365 0.000000
27.151100 6.997365 1.181102
26.953880 7.638515 0.000000
26.953880 7.638515 0.000000
26.953880 7.638515 1.181102
27.151100 6.997365 0.000000
27.151100 6.997365 1.181102
26.953880 7.638515 1.181102
26.613091 8.070074 1.181102
26.613091 8.070074 0.000000
26.613091 8.070074 0.000000
26.613091 8.070074 1.181102
26.613091 8.070074 1.181102
26.097370 8.315147 0.000000
26.097370 8.315147 1.181102
26.097370 8.315147 1.181102
26.097370 8.315147 0.000000
26.097370 8.315147 1.181102
25.375351 8.396838 0.000000
25.375351 8.396838 1.181102
25.375351 8.396838 1.181102
25.375351 8.396838 0.000000
25.375351 8.396838 1.181102
24.616199 8.309371 0.000000
24.616199 8.309371 1.181102
24.616199 8.309371 1.181102
24.616199 8.309371 0.000000
24.616199 8.309371 1.181102
24.041889 8.046969 0.000000
24.041889 8.046969 1.181102
24.041889 8.046969 1.181102
24.041889 8.046969 0.000000
24.041889 8.046969 1.181102
23.809191 7.784568 1.181102
23.809191 7.784568 0.000000
23.809191 7.784568 1.181102
23.809191 7.784568 0.000000
23.809191 7.784568 1.181102
23.731630 7.446252 1.181102
23.731630 7.446252 0.000000
23.731630 7.446252 1.181102
23.731630 7.446252 0.000000
23.731630 7.446252 1.181102
23.804239 7.127740 1.181102
23.804239 7.127740 0.000000
23.804239 7.127740 1.181102
23.804239 7.127740 0.000000
23.804239 7.127740 1.181102
24.022091 6.858738 1.181102
24.022091 6.858738 0.000000
24.022091 6.858738 1.181102
24.022091 6.858738 0.000000
24.022091 6.858738 1.181102
24.655809 6.541876 0.000000
24.655809 6.541876 1.181102
24.655809 6.541876 1.181102
24.655809 6.541876 0.000000
24.655809 6.541876 1.181102
25.817640 6.211812 0.000000
25.817640 6.211812 1.181102
25.817640 6.211812 1.181102
25.817640 6.211812 0.000000
25.817640 6.211812 1.181102
27.057850 5.869370 0.000000
27.057850 5.869370 1.181102
27.057850 5.869370 1.181102
27.057850 5.869370 0.000000
27.057850 5.869370 1.181102
27.926750 5.515376 0.000000
27.926750 5.515376 1.181102
27.926750 5.515376 1.181102
27.926750 5.515376 0.000000
27.926750 5.515376 1.181102
28.535721 5.089593 0.000000
28.535721 5.089593 1.181102
28.535721 5.089593 1.181102
28.535721 5.089593 0.000000
28.535721 5.089593 1.181102
28.996161 4.531784 1.181102
28.996161 4.531784 0.000000
28.996161 4.531784 1.181102
28.996161 4.531784 0.000000
28.996161 4.531784 1.181102
29.285789 3.834523 1.181102
29.285789 3.834523 0.000000
29.285789 3.834523 1.181102
29.285789 3.834523 0.000000
29.285789 3.834523 1.181102
29.382330 2.990383 1.181102
29.382330 2.990383 0.000000
29.382330 2.990383 1.181102
29.382330 2.990383 0.000000
29.382330 2.990383 1.181102
29.266809 2.185026 1.181102
29.266809 2.185026 0.000000
29.266809 2.185026 1.181102
29.266809 2.185026 0.000000
29.266809 2.185026 1.181102
28.920240 1.432479 1.181102
28.920240 1.432479 0.000000
28.920240 1.432479 1.181102
28.920240 1.432479 0.000000
28.920240 1.432479 1.181102
28.362431 0.799581 1.181102
28.362431 0.799581 0.000000
28.362431 0.799581 1.181102
28.362431 0.799581 0.000000
28.362431 0.799581 1.181102
27.613190 0.353169 0.000000
27.613190 0.353169 1.181102
27.613190 0.353169 1.181102
27.613190 0.353169 0.000000
27.613190 0.353169 1.181102
26.664249 0.088292 0.000000
26.664249 0.088292 1.181102
26.664249 0.088292 1.181102
26.664249 0.088292 0.000000
26.664249 0.088292 1.181102
25.507370 0.000000 0.000000
25.507370 0.000000 1.181102
25.507370 0.000000 1.181102
25.507370 0.000000 0.000000
25.507370 0.000000 1.181102
24.643021 0.053017 0.000000
24.643021 0.053017 1.181102
24.643021 0.053017 1.181102
24.643021 0.053017 0.000000
24.643021 0.053017 1.181102
23.885111 0.212066 0.000000
23.885111 0.212066 1.181102
23.885111 0.212066 1.181102
23.885111 0.212066 0.000000
23.885111 0.212066 1.181102
23.233641 0.477149 0.000000
23.233641 0.477149 1.181102
23.233641 0.477149 1.181102
23.233641 0.477149 0.000000
23.233641 0.477149 1.181102
22.688629 0.848265 0.000000
22.688629 0.848265 1.181102
22.688629 0.848265 1.181102
22.688629 0.848265 0.000000
22.688629 0.848265 1.181102
22.246340 1.320876 1.181102
22.246340 1.320876 0.000000
22.246340 1.320876 0.000000
22.246340 1.320876 1.181102
22.246340 1.320876 1.181102
21.903070 1.890444 1.181102
21.903070 1.890444 0.000000
21.903070 1.890444 0.000000
21.903070 1.890444 1.181102
21.903070 1.890444 1.181102
21.658819 2.556967 1.181102
21.658819 2.556967 0.000000
21.658819 2.556967 0.000000
21.658819 2.556967 1.181102
21.658819 2.556967 1.181102
21.513599 3.320448 1.181102
21.513599 3.320448 0.000000
21.513599 3.320448 0.000000
21.513599 3.320448 1.181102
21.658819 2.556967 1.181102
23.414770 3.505284 1.181102
21.513599 3.320448 1.181102
21.903070 1.890444 1.181102
22.246340 1.320876 1.181102
22.688629 0.848265 1.181102
23.233641 0.477149 1.181102
23.885111 0.212066 1.181102
23.674690 2.675172 1.181102
24.111200 2.099209 1.181102
24.643021 0.053017 1.181102
24.727600 1.762544 1.181102
25.507370 0.000000 1.181102
25.527180 1.650322 1.181102
26.664249 0.088292 1.181102
26.354820 1.750166 1.181102
26.949760 2.049700 1.181102
27.613190 0.353169 1.181102
27.308701 2.482909 1.181102
27.428350 2.983782 1.181102
23.622709 4.843695 1.181102
23.804239 7.127740 1.181102
23.731630 7.446252 1.181102
24.959471 4.409660 1.181102
24.022091 6.858738 1.181102
24.655809 6.541876 1.181102
25.817640 6.211812 1.181102
26.523970 3.987178 1.181102
27.057850 5.869370 1.181102
26.950581 3.793265 1.181102
27.227011 3.567996 1.181102
27.926750 5.515376 1.181102
27.378010 3.301469 1.181102
28.362431 0.799581 1.181102
28.535721 5.089593 1.181102
28.920240 1.432479 1.181102
28.996161 4.531784 1.181102
29.266809 2.185026 1.181102
29.285789 3.834523 1.181102
29.382330 2.990383 1.181102
21.919161 6.761781 1.181102
21.968260 8.029641 1.181102
21.863461 7.314227 1.181102
22.086260 6.253070 1.181102
22.282650 8.697196 1.181102
22.364750 5.788091 1.181102
22.794250 9.264082 1.181102
22.754641 5.366847 1.181102
23.130091 5.094131 1.181102
23.490681 9.677487 1.181102
23.809191 7.784568 1.181102
24.361231 9.929987 1.181102
24.041889 8.046969 1.181102
24.616199 8.309371 1.181102
25.395149 10.014150 1.181102
25.375351 8.396838 1.181102
26.097370 8.315147 1.181102
26.249809 9.964231 1.181102
26.613091 8.070074 1.181102
26.991840 9.814464 1.181102
26.953880 7.638515 1.181102
27.151100 6.997365 1.181102
27.621229 9.564853 1.181102
29.105080 7.083182 1.181102
28.137991 9.215397 1.181102
28.543760 8.782600 1.181102
28.840200 8.282966 1.181102
29.027309 7.716493 1.181102
29.027309 7.716493 1.181102
29.105080 7.083182 1.181102
28.840200 8.282966 1.181102
28.543760 8.782600 1.181102
28.137991 9.215397 1.181102
27.621229 9.564853 1.181102
27.151100 6.997365 1.181102
26.991840 9.814464 1.181102
26.953880 7.638515 1.181102
26.613091 8.070074 1.181102
26.249809 9.964231 1.181102
26.097370 8.315147 1.181102
25.395149 10.014150 1.181102
25.375351 8.396838 1.181102
24.616199 8.309371 1.181102
24.361231 9.929987 1.181102
24.041889 8.046969 1.181102
23.809191 7.784568 1.181102
23.490681 9.677487 1.181102
23.731630 7.446252 1.181102
23.622709 4.843695 1.181102
23.130091 5.094131 1.181102
22.794250 9.264082 1.181102
22.754641 5.366847 1.181102
22.364750 5.788091 1.181102
22.282650 8.697196 1.181102
22.086260 6.253070 1.181102
21.968260 8.029641 1.181102
21.919161 6.761781 1.181102
21.863461 7.314227 1.181102
29.382330 2.990383 1.181102
29.266809 2.185026 1.181102
29.285789 3.834523 1.181102
28.996161 4.531784 1.181102
28.920240 1.432479 1.181102
28.535721 5.089593 1.181102
28.362431 0.799581 1.181102
27.926750 5.515376 1.181102
27.613190 0.353169 1.181102
27.428350 2.983782 1.181102
27.378010 3.301469 1.181102
27.227011 3.567996 1.181102
27.057850 5.869370 1.181102
26.950581 3.793265 1.181102
26.523970 3.987178 1.181102
25.817640 6.211812 1.181102
24.959471 4.409660 1.181102
24.655809 6.541876 1.181102
24.022091 6.858738 1.181102
23.804239 7.127740 1.181102
27.308701 2.482909 1.181102
26.949760 2.049700 1.181102
26.664249 0.088292 1.181102
26.354820 1.750166 1.181102
25.527180 1.650322 1.181102
25.507370 0.000000 1.181102
24.727600 1.762544 1.181102
24.643021 0.053017 1.181102
24.111200 2.099209 1.181102
23.885111 0.212066 1.181102
23.674690 2.675172 1.181102
23.414770 3.505284 1.181102
23.233641 0.477149 1.181102
22.688629 0.848265 1.181102
22.246340 1.320876 1.181102
21.903070 1.890444 1.181102
21.658819 2.556967 1.181102
21.513599 3.320448 1.181102
</float_array>
          <technique_common>
            <accessor source="#ID2430-POSITION-array" count="696" stride="3">
              <param name="X" type="float"/>
              <param name="Y" type="float"/>
              <param name="Z" type="float"/>
            </accessor>
          </technique_common>
        </source>
        <source id="ID2430-Normal0">
          <float_array id="ID2430-Normal0-array" count="4824">
0.000000 0.000000 -1.000000
0.000000 0.000000 -1.000000
0.000000 0.000000 -1.000000
0.000000 0.000000 -1.000000
0.000000 0.000000 -1.000000
0.000000 0.000000 -1.000000
0.000000 0.000000 -1.000000
0.000000 0.000000 -1.000000
0.000000 0.000000 -1.000000
0.000000 0.000000 -1.000000
0.000000 0.000000 -1.000000
0.000000 0.000000 -1.000000
0.000000 0.000000 -1.000000
0.000000 0.000000 -1.000000
0.000000 0.000000 -1.000000
0.000000 0.000000 -1.000000
0.000000 0.000000 -1.000000
0.000000 0.000000 -1.000000
0.000000 0.000000 -1.000000
0.000000 0.000000 -1.000000
0.000000 0.000000 -1.000000
0.000000 0.000000 -1.000000
0.000000 0.000000 -1.000000
0.000000 0.000000 -1.000000
0.000000 0.000000 -1.000000
0.000000 0.000000 -1.000000
0.000000 0.000000 -1.000000
0.000000 0.000000 -1.000000
0.000000 0.000000 -1.000000
0.000000 0.000000 -1.000000
0.000000 0.000000 -1.000000
0.000000 0.000000 -1.000000
0.000000 0.000000 -1.000000
0.000000 0.000000 -1.000000
0.000000 0.000000 -1.000000
0.000000 0.000000 -1.000000
0.000000 0.000000 -1.000000
0.000000 0.000000 -1.000000
0.000000 0.000000 -1.000000
0.000000 0.000000 -1.000000
0.000000 0.000000 -1.000000
0.000000 0.000000 -1.000000
0.000000 0.000000 -1.000000
0.000000 0.000000 -1.000000
0.000000 0.000000 -1.000000
0.000000 0.000000 -1.000000
0.000000 0.000000 -1.000000
0.000000 0.000000 -1.000000
0.000000 0.000000 -1.000000
0.000000 0.000000 -1.000000
0.000000 0.000000 -1.000000
0.000000 0.000000 -1.000000
0.000000 0.000000 -1.000000
0.000000 0.000000 -1.000000
0.000000 0.000000 -1.000000
0.000000 0.000000 -1.000000
0.000000 0.000000 -1.000000
0.000000 0.000000 -1.000000
0.000000 0.000000 -1.000000
0.000000 0.000000 -1.000000
0.000000 0.000000 -1.000000
0.000000 0.000000 -1.000000
0.000000 0.000000 -1.000000
0.000000 0.000000 -1.000000
0.000000 0.000000 -1.000000
0.000000 0.000000 -1.000000
0.000000 0.000000 -1.000000
0.000000 0.000000 -1.000000
0.000000 0.000000 -1.000000
0.000000 0.000000 -1.000000
0.000000 0.000000 -1.000000
0.000000 0.000000 -1.000000
0.000000 0.000000 -1.000000
0.000000 0.000000 -1.000000
0.000000 0.000000 -1.000000
0.000000 0.000000 -1.000000
0.000000 0.000000 -1.000000
0.000000 0.000000 -1.000000
0.000000 0.000000 -1.000000
0.000000 0.000000 -1.000000
0.000000 0.000000 -1.000000
0.000000 0.000000 -1.000000
0.000000 0.000000 -1.000000
0.000000 0.000000 -1.000000
0.000000 0.000000 -1.000000
0.000000 0.000000 -1.000000
0.000000 0.000000 -1.000000
0.000000 0.000000 -1.000000
0.000000 0.000000 -1.000000
0.000000 0.000000 -1.000000
0.000000 0.000000 -1.000000
0.000000 0.000000 -1.000000
0.000000 0.000000 -1.000000
0.000000 0.000000 -1.000000
0.000000 0.000000 -1.000000
0.000000 0.000000 -1.000000
0.000000 0.000000 -1.000000
0.000000 0.000000 -1.000000
0.000000 0.000000 -1.000000
0.000000 0.000000 -1.000000
0.000000 0.000000 -1.000000
0.000000 0.000000 -1.000000
0.000000 0.000000 -1.000000
0.000000 0.000000 -1.000000
0.000000 0.000000 -1.000000
0.000000 0.000000 -1.000000
0.000000 0.000000 -1.000000
0.000000 0.000000 -1.000000
0.000000 0.000000 -1.000000
0.000000 0.000000 -1.000000
0.000000 0.000000 -1.000000
0.000000 0.000000 -1.000000
0.000000 0.000000 -1.000000
0.000000 0.000000 -1.000000
0.000000 0.000000 -1.000000
0.000000 0.000000 -1.000000
0.000000 0.000000 -1.000000
0.000000 0.000000 -1.000000
0.000000 0.000000 -1.000000
0.000000 0.000000 -1.000000
0.000000 0.000000 -1.000000
0.000000 0.000000 -1.000000
0.000000 0.000000 -1.000000
0.000000 0.000000 -1.000000
0.000000 0.000000 -1.000000
0.000000 0.000000 -1.000000
0.000000 0.000000 -1.000000
0.000000 0.000000 -1.000000
0.000000 0.000000 -1.000000
0.000000 0.000000 -1.000000
0.000000 0.000000 -1.000000
0.000000 0.000000 -1.000000
0.000000 0.000000 -1.000000
0.000000 0.000000 -1.000000
0.000000 0.000000 -1.000000
0.000000 0.000000 -1.000000
0.000000 0.000000 -1.000000
0.000000 0.000000 -1.000000
0.000000 0.000000 -1.000000
0.000000 0.000000 -1.000000
0.000000 0.000000 -1.000000
0.000000 0.000000 -1.000000
0.000000 0.000000 -1.000000
0.000000 0.000000 -1.000000
0.000000 0.000000 -1.000000
0.000000 0.000000 -1.000000
0.000000 0.000000 -1.000000
0.000000 0.000000 -1.000000
0.000000 0.000000 -1.000000
0.000000 0.000000 -1.000000
0.000000 0.000000 -1.000000
0.000000 0.000000 -1.000000
0.000000 0.000000 -1.000000
0.000000 0.000000 -1.000000
0.000000 0.000000 -1.000000
0.000000 0.000000 -1.000000
0.000000 0.000000 -1.000000
0.000000 0.000000 -1.000000
0.000000 0.000000 -1.000000
0.000000 0.000000 -1.000000
0.000000 0.000000 -1.000000
0.000000 0.000000 -1.000000
0.000000 0.000000 -1.000000
0.000000 0.000000 -1.000000
0.000000 0.000000 -1.000000
0.000000 0.000000 -1.000000
0.000000 0.000000 -1.000000
0.000000 0.000000 -1.000000
0.000000 0.000000 -1.000000
0.000000 0.000000 -1.000000
0.000000 0.000000 -1.000000
0.000000 0.000000 -1.000000
0.000000 0.000000 -1.000000
0.000000 0.000000 -1.000000
0.000000 0.000000 -1.000000
0.000000 0.000000 -1.000000
0.000000 0.000000 -1.000000
0.000000 0.000000 -1.000000
0.000000 0.000000 -1.000000
0.000000 0.000000 -1.000000
0.000000 0.000000 -1.000000
0.000000 0.000000 -1.000000
0.000000 0.000000 -1.000000
0.000000 0.000000 -1.000000
0.000000 0.000000 -1.000000
0.000000 0.000000 -1.000000
0.000000 0.000000 -1.000000
0.000000 0.000000 -1.000000
0.000000 0.000000 -1.000000
0.000000 0.000000 -1.000000
0.000000 0.000000 -1.000000
0.000000 0.000000 -1.000000
0.000000 0.000000 -1.000000
0.000000 0.000000 -1.000000
0.000000 0.000000 -1.000000
0.000000 0.000000 -1.000000
0.000000 0.000000 -1.000000
0.000000 0.000000 -1.000000
-0.000000 0.000000 1.000000
-0.000000 0.000000 1.000000
-0.000000 0.000000 1.000000
-0.000000 0.000000 1.000000
-0.000000 0.000000 1.000000
-0.000000 0.000000 1.000000
-0.000000 0.000000 1.000000
-0.000000 0.000000 1.000000
-0.000000 0.000000 1.000000
-0.000000 0.000000 1.000000
-0.000000 0.000000 1.000000
-0.000000 0.000000 1.000000
-0.000000 0.000000 1.000000
-0.000000 0.000000 1.000000
-0.000000 0.000000 1.000000
-0.000000 0.000000 1.000000
-0.000000 0.000000 1.000000
-0.000000 0.000000 1.000000
-0.000000 0.000000 1.000000
-0.000000 0.000000 1.000000
-0.000000 0.000000 1.000000
-0.000000 0.000000 1.000000
-0.000000 0.000000 1.000000
-0.000000 0.000000 1.000000
-0.000000 0.000000 1.000000
-0.000000 0.000000 1.000000
-0.000000 0.000000 1.000000
-0.000000 0.000000 1.000000
-0.000000 0.000000 1.000000
-0.000000 0.000000 1.000000
-0.000000 0.000000 1.000000
-0.000000 0.000000 1.000000
-0.000000 0.000000 1.000000
-0.000000 0.000000 1.000000
-0.000000 0.000000 1.000000
-0.000000 0.000000 1.000000
-0.000000 0.000000 1.000000
-0.000000 0.000000 1.000000
-0.000000 0.000000 1.000000
-0.000000 0.000000 1.000000
-0.000000 0.000000 1.000000
-0.000000 0.000000 1.000000
-0.000000 0.000000 1.000000
-0.000000 0.000000 1.000000
-0.000000 0.000000 1.000000
-0.000000 0.000000 1.000000
-0.000000 0.000000 1.000000
-0.000000 0.000000 1.000000
-0.000000 0.000000 1.000000
-0.000000 0.000000 1.000000
-0.000000 0.000000 1.000000
-0.000000 0.000000 1.000000
-0.000000 0.000000 1.000000
-0.000000 0.000000 1.000000
-0.000000 0.000000 1.000000
-0.000000 0.000000 1.000000
-0.000000 0.000000 1.000000
-0.000000 0.000000 1.000000
-0.000000 0.000000 1.000000
-0.000000 0.000000 1.000000
-0.000000 0.000000 1.000000
-0.000000 0.000000 1.000000
-0.000000 0.000000 1.000000
-0.000000 0.000000 1.000000
-0.000000 0.000000 1.000000
-0.000000 0.000000 1.000000
-0.000000 0.000000 1.000000
-0.000000 0.000000 1.000000
-0.000000 0.000000 1.000000
-0.000000 0.000000 1.000000
-0.000000 0.000000 1.000000
-0.000000 0.000000 1.000000
-0.000000 0.000000 1.000000
-0.000000 0.000000 1.000000
-0.000000 0.000000 1.000000
-0.000000 0.000000 1.000000
-0.000000 0.000000 1.000000
-0.000000 0.000000 1.000000
-0.000000 0.000000 1.000000
-0.000000 0.000000 1.000000
-0.000000 0.000000 1.000000
-0.000000 0.000000 1.000000
-0.000000 0.000000 1.000000
-0.000000 0.000000 1.000000
-0.000000 0.000000 1.000000
-0.000000 0.000000 1.000000
-0.000000 0.000000 1.000000
-0.000000 0.000000 1.000000
-0.000000 0.000000 1.000000
-0.000000 0.000000 1.000000
-0.000000 0.000000 1.000000
-0.000000 0.000000 1.000000
-0.000000 0.000000 1.000000
-0.000000 0.000000 1.000000
-0.000000 0.000000 1.000000
-0.000000 0.000000 1.000000
-0.000000 0.000000 1.000000
-0.000000 0.000000 1.000000
-0.000000 0.000000 1.000000
-0.000000 0.000000 1.000000
-0.000000 0.000000 1.000000
-0.000000 0.000000 1.000000
-0.000000 0.000000 1.000000
-0.000000 0.000000 1.000000
-0.000000 0.000000 1.000000
-0.000000 0.000000 1.000000
-0.000000 0.000000 1.000000
-0.000000 0.000000 1.000000
-0.000000 0.000000 1.000000
-0.000000 0.000000 1.000000
-0.000000 0.000000 1.000000
-0.000000 0.000000 1.000000
-0.000000 0.000000 1.000000
-0.000000 0.000000 1.000000
-0.000000 0.000000 1.000000
-0.000000 0.000000 1.000000
-0.000000 0.000000 1.000000
-0.000000 0.000000 1.000000
-0.000000 0.000000 1.000000
-0.000000 0.000000 1.000000
-0.000000 0.000000 1.000000
-0.000000 0.000000 1.000000
-0.000000 0.000000 1.000000
-0.000000 0.000000 1.000000
-0.000000 0.000000 1.000000
-0.000000 0.000000 1.000000
-0.000000 0.000000 1.000000
-0.000000 0.000000 1.000000
-0.000000 0.000000 1.000000
-0.000000 0.000000 1.000000
-0.000000 0.000000 1.000000
-0.000000 0.000000 1.000000
-0.000000 0.000000 1.000000
-0.000000 0.000000 1.000000
-0.000000 0.000000 1.000000
-0.000000 0.000000 1.000000
-0.000000 0.000000 1.000000
-0.000000 0.000000 1.000000
-0.000000 0.000000 1.000000
-0.000000 0.000000 1.000000
-0.000000 0.000000 1.000000
-0.000000 0.000000 1.000000
-0.000000 0.000000 1.000000
-0.000000 0.000000 1.000000
-0.000000 0.000000 1.000000
-0.000000 0.000000 1.000000
-0.000000 0.000000 1.000000
-0.000000 0.000000 1.000000
-0.000000 0.000000 1.000000
-0.000000 0.000000 1.000000
-0.000000 0.000000 1.000000
-0.000000 0.000000 1.000000
-0.000000 0.000000 1.000000
-0.000000 0.000000 1.000000
-0.000000 0.000000 1.000000
-0.000000 0.000000 1.000000
-0.000000 0.000000 1.000000
-0.000000 0.000000 1.000000
-0.000000 0.000000 1.000000
-0.000000 0.000000 1.000000
-0.000000 0.000000 1.000000
-0.000000 0.000000 1.000000
-0.000000 0.000000 1.000000
-0.000000 0.000000 1.000000
-0.000000 0.000000 1.000000
-0.000000 0.000000 1.000000
-0.000000 0.000000 1.000000
-0.000000 0.000000 1.000000
-0.000000 0.000000 1.000000
-0.000000 0.000000 1.000000
-0.000000 0.000000 1.000000
-0.000000 0.000000 1.000000
-0.000000 0.000000 1.000000
-0.000000 0.000000 1.000000
-0.000000 0.000000 1.000000
-0.000000 0.000000 1.000000
-0.000000 0.000000 1.000000
-0.000000 0.000000 1.000000
-0.000000 0.000000 1.000000
-0.000000 0.000000 1.000000
-0.000000 0.000000 1.000000
-0.000000 0.000000 1.000000
-0.000000 0.000000 1.000000
-0.000000 0.000000 1.000000
-0.000000 0.000000 1.000000
-0.000000 0.000000 1.000000
-0.000000 0.000000 1.000000
-0.000000 0.000000 1.000000
-0.000000 0.000000 1.000000
-0.000000 0.000000 1.000000
-0.000000 0.000000 1.000000
-0.000000 0.000000 1.000000
-0.000000 0.000000 1.000000
-0.000000 0.000000 1.000000
-0.000000 0.000000 1.000000
-0.000000 0.000000 1.000000
-0.000000 0.000000 1.000000
-0.000000 0.000000 1.000000
-0.096766 0.995307 0.000000
-0.096766 0.995307 0.000000
-0.096766 0.995307 0.000000
-0.096766 0.995307 0.000000
-0.096766 0.995307 0.000000
-0.096766 0.995307 0.000000
0.096766 -0.995307 0.000000
0.096766 -0.995307 0.000000
0.096766 -0.995307 0.000000
0.096766 -0.995307 0.000000
0.096766 -0.995307 0.000000
0.096766 -0.995307 0.000000
0.954311 0.298815 0.000000
0.888840 0.458217 0.000000
0.888840 0.458217 0.000000
0.888840 0.458217 0.000000
0.954311 0.298815 0.000000
0.954311 0.298815 0.000000
-0.954311 -0.298815 0.000000
-0.954311 -0.298815 0.000000
-0.888840 -0.458217 -0.000000
-0.888840 -0.458217 -0.000000
-0.888840 -0.458217 -0.000000
-0.954311 -0.298815 0.000000
0.888840 0.458217 0.000000
0.652660 0.757651 -0.000000
0.652660 0.757651 -0.000000
0.652660 0.757651 -0.000000
0.888840 0.458217 0.000000
0.888840 0.458217 0.000000
-0.888840 -0.458217 -0.000000
-0.888840 -0.458217 -0.000000
-0.652660 -0.757651 0.000000
-0.652660 -0.757651 0.000000
-0.652660 -0.757651 0.000000
-0.888840 -0.458217 -0.000000
0.652660 0.757651 -0.000000
0.314258 0.949338 -0.000000
0.652660 0.757651 -0.000000
0.314258 0.949338 -0.000000
0.652660 0.757651 -0.000000
0.314258 0.949338 -0.000000
-0.314258 -0.949338 0.000000
-0.652660 -0.757651 0.000000
-0.314258 -0.949338 0.000000
-0.652660 -0.757651 0.000000
-0.314258 -0.949338 0.000000
-0.652660 -0.757651 0.000000
0.314258 0.949338 -0.000000
0.009691 0.999953 -0.000000
0.314258 0.949338 -0.000000
0.009691 0.999953 -0.000000
0.314258 0.949338 -0.000000
0.009691 0.999953 -0.000000
-0.009691 -0.999953 0.000000
-0.314258 -0.949338 0.000000
-0.009691 -0.999953 0.000000
-0.314258 -0.949338 0.000000
-0.009691 -0.999953 0.000000
-0.314258 -0.949338 0.000000
0.009691 0.999953 -0.000000
-0.289053 0.957313 -0.000000
0.009691 0.999953 -0.000000
-0.289053 0.957313 -0.000000
0.009691 0.999953 -0.000000
-0.289053 0.957313 -0.000000
0.289053 -0.957313 0.000000
-0.009691 -0.999953 0.000000
0.289053 -0.957313 0.000000
-0.009691 -0.999953 0.000000
0.289053 -0.957313 0.000000
-0.009691 -0.999953 0.000000
-0.289053 0.957313 -0.000000
-0.623058 0.782176 -0.000000
-0.289053 0.957313 -0.000000
-0.623058 0.782176 -0.000000
-0.289053 0.957313 -0.000000
-0.623058 0.782176 -0.000000
0.623058 -0.782176 0.000000
0.289053 -0.957313 0.000000
0.623058 -0.782176 0.000000
0.289053 -0.957313 0.000000
0.623058 -0.782176 0.000000
0.289053 -0.957313 0.000000
-0.894626 0.446816 -0.000000
-0.623058 0.782176 -0.000000
-0.623058 0.782176 -0.000000
-0.623058 0.782176 -0.000000
-0.894626 0.446816 -0.000000
-0.894626 0.446816 -0.000000
0.894626 -0.446816 0.000000
0.894626 -0.446816 0.000000
0.623058 -0.782176 0.000000
0.623058 -0.782176 0.000000
0.623058 -0.782176 0.000000
0.894626 -0.446816 0.000000
-0.999252 0.038665 -0.000000
-0.894626 0.446816 -0.000000
-0.894626 0.446816 -0.000000
-0.894626 0.446816 -0.000000
-0.999252 0.038665 -0.000000
-0.999252 0.038665 -0.000000
0.999252 -0.038665 0.000000
0.999252 -0.038665 0.000000
0.894626 -0.446816 0.000000
0.894626 -0.446816 0.000000
0.894626 -0.446816 0.000000
0.999252 -0.038665 0.000000
-0.943981 -0.330000 -0.000000
-0.999252 0.038665 -0.000000
-0.999252 0.038665 -0.000000
-0.999252 0.038665 -0.000000
-0.943981 -0.330000 -0.000000
-0.943981 -0.330000 -0.000000
0.943981 0.330000 0.000000
0.943981 0.330000 0.000000
0.999252 -0.038665 0.000000
0.999252 -0.038665 0.000000
0.999252 -0.038665 0.000000
0.943981 0.330000 0.000000
-0.764039 -0.645170 -0.000000
-0.943981 -0.330000 -0.000000
-0.943981 -0.330000 -0.000000
-0.943981 -0.330000 -0.000000
-0.764039 -0.645170 -0.000000
-0.764039 -0.645170 -0.000000
0.764039 0.645170 0.000000
0.764039 0.645170 0.000000
0.943981 0.330000 0.000000
0.943981 0.330000 0.000000
0.943981 0.330000 0.000000
0.764039 0.645170 0.000000
-0.764039 -0.645170 -0.000000
-0.527115 -0.849794 0.000000
-0.764039 -0.645170 -0.000000
-0.527115 -0.849794 0.000000
-0.764039 -0.645170 -0.000000
-0.527115 -0.849794 0.000000
0.527115 0.849794 0.000000
0.764039 0.645170 0.000000
0.527115 0.849794 0.000000
0.764039 0.645170 0.000000
0.527115 0.849794 0.000000
0.764039 0.645170 0.000000
-0.527115 -0.849794 0.000000
-0.338375 -0.941011 0.000000
-0.527115 -0.849794 0.000000
-0.338375 -0.941011 0.000000
-0.527115 -0.849794 0.000000
-0.338375 -0.941011 0.000000
0.338375 0.941011 -0.000000
0.527115 0.849794 0.000000
0.338375 0.941011 -0.000000
0.527115 0.849794 0.000000
0.338375 0.941011 -0.000000
0.527115 0.849794 0.000000
-0.338375 -0.941011 0.000000
-0.284852 -0.958571 0.000000
-0.338375 -0.941011 0.000000
-0.284852 -0.958571 0.000000
-0.338375 -0.941011 0.000000
-0.284852 -0.958571 0.000000
0.284852 0.958571 -0.000000
0.338375 0.941011 -0.000000
0.284852 0.958571 -0.000000
0.338375 0.941011 -0.000000
0.284852 0.958571 -0.000000
0.338375 0.941011 -0.000000
-0.284852 -0.958571 0.000000
-0.382166 -0.924094 0.000000
-0.284852 -0.958571 0.000000
-0.382166 -0.924094 0.000000
-0.284852 -0.958571 0.000000
-0.382166 -0.924094 0.000000
0.382166 0.924094 -0.000000
0.284852 0.958571 -0.000000
0.382166 0.924094 -0.000000
0.284852 0.958571 -0.000000
0.382166 0.924094 -0.000000
0.284852 0.958571 -0.000000
-0.382166 -0.924094 0.000000
-0.522062 -0.852908 0.000000
-0.382166 -0.924094 0.000000
-0.522062 -0.852908 0.000000
-0.382166 -0.924094 0.000000
-0.522062 -0.852908 0.000000
0.522062 0.852908 -0.000000
0.382166 0.924094 -0.000000
0.522062 0.852908 -0.000000
0.382166 0.924094 -0.000000
0.522062 0.852908 -0.000000
0.382166 0.924094 -0.000000
-0.522062 -0.852908 0.000000
-0.663975 -0.747755 -0.000000
-0.522062 -0.852908 0.000000
-0.663975 -0.747755 -0.000000
-0.522062 -0.852908 0.000000
-0.663975 -0.747755 -0.000000
0.663975 0.747755 0.000000
0.522062 0.852908 -0.000000
0.663975 0.747755 0.000000
0.522062 0.852908 -0.000000
0.663975 0.747755 0.000000
0.522062 0.852908 -0.000000
-0.800182 -0.599758 -0.000000
-0.663975 -0.747755 -0.000000
-0.663975 -0.747755 -0.000000
-0.663975 -0.747755 -0.000000
-0.800182 -0.599758 -0.000000
-0.800182 -0.599758 -0.000000
0.800182 0.599758 0.000000
0.800182 0.599758 0.000000
0.663975 0.747755 0.000000
0.663975 0.747755 0.000000
0.663975 0.747755 0.000000
0.800182 0.599758 0.000000
-0.909590 -0.415507 -0.000000
-0.800182 -0.599758 -0.000000
-0.800182 -0.599758 -0.000000
-0.800182 -0.599758 -0.000000
-0.909590 -0.415507 -0.000000
-0.909590 -0.415507 -0.000000
0.909590 0.415507 0.000000
0.909590 0.415507 0.000000
0.800182 0.599758 0.000000
0.800182 0.599758 0.000000
0.800182 0.599758 0.000000
0.909590 0.415507 0.000000
-0.978255 -0.207407 0.000000
-0.909590 -0.415507 -0.000000
-0.909590 -0.415507 -0.000000
-0.909590 -0.415507 -0.000000
-0.978255 -0.207407 0.000000
-0.978255 -0.207407 0.000000
0.978255 0.207407 -0.000000
0.978255 0.207407 -0.000000
0.909590 0.415507 0.000000
0.909590 0.415507 0.000000
0.909590 0.415507 0.000000
0.978255 0.207407 -0.000000
-0.999747 0.022481 0.000000
-0.978255 -0.207407 0.000000
-0.978255 -0.207407 0.000000
-0.978255 -0.207407 0.000000
-0.999747 0.022481 0.000000
-0.999747 0.022481 0.000000
0.999747 -0.022481 0.000000
0.999747 -0.022481 0.000000
0.978255 0.207407 -0.000000
0.978255 0.207407 -0.000000
0.978255 0.207407 -0.000000
0.999747 -0.022481 0.000000
-0.957441 0.288628 -0.000000
-0.999747 0.022481 0.000000
-0.999747 0.022481 0.000000
-0.999747 0.022481 0.000000
-0.957441 0.288628 -0.000000
-0.957441 0.288628 -0.000000
0.957441 -0.288628 0.000000
0.957441 -0.288628 0.000000
0.999747 -0.022481 0.000000
0.999747 -0.022481 0.000000
0.999747 -0.022481 0.000000
0.957441 -0.288628 0.000000
-0.832517 0.553999 -0.000000
-0.957441 0.288628 -0.000000
-0.957441 0.288628 -0.000000
-0.957441 0.288628 -0.000000
-0.832517 0.553999 -0.000000
-0.832517 0.553999 -0.000000
0.832517 -0.553999 0.000000
0.832517 -0.553999 0.000000
0.957441 -0.288628 0.000000
0.957441 -0.288628 0.000000
0.957441 -0.288628 0.000000
0.832517 -0.553999 0.000000
-0.633570 0.773685 0.000000
-0.832517 0.553999 -0.000000
-0.832517 0.553999 -0.000000
-0.832517 0.553999 -0.000000
-0.633570 0.773685 0.000000
-0.633570 0.773685 0.000000
0.633570 -0.773685 -0.000000
0.633570 -0.773685 -0.000000
0.832517 -0.553999 0.000000
0.832517 -0.553999 0.000000
0.832517 -0.553999 0.000000
0.633570 -0.773685 -0.000000
-0.633570 0.773685 0.000000
-0.397693 0.917518 0.000000
-0.633570 0.773685 0.000000
-0.397693 0.917518 0.000000
-0.633570 0.773685 0.000000
-0.397693 0.917518 0.000000
0.397693 -0.917518 -0.000000
0.633570 -0.773685 -0.000000
0.397693 -0.917518 -0.000000
0.633570 -0.773685 -0.000000
0.397693 -0.917518 -0.000000
0.633570 -0.773685 -0.000000
-0.397693 0.917518 0.000000
-0.180764 0.983527 -0.000000
-0.397693 0.917518 0.000000
-0.180764 0.983527 -0.000000
-0.397693 0.917518 0.000000
-0.180764 0.983527 -0.000000
0.180764 -0.983527 0.000000
0.397693 -0.917518 -0.000000
0.180764 -0.983527 0.000000
0.397693 -0.917518 -0.000000
0.180764 -0.983527 0.000000
0.397693 -0.917518 -0.000000
-0.180764 0.983527 -0.000000
-0.011440 0.999935 -0.000000
-0.180764 0.983527 -0.000000
-0.011440 0.999935 -0.000000
-0.180764 0.983527 -0.000000
-0.011440 0.999935 -0.000000
0.011440 -0.999935 0.000000
0.180764 -0.983527 0.000000
0.011440 -0.999935 0.000000
0.180764 -0.983527 0.000000
0.011440 -0.999935 0.000000
0.180764 -0.983527 0.000000
-0.011440 0.999935 -0.000000
0.128397 0.991723 -0.000000
-0.011440 0.999935 -0.000000
0.128397 0.991723 -0.000000
-0.011440 0.999935 -0.000000
0.128397 0.991723 -0.000000
-0.128397 -0.991723 0.000000
0.011440 -0.999935 0.000000
-0.128397 -0.991723 0.000000
0.011440 -0.999935 0.000000
-0.128397 -0.991723 0.000000
0.011440 -0.999935 0.000000
0.128397 0.991723 -0.000000
0.284382 0.958711 -0.000000
0.128397 0.991723 -0.000000
0.284382 0.958711 -0.000000
0.128397 0.991723 -0.000000
0.284382 0.958711 -0.000000
-0.284382 -0.958711 0.000000
-0.128397 -0.991723 0.000000
-0.284382 -0.958711 0.000000
-0.128397 -0.991723 0.000000
-0.284382 -0.958711 0.000000
-0.128397 -0.991723 0.000000
0.284382 0.958711 -0.000000
0.467168 0.884169 0.000000
0.284382 0.958711 -0.000000
0.467168 0.884169 0.000000
0.284382 0.958711 -0.000000
0.467168 0.884169 0.000000
-0.467168 -0.884169 -0.000000
-0.284382 -0.958711 0.000000
-0.467168 -0.884169 -0.000000
-0.284382 -0.958711 0.000000
-0.467168 -0.884169 -0.000000
-0.284382 -0.958711 0.000000
0.467168 0.884169 0.000000
0.648879 0.760892 0.000000
0.467168 0.884169 0.000000
0.648879 0.760892 0.000000
0.467168 0.884169 0.000000
0.648879 0.760892 0.000000
-0.648879 -0.760892 0.000000
-0.467168 -0.884169 -0.000000
-0.648879 -0.760892 0.000000
-0.467168 -0.884169 -0.000000
-0.648879 -0.760892 0.000000
-0.467168 -0.884169 -0.000000
0.648879 0.760892 0.000000
0.799499 0.600667 0.000000
0.799499 0.600667 0.000000
0.799499 0.600667 0.000000
0.648879 0.760892 0.000000
0.648879 0.760892 0.000000
-0.648879 -0.760892 0.000000
-0.648879 -0.760892 0.000000
-0.799499 -0.600667 0.000000
-0.799499 -0.600667 0.000000
-0.799499 -0.600667 0.000000
-0.648879 -0.760892 0.000000
0.799499 0.600667 0.000000
0.910108 0.414371 0.000000
0.910108 0.414371 0.000000
0.910108 0.414371 0.000000
0.799499 0.600667 0.000000
0.799499 0.600667 0.000000
-0.799499 -0.600667 0.000000
-0.799499 -0.600667 0.000000
-0.910108 -0.414371 -0.000000
-0.910108 -0.414371 -0.000000
-0.910108 -0.414371 -0.000000
-0.799499 -0.600667 0.000000
0.910108 0.414371 0.000000
0.975766 0.218818 0.000000
0.975766 0.218818 0.000000
0.975766 0.218818 0.000000
0.910108 0.414371 0.000000
0.910108 0.414371 0.000000
-0.910108 -0.414371 -0.000000
-0.910108 -0.414371 -0.000000
-0.975766 -0.218818 -0.000000
-0.975766 -0.218818 -0.000000
-0.975766 -0.218818 -0.000000
-0.910108 -0.414371 -0.000000
0.975766 0.218818 0.000000
0.992544 0.121886 0.000000
0.992544 0.121886 0.000000
0.992544 0.121886 0.000000
0.975766 0.218818 0.000000
0.975766 0.218818 0.000000
-0.975766 -0.218818 -0.000000
-0.975766 -0.218818 -0.000000
-0.992544 -0.121886 -0.000000
-0.992544 -0.121886 -0.000000
-0.992544 -0.121886 -0.000000
-0.975766 -0.218818 -0.000000
0.043877 -0.999037 -0.000000
0.043877 -0.999037 -0.000000
0.043877 -0.999037 -0.000000
0.043877 -0.999037 -0.000000
0.043877 -0.999037 -0.000000
0.043877 -0.999037 -0.000000
-0.043877 0.999037 0.000000
-0.043877 0.999037 0.000000
-0.043877 0.999037 0.000000
-0.043877 0.999037 0.000000
-0.043877 0.999037 0.000000
-0.043877 0.999037 0.000000
-0.885415 -0.464802 0.000000
-0.955806 -0.293999 0.000000
-0.955806 -0.293999 0.000000
-0.955806 -0.293999 0.000000
-0.885415 -0.464802 0.000000
-0.885415 -0.464802 0.000000
0.885415 0.464802 -0.000000
0.885415 0.464802 -0.000000
0.955806 0.293999 -0.000000
0.955806 0.293999 -0.000000
0.955806 0.293999 -0.000000
0.885415 0.464802 -0.000000
-0.623333 -0.781957 0.000000
-0.885415 -0.464802 0.000000
-0.885415 -0.464802 0.000000
-0.885415 -0.464802 0.000000
-0.623333 -0.781957 0.000000
-0.623333 -0.781957 0.000000
0.623333 0.781957 0.000000
0.623333 0.781957 0.000000
0.885415 0.464802 -0.000000
0.885415 0.464802 -0.000000
0.885415 0.464802 -0.000000
0.623333 0.781957 0.000000
-0.623333 -0.781957 0.000000
-0.274565 -0.961568 0.000000
-0.623333 -0.781957 0.000000
-0.274565 -0.961568 0.000000
-0.623333 -0.781957 0.000000
-0.274565 -0.961568 0.000000
0.274565 0.961568 -0.000000
0.623333 0.781957 0.000000
0.274565 0.961568 -0.000000
0.623333 0.781957 0.000000
0.274565 0.961568 -0.000000
0.623333 0.781957 0.000000
-0.274565 -0.961568 0.000000
0.001024 -1.000000 0.000000
-0.274565 -0.961568 0.000000
0.001024 -1.000000 0.000000
-0.274565 -0.961568 0.000000
0.001024 -1.000000 0.000000
-0.001024 1.000000 -0.000000
0.274565 0.961568 -0.000000
-0.001024 1.000000 -0.000000
0.274565 0.961568 -0.000000
-0.001024 1.000000 -0.000000
0.274565 0.961568 -0.000000
0.001024 -1.000000 0.000000
0.268315 -0.963331 0.000000
0.001024 -1.000000 0.000000
0.268315 -0.963331 0.000000
0.001024 -1.000000 0.000000
0.268315 -0.963331 0.000000
-0.268315 0.963331 -0.000000
-0.001024 1.000000 -0.000000
-0.268315 0.963331 -0.000000
-0.001024 1.000000 -0.000000
-0.268315 0.963331 -0.000000
-0.001024 1.000000 -0.000000
0.268315 -0.963331 0.000000
0.594746 -0.803913 0.000000
0.268315 -0.963331 0.000000
0.594746 -0.803913 0.000000
0.268315 -0.963331 0.000000
0.594746 -0.803913 0.000000
-0.594746 0.803913 -0.000000
-0.268315 0.963331 -0.000000
-0.594746 0.803913 -0.000000
-0.268315 0.963331 -0.000000
-0.594746 0.803913 -0.000000
-0.268315 0.963331 -0.000000
0.594746 -0.803913 0.000000
0.889100 -0.457713 0.000000
0.889100 -0.457713 0.000000
0.889100 -0.457713 0.000000
0.594746 -0.803913 0.000000
0.594746 -0.803913 0.000000
-0.594746 0.803913 -0.000000
-0.594746 0.803913 -0.000000
-0.889100 0.457713 -0.000000
-0.889100 0.457713 -0.000000
-0.889100 0.457713 -0.000000
-0.594746 0.803913 -0.000000
0.889100 -0.457713 0.000000
1.000000 -0.000612 0.000000
1.000000 -0.000612 0.000000
1.000000 -0.000612 0.000000
0.889100 -0.457713 0.000000
0.889100 -0.457713 0.000000
-0.889100 0.457713 -0.000000
-0.889100 0.457713 -0.000000
-1.000000 0.000612 -0.000000
-1.000000 0.000612 -0.000000
-1.000000 0.000612 -0.000000
-0.889100 0.457713 -0.000000
1.000000 -0.000612 0.000000
0.899391 0.437146 0.000000
0.899391 0.437146 0.000000
0.899391 0.437146 0.000000
1.000000 -0.000612 0.000000
1.000000 -0.000612 0.000000
-1.000000 0.000612 -0.000000
-1.000000 0.000612 -0.000000
-0.899391 -0.437146 -0.000000
-0.899391 -0.437146 -0.000000
-0.899391 -0.437146 -0.000000
-1.000000 0.000612 -0.000000
0.899391 0.437146 0.000000
0.626359 0.779535 0.000000
0.626359 0.779535 0.000000
0.626359 0.779535 0.000000
0.899391 0.437146 0.000000
0.899391 0.437146 0.000000
-0.899391 -0.437146 -0.000000
-0.899391 -0.437146 -0.000000
-0.626359 -0.779535 -0.000000
-0.626359 -0.779535 -0.000000
-0.626359 -0.779535 -0.000000
-0.899391 -0.437146 -0.000000
0.626359 0.779535 0.000000
0.361823 0.932247 -0.000000
0.626359 0.779535 0.000000
0.361823 0.932247 -0.000000
0.626359 0.779535 0.000000
0.361823 0.932247 -0.000000
-0.361823 -0.932247 0.000000
-0.626359 -0.779535 -0.000000
-0.361823 -0.932247 0.000000
-0.626359 -0.779535 -0.000000
-0.361823 -0.932247 0.000000
-0.626359 -0.779535 -0.000000
0.361823 0.932247 -0.000000
0.269718 0.962939 -0.000000
0.361823 0.932247 -0.000000
0.269718 0.962939 -0.000000
0.361823 0.932247 -0.000000
0.269718 0.962939 -0.000000
-0.269718 -0.962939 0.000000
-0.361823 -0.932247 0.000000
-0.269718 -0.962939 0.000000
-0.361823 -0.932247 0.000000
-0.269718 -0.962939 0.000000
-0.361823 -0.932247 0.000000
0.269718 0.962939 -0.000000
0.322282 0.946644 -0.000000
0.269718 0.962939 -0.000000
0.322282 0.946644 -0.000000
0.269718 0.962939 -0.000000
0.322282 0.946644 -0.000000
-0.322282 -0.946644 0.000000
-0.269718 -0.962939 0.000000
-0.322282 -0.946644 0.000000
-0.269718 -0.962939 0.000000
-0.322282 -0.946644 0.000000
-0.269718 -0.962939 0.000000
0.322282 0.946644 -0.000000
0.478133 0.878287 0.000000
0.322282 0.946644 -0.000000
0.478133 0.878287 0.000000
0.322282 0.946644 -0.000000
0.478133 0.878287 0.000000
-0.478133 -0.878287 0.000000
-0.322282 -0.946644 0.000000
-0.478133 -0.878287 0.000000
-0.322282 -0.946644 0.000000
-0.478133 -0.878287 0.000000
-0.322282 -0.946644 0.000000
0.478133 0.878287 0.000000
0.678307 0.734779 0.000000
0.478133 0.878287 0.000000
0.678307 0.734779 0.000000
0.478133 0.878287 0.000000
0.678307 0.734779 0.000000
-0.678307 -0.734779 0.000000
-0.478133 -0.878287 0.000000
-0.678307 -0.734779 0.000000
-0.478133 -0.878287 0.000000
-0.678307 -0.734779 0.000000
-0.478133 -0.878287 0.000000
0.678307 0.734779 0.000000
0.856740 0.515749 -0.000000
0.856740 0.515749 -0.000000
0.856740 0.515749 -0.000000
0.678307 0.734779 0.000000
0.678307 0.734779 0.000000
-0.678307 -0.734779 0.000000
-0.678307 -0.734779 0.000000
-0.856740 -0.515749 0.000000
-0.856740 -0.515749 0.000000
-0.856740 -0.515749 0.000000
-0.678307 -0.734779 0.000000
0.856740 0.515749 -0.000000
0.967969 0.251071 0.000000
0.967969 0.251071 0.000000
0.967969 0.251071 0.000000
0.856740 0.515749 -0.000000
0.856740 0.515749 -0.000000
-0.856740 -0.515749 0.000000
-0.856740 -0.515749 0.000000
-0.967969 -0.251071 -0.000000
-0.967969 -0.251071 -0.000000
-0.967969 -0.251071 -0.000000
-0.856740 -0.515749 0.000000
0.967969 0.251071 0.000000
0.999898 -0.014298 0.000000
0.999898 -0.014298 0.000000
0.999898 -0.014298 0.000000
0.967969 0.251071 0.000000
0.967969 0.251071 0.000000
-0.967969 -0.251071 -0.000000
-0.967969 -0.251071 -0.000000
-0.999898 0.014298 -0.000000
-0.999898 0.014298 -0.000000
-0.999898 0.014298 -0.000000
-0.967969 -0.251071 -0.000000
0.999898 -0.014298 0.000000
0.959091 -0.283097 0.000000
0.959091 -0.283097 0.000000
0.959091 -0.283097 0.000000
0.999898 -0.014298 0.000000
0.999898 -0.014298 0.000000
-0.999898 0.014298 -0.000000
-0.999898 0.014298 -0.000000
-0.959091 0.283097 -0.000000
-0.959091 0.283097 -0.000000
-0.959091 0.283097 -0.000000
-0.999898 0.014298 -0.000000
0.959091 -0.283097 0.000000
0.838105 -0.545509 -0.000000
0.838105 -0.545509 -0.000000
0.838105 -0.545509 -0.000000
0.959091 -0.283097 0.000000
0.959091 -0.283097 0.000000
-0.959091 0.283097 -0.000000
-0.959091 0.283097 -0.000000
-0.838105 0.545509 0.000000
-0.838105 0.545509 0.000000
-0.838105 0.545509 0.000000
-0.959091 0.283097 -0.000000
0.838105 -0.545509 -0.000000
0.638738 -0.769424 0.000000
0.638738 -0.769424 0.000000
0.638738 -0.769424 0.000000
0.838105 -0.545509 -0.000000
0.838105 -0.545509 -0.000000
-0.838105 0.545509 0.000000
-0.838105 0.545509 0.000000
-0.638738 0.769424 -0.000000
-0.638738 0.769424 -0.000000
-0.638738 0.769424 -0.000000
-0.838105 0.545509 0.000000
0.638738 -0.769424 0.000000
0.393807 -0.919193 0.000000
0.638738 -0.769424 0.000000
0.393807 -0.919193 0.000000
0.638738 -0.769424 0.000000
0.393807 -0.919193 0.000000
-0.393807 0.919193 -0.000000
-0.638738 0.769424 -0.000000
-0.393807 0.919193 -0.000000
-0.638738 0.769424 -0.000000
-0.393807 0.919193 -0.000000
-0.638738 0.769424 -0.000000
0.393807 -0.919193 0.000000
0.173307 -0.984868 -0.000000
0.393807 -0.919193 0.000000
0.173307 -0.984868 -0.000000
0.393807 -0.919193 0.000000
0.173307 -0.984868 -0.000000
-0.173307 0.984868 0.000000
-0.393807 0.919193 -0.000000
-0.173307 0.984868 0.000000
-0.393807 0.919193 -0.000000
-0.173307 0.984868 0.000000
-0.393807 0.919193 -0.000000
0.173307 -0.984868 -0.000000
0.007456 -0.999972 -0.000000
0.173307 -0.984868 -0.000000
0.007456 -0.999972 -0.000000
0.173307 -0.984868 -0.000000
0.007456 -0.999972 -0.000000
-0.007456 0.999972 0.000000
-0.173307 0.984868 0.000000
-0.007456 0.999972 0.000000
-0.173307 0.984868 0.000000
-0.007456 0.999972 0.000000
-0.173307 0.984868 0.000000
0.007456 -0.999972 -0.000000
-0.133654 -0.991028 0.000000
0.007456 -0.999972 -0.000000
-0.133654 -0.991028 0.000000
0.007456 -0.999972 -0.000000
-0.133654 -0.991028 0.000000
0.133654 0.991028 -0.000000
-0.007456 0.999972 0.000000
0.133654 0.991028 -0.000000
-0.007456 0.999972 0.000000
0.133654 0.991028 -0.000000
-0.007456 0.999972 0.000000
-0.133654 -0.991028 0.000000
-0.292316 -0.956322 0.000000
-0.133654 -0.991028 0.000000
-0.292316 -0.956322 0.000000
-0.133654 -0.991028 0.000000
-0.292316 -0.956322 0.000000
0.292316 0.956322 -0.000000
0.133654 0.991028 -0.000000
0.292316 0.956322 -0.000000
0.133654 0.991028 -0.000000
0.292316 0.956322 -0.000000
0.133654 0.991028 -0.000000
-0.292316 -0.956322 0.000000
-0.472500 -0.881330 0.000000
-0.292316 -0.956322 0.000000
-0.472500 -0.881330 0.000000
-0.292316 -0.956322 0.000000
-0.472500 -0.881330 0.000000
0.472500 0.881330 0.000000
0.292316 0.956322 -0.000000
0.472500 0.881330 0.000000
0.292316 0.956322 -0.000000
0.472500 0.881330 0.000000
0.292316 0.956322 -0.000000
-0.472500 -0.881330 0.000000
-0.650445 -0.759554 -0.000000
-0.472500 -0.881330 0.000000
-0.650445 -0.759554 -0.000000
-0.472500 -0.881330 0.000000
-0.650445 -0.759554 -0.000000
0.650445 0.759554 0.000000
0.472500 0.881330 0.000000
0.650445 0.759554 0.000000
0.472500 0.881330 0.000000
0.650445 0.759554 0.000000
0.472500 0.881330 0.000000
-0.797699 -0.603056 -0.000000
-0.650445 -0.759554 -0.000000
-0.650445 -0.759554 -0.000000
-0.650445 -0.759554 -0.000000
-0.797699 -0.603056 -0.000000
-0.797699 -0.603056 -0.000000
0.797699 0.603056 0.000000
0.797699 0.603056 0.000000
0.650445 0.759554 0.000000
0.650445 0.759554 0.000000
0.650445 0.759554 0.000000
0.797699 0.603056 0.000000
-0.901825 -0.432101 -0.000000
-0.797699 -0.603056 -0.000000
-0.797699 -0.603056 -0.000000
-0.797699 -0.603056 -0.000000
-0.901825 -0.432101 -0.000000
-0.901825 -0.432101 -0.000000
0.901825 0.432101 0.000000
0.901825 0.432101 0.000000
0.797699 0.603056 0.000000
0.797699 0.603056 0.000000
0.797699 0.603056 0.000000
0.901825 0.432101 0.000000
-0.963874 -0.266359 -0.000000
-0.901825 -0.432101 -0.000000
-0.901825 -0.432101 -0.000000
-0.901825 -0.432101 -0.000000
-0.963874 -0.266359 -0.000000
-0.963874 -0.266359 -0.000000
0.963874 0.266359 0.000000
0.963874 0.266359 0.000000
0.901825 0.432101 0.000000
0.901825 0.432101 0.000000
0.901825 0.432101 0.000000
0.963874 0.266359 0.000000
-0.982385 -0.186868 -0.000000
-0.963874 -0.266359 -0.000000
-0.963874 -0.266359 -0.000000
-0.963874 -0.266359 -0.000000
-0.982385 -0.186868 -0.000000
-0.982385 -0.186868 -0.000000
0.982385 0.186868 0.000000
0.982385 0.186868 0.000000
0.963874 0.266359 0.000000
0.963874 0.266359 0.000000
0.963874 0.266359 0.000000
0.982385 0.186868 0.000000
-0.000000 0.000000 1.000000
-0.000000 0.000000 1.000000
-0.000000 0.000000 1.000000
-0.000000 0.000000 1.000000
-0.000000 0.000000 1.000000
-0.000000 0.000000 1.000000
-0.000000 0.000000 1.000000
-0.000000 0.000000 1.000000
-0.000000 0.000000 1.000000
-0.000000 0.000000 1.000000
-0.000000 0.000000 1.000000
-0.000000 0.000000 1.000000
-0.000000 0.000000 1.000000
-0.000000 0.000000 1.000000
-0.000000 0.000000 1.000000
-0.000000 0.000000 1.000000
-0.000000 0.000000 1.000000
-0.000000 0.000000 1.000000
-0.000000 0.000000 1.000000
-0.000000 0.000000 1.000000
-0.000000 0.000000 1.000000
-0.000000 0.000000 1.000000
-0.000000 0.000000 1.000000
-0.000000 0.000000 1.000000
-0.000000 0.000000 1.000000
-0.000000 0.000000 1.000000
-0.000000 0.000000 1.000000
-0.000000 0.000000 1.000000
-0.000000 0.000000 1.000000
-0.000000 0.000000 1.000000
-0.000000 0.000000 1.000000
-0.000000 0.000000 1.000000
-0.000000 0.000000 1.000000
-0.000000 0.000000 1.000000
-0.000000 0.000000 1.000000
-0.000000 0.000000 1.000000
-0.000000 0.000000 1.000000
-0.000000 0.000000 1.000000
-0.000000 0.000000 1.000000
-0.000000 0.000000 1.000000
-0.000000 0.000000 1.000000
-0.000000 0.000000 1.000000
-0.000000 0.000000 1.000000
-0.000000 0.000000 1.000000
-0.000000 0.000000 1.000000
-0.000000 0.000000 1.000000
-0.000000 0.000000 1.000000
-0.000000 0.000000 1.000000
-0.000000 0.000000 1.000000
-0.000000 0.000000 1.000000
-0.000000 0.000000 1.000000
-0.000000 0.000000 1.000000
-0.000000 0.000000 1.000000
-0.000000 0.000000 1.000000
-0.000000 0.000000 1.000000
-0.000000 0.000000 1.000000
-0.000000 0.000000 1.000000
-0.000000 0.000000 1.000000
-0.000000 0.000000 1.000000
-0.000000 0.000000 1.000000
-0.000000 0.000000 1.000000
-0.000000 0.000000 1.000000
-0.000000 0.000000 1.000000
-0.000000 0.000000 1.000000
-0.000000 0.000000 1.000000
-0.000000 0.000000 1.000000
-0.000000 0.000000 1.000000
-0.000000 0.000000 1.000000
-0.000000 0.000000 1.000000
-0.000000 0.000000 1.000000
-0.000000 0.000000 1.000000
-0.000000 0.000000 1.000000
-0.000000 0.000000 1.000000
-0.000000 0.000000 1.000000
-0.000000 0.000000 1.000000
-0.000000 0.000000 1.000000
-0.000000 0.000000 1.000000
-0.000000 0.000000 1.000000
-0.000000 0.000000 1.000000
-0.000000 0.000000 1.000000
-0.000000 0.000000 1.000000
-0.000000 0.000000 1.000000
-0.000000 0.000000 1.000000
-0.000000 0.000000 1.000000
-0.000000 0.000000 1.000000
-0.000000 0.000000 1.000000
-0.000000 0.000000 1.000000
-0.000000 0.000000 1.000000
-0.000000 0.000000 1.000000
-0.000000 0.000000 1.000000
-0.000000 0.000000 1.000000
-0.000000 0.000000 1.000000
-0.000000 0.000000 1.000000
-0.000000 0.000000 1.000000
-0.000000 0.000000 1.000000
-0.000000 0.000000 1.000000
-0.000000 0.000000 1.000000
-0.000000 0.000000 1.000000
-0.000000 0.000000 1.000000
-0.000000 0.000000 1.000000
-0.000000 0.000000 1.000000
-0.000000 0.000000 1.000000
-0.000000 0.000000 1.000000
-0.000000 0.000000 1.000000
-0.000000 0.000000 1.000000
-0.000000 0.000000 1.000000
-0.000000 0.000000 1.000000
-0.000000 0.000000 1.000000
-0.000000 0.000000 1.000000
-0.000000 0.000000 1.000000
-0.000000 0.000000 1.000000
-0.000000 0.000000 1.000000
-0.000000 0.000000 1.000000
-0.000000 0.000000 1.000000
-0.000000 0.000000 1.000000
-0.000000 0.000000 1.000000
-0.000000 0.000000 1.000000
-0.000000 0.000000 1.000000
-0.000000 0.000000 1.000000
-0.000000 0.000000 1.000000
-0.000000 0.000000 1.000000
-0.000000 0.000000 1.000000
-0.000000 0.000000 1.000000
-0.000000 0.000000 1.000000
-0.000000 0.000000 1.000000
-0.000000 0.000000 1.000000
-0.000000 0.000000 1.000000
-0.000000 0.000000 1.000000
-0.000000 0.000000 1.000000
-0.000000 0.000000 1.000000
-0.000000 0.000000 1.000000
-0.000000 0.000000 1.000000
-0.000000 0.000000 1.000000
-0.000000 0.000000 1.000000
-0.000000 0.000000 1.000000
-0.000000 0.000000 1.000000
-0.000000 0.000000 1.000000
-0.000000 0.000000 1.000000
-0.000000 0.000000 1.000000
-0.000000 0.000000 1.000000
-0.000000 0.000000 1.000000
-0.000000 0.000000 1.000000
-0.000000 0.000000 1.000000
-0.000000 0.000000 1.000000
-0.000000 0.000000 1.000000
-0.000000 0.000000 1.000000
-0.000000 0.000000 1.000000
-0.000000 0.000000 1.000000
-0.000000 0.000000 1.000000
-0.000000 0.000000 1.000000
-0.000000 0.000000 1.000000
-0.000000 0.000000 1.000000
-0.000000 0.000000 1.000000
-0.000000 0.000000 1.000000
-0.000000 0.000000 1.000000
-0.000000 0.000000 1.000000
-0.000000 0.000000 1.000000
-0.000000 0.000000 1.000000
-0.000000 0.000000 1.000000
-0.000000 0.000000 1.000000
-0.000000 0.000000 1.000000
-0.000000 0.000000 1.000000
-0.000000 0.000000 1.000000
-0.000000 0.000000 1.000000
-0.000000 0.000000 1.000000
-0.000000 0.000000 1.000000
-0.000000 0.000000 1.000000
-0.000000 0.000000 1.000000
-0.000000 0.000000 1.000000
-0.000000 0.000000 1.000000
-0.000000 0.000000 1.000000
-0.000000 0.000000 1.000000
-0.000000 0.000000 1.000000
-0.000000 0.000000 1.000000
-0.000000 0.000000 1.000000
-0.000000 0.000000 1.000000
-0.000000 0.000000 1.000000
-0.000000 0.000000 1.000000
-0.000000 0.000000 1.000000
-0.000000 0.000000 1.000000
-0.000000 0.000000 1.000000
-0.000000 0.000000 1.000000
-0.000000 0.000000 1.000000
-0.000000 0.000000 1.000000
-0.000000 0.000000 1.000000
-0.000000 0.000000 1.000000
-0.000000 0.000000 1.000000
-0.000000 0.000000 1.000000
-0.000000 0.000000 1.000000
-0.000000 0.000000 1.000000
-0.000000 0.000000 1.000000
-0.000000 0.000000 1.000000
-0.000000 0.000000 1.000000
-0.000000 0.000000 1.000000
-0.000000 0.000000 1.000000
-0.000000 0.000000 1.000000
-0.000000 0.000000 1.000000
-0.000000 0.000000 1.000000
0.000000 0.000000 -1.000000
0.000000 0.000000 -1.000000
0.000000 0.000000 -1.000000
0.000000 0.000000 -1.000000
0.000000 0.000000 -1.000000
0.000000 0.000000 -1.000000
0.000000 0.000000 -1.000000
0.000000 0.000000 -1.000000
0.000000 0.000000 -1.000000
0.000000 0.000000 -1.000000
0.000000 0.000000 -1.000000
0.000000 0.000000 -1.000000
0.000000 0.000000 -1.000000
0.000000 0.000000 -1.000000
0.000000 0.000000 -1.000000
0.000000 0.000000 -1.000000
0.000000 0.000000 -1.000000
0.000000 0.000000 -1.000000
0.000000 0.000000 -1.000000
0.000000 0.000000 -1.000000
0.000000 0.000000 -1.000000
0.000000 0.000000 -1.000000
0.000000 0.000000 -1.000000
0.000000 0.000000 -1.000000
0.000000 0.000000 -1.000000
0.000000 0.000000 -1.000000
0.000000 0.000000 -1.000000
0.000000 0.000000 -1.000000
0.000000 0.000000 -1.000000
0.000000 0.000000 -1.000000
0.000000 0.000000 -1.000000
0.000000 0.000000 -1.000000
0.000000 0.000000 -1.000000
0.000000 0.000000 -1.000000
0.000000 0.000000 -1.000000
0.000000 0.000000 -1.000000
0.000000 0.000000 -1.000000
0.000000 0.000000 -1.000000
0.000000 0.000000 -1.000000
0.000000 0.000000 -1.000000
0.000000 0.000000 -1.000000
0.000000 0.000000 -1.000000
0.000000 0.000000 -1.000000
0.000000 0.000000 -1.000000
0.000000 0.000000 -1.000000
0.000000 0.000000 -1.000000
0.000000 0.000000 -1.000000
0.000000 0.000000 -1.000000
0.000000 0.000000 -1.000000
0.000000 0.000000 -1.000000
0.000000 0.000000 -1.000000
0.000000 0.000000 -1.000000
0.000000 0.000000 -1.000000
0.000000 0.000000 -1.000000
0.000000 0.000000 -1.000000
0.000000 0.000000 -1.000000
0.000000 0.000000 -1.000000
0.000000 0.000000 -1.000000
0.000000 0.000000 -1.000000
0.000000 0.000000 -1.000000
0.000000 0.000000 -1.000000
0.000000 0.000000 -1.000000
0.000000 0.000000 -1.000000
0.000000 0.000000 -1.000000
0.000000 0.000000 -1.000000
0.000000 0.000000 -1.000000
0.000000 0.000000 -1.000000
0.000000 0.000000 -1.000000
0.000000 0.000000 -1.000000
0.000000 0.000000 -1.000000
0.000000 0.000000 -1.000000
0.000000 0.000000 -1.000000
0.000000 0.000000 -1.000000
0.000000 0.000000 -1.000000
0.000000 0.000000 -1.000000
0.000000 0.000000 -1.000000
0.000000 0.000000 -1.000000
0.000000 0.000000 -1.000000
0.000000 0.000000 -1.000000
0.000000 0.000000 -1.000000
0.000000 0.000000 -1.000000
0.000000 0.000000 -1.000000
0.000000 0.000000 -1.000000
0.000000 0.000000 -1.000000
0.000000 0.000000 -1.000000
0.000000 0.000000 -1.000000
0.000000 0.000000 -1.000000
0.000000 0.000000 -1.000000
0.000000 0.000000 -1.000000
0.000000 0.000000 -1.000000
0.000000 0.000000 -1.000000
0.000000 0.000000 -1.000000
0.000000 0.000000 -1.000000
0.000000 0.000000 -1.000000
0.000000 0.000000 -1.000000
0.000000 0.000000 -1.000000
0.000000 0.000000 -1.000000
0.000000 0.000000 -1.000000
0.000000 0.000000 -1.000000
0.000000 0.000000 -1.000000
0.000000 0.000000 -1.000000
0.000000 0.000000 -1.000000
0.000000 0.000000 -1.000000
0.000000 0.000000 -1.000000
0.000000 0.000000 -1.000000
0.000000 0.000000 -1.000000
0.000000 0.000000 -1.000000
0.000000 0.000000 -1.000000
0.000000 0.000000 -1.000000
0.000000 0.000000 -1.000000
0.000000 0.000000 -1.000000
0.000000 0.000000 -1.000000
0.000000 0.000000 -1.000000
0.000000 0.000000 -1.000000
0.000000 0.000000 -1.000000
0.000000 0.000000 -1.000000
0.000000 0.000000 -1.000000
0.000000 0.000000 -1.000000
0.000000 0.000000 -1.000000
0.000000 0.000000 -1.000000
0.000000 0.000000 -1.000000
0.000000 0.000000 -1.000000
0.000000 0.000000 -1.000000
0.000000 0.000000 -1.000000
0.000000 0.000000 -1.000000
0.000000 0.000000 -1.000000
0.000000 0.000000 -1.000000
0.000000 0.000000 -1.000000
0.000000 0.000000 -1.000000
0.000000 0.000000 -1.000000
0.000000 0.000000 -1.000000
0.000000 0.000000 -1.000000
0.000000 0.000000 -1.000000
0.000000 0.000000 -1.000000
0.000000 0.000000 -1.000000
0.000000 0.000000 -1.000000
0.000000 0.000000 -1.000000
0.000000 0.000000 -1.000000
0.000000 0.000000 -1.000000
0.000000 0.000000 -1.000000
0.000000 0.000000 -1.000000
0.000000 0.000000 -1.000000
0.000000 0.000000 -1.000000
0.000000 0.000000 -1.000000
0.000000 0.000000 -1.000000
0.000000 0.000000 -1.000000
0.000000 0.000000 -1.000000
0.000000 0.000000 -1.000000
0.000000 0.000000 -1.000000
0.000000 0.000000 -1.000000
0.000000 0.000000 -1.000000
0.000000 0.000000 -1.000000
0.000000 0.000000 -1.000000
0.000000 0.000000 -1.000000
0.000000 0.000000 -1.000000
0.000000 0.000000 -1.000000
0.000000 0.000000 -1.000000
0.000000 0.000000 -1.000000
0.000000 0.000000 -1.000000
0.000000 0.000000 -1.000000
0.000000 0.000000 -1.000000
0.000000 0.000000 -1.000000
0.000000 0.000000 -1.000000
0.000000 0.000000 -1.000000
0.000000 0.000000 -1.000000
0.000000 0.000000 -1.000000
0.000000 0.000000 -1.000000
0.000000 0.000000 -1.000000
0.000000 0.000000 -1.000000
0.000000 0.000000 -1.000000
0.000000 0.000000 -1.000000
0.000000 0.000000 -1.000000
0.000000 0.000000 -1.000000
0.000000 0.000000 -1.000000
0.000000 0.000000 -1.000000
0.000000 0.000000 -1.000000
0.000000 0.000000 -1.000000
0.000000 0.000000 -1.000000
0.000000 0.000000 -1.000000
0.000000 0.000000 -1.000000
0.000000 0.000000 -1.000000
0.000000 0.000000 -1.000000
0.000000 0.000000 -1.000000
0.000000 0.000000 -1.000000
0.000000 0.000000 -1.000000
0.000000 0.000000 -1.000000
0.000000 0.000000 -1.000000
0.000000 0.000000 -1.000000
0.000000 0.000000 -1.000000
0.000000 0.000000 -1.000000
0.000000 0.000000 -1.000000
0.000000 0.000000 -1.000000
0.000000 0.000000 -1.000000
0.000000 0.000000 -1.000000
0.000000 0.000000 -1.000000
0.000000 0.000000 -1.000000
0.000000 0.000000 -1.000000
0.000000 0.000000 -1.000000
</float_array>
          <technique_common>
            <accessor source="#ID2430-Normal0-array" count="1608" stride="3">
              <param name="X" type="float"/>
              <param name="Y" type="float"/>
              <param name="Z" type="float"/>
            </accessor>
          </technique_common>
        </source>
        <vertices id="ID2430-VERTEX">
          <input semantic="POSITION" source="#ID2430-POSITION"/>
        </vertices>
        <triangles count="536" material="MaterialFBXASC032FBXASC0352">
          <input semantic="VERTEX" offset="0" source="#ID2430-VERTEX"/>
          <input semantic="NORMAL" offset="1" source="#ID2430-Normal0"/>
          <p> 0 0 1 1 2 2 1 3 0 4 3 5 3 6 0 7 4 8 3 9 4 10 5 11 5 12 4 13 6 14 5 15 6 16 7 17 7 18 6 19 8 20 8 21 6 22 9 23 8 24 9 25 10 26 10 27 9 28 11 29 11 30 9 31 12 32 12 33 9 34 13 35 12 36 13 37 14 38 14 39 13 40 15 41 15 42 13 43 16 44 15 45 16 46 17 47 17 48 16 49 18 50 18 51 16 52 19 53 18 54 19 55 20 56 20 57 19 58 21 59 20 60 21 61 22 62 22 63 21 64 23 65 23 66 21 67 24 68 23 69 24 70 25 71 25 72 24 73 26 74 25 75 26 76 27 77 25 78 27 79 28 80 25 81 28 82 29 83 10 84 30 85 31 86 30 87 10 88 11 89 31 90 30 91 32 92 31 93 32 94 33 95 31 96 33 97 34 98 31 99 34 100 35 101 35 102 34 103 36 104 35 105 36 106 37 107 37 108 36 109 38 110 38 111 36 112 39 113 38 114 39 115 40 116 40 117 39 118 41 119 41 120 39 121 42 122 42 123 39 124 43 125 43 126 39 127 44 128 43 129 44 130 45 131 45 132 44 133 46 134 45 135 46 136 47 137 47 138 46 139 48 140 47 141 48 142 49 143 50 144 51 145 52 146 51 147 50 148 53 149 53 150 50 151 54 152 54 153 50 154 55 155 55 156 50 157 56 158 56 159 50 160 57 161 57 162 50 163 58 164 57 165 58 166 59 167 57 168 59 169 60 170 60 171 59 172 61 173 60 174 61 175 62 176 62 177 61 178 63 179 62 180 63 181 64 182 64 183 63 184 65 185 64 186 65 187 66 188 64 189 66 190 42 191 42 192 66 193 67 194 42 195 67 196 41 197 68 198 69 199 70 200 69 201 71 202 70 203 70 204 71 205 72 206 71 207 73 208 72 209 73 210 74 211 72 212 72 213 74 214 75 215 74 216 76 217 75 218 75 219 76 220 77 221 76 222 78 223 77 224 77 225 78 226 79 227 78 228 80 229 79 230 80 231 81 232 79 233 79 234 81 235 82 236 82 237 81 238 83 239 83 240 81 241 84 242 84 243 81 244 85 245 85 246 81 247 86 248 87 249 86 250 81 251 88 252 89 253 90 254 89 255 91 256 90 257 90 258 91 259 92 260 91 261 93 262 92 263 92 264 93 265 94 266 93 267 95 268 94 269 94 270 95 271 70 272 70 273 95 274 68 275 68 276 95 277 96 278 96 279 95 280 97 281 95 282 98 283 97 284 97 285 98 286 99 287 99 288 98 289 100 290 98 291 101 292 100 293 100 294 101 295 102 296 101 297 103 298 102 299 103 300 104 301 102 302 104 303 105 304 102 305 106 306 107 307 105 308 102 309 105 310 107 311 108 312 109 313 110 314 109 315 111 316 110 317 111 318 112 319 110 320 112 321 113 322 110 323 110 324 113 325 114 326 113 327 115 328 114 329 114 330 115 331 116 332 116 333 115 334 117 335 115 336 118 337 117 338 117 339 118 340 119 341 118 342 120 343 119 344 119 345 120 346 121 347 121 348 120 349 122 350 120 351 123 352 122 353 122 354 123 355 124 356 124 357 123 358 125 359 123 360 126 361 125 362 125 363 126 364 106 365 106 366 126 367 107 368 107 369 126 370 127 371 126 372 128 373 127 374 127 375 128 376 129 377 129 378 128 379 130 380 128 381 131 382 130 383 130 384 131 385 132 386 131 387 133 388 132 389 132 390 133 391 134 392 135 393 134 394 133 395 204 396 205 397 206 398 205 399 204 400 207 401 208 402 209 403 210 404 211 405 210 406 209 407 214 408 215 409 216 410 215 411 214 412 217 413 218 414 219 415 220 416 221 417 220 418 219 419 216 420 223 421 224 422 223 423 216 424 215 425 220 426 221 427 225 428 226 429 225 430 221 431 223 432 228 433 224 434 228 435 223 436 229 437 230 438 225 439 231 440 226 441 231 442 225 443 229 444 233 445 228 446 233 447 229 448 234 449 235 450 230 451 236 452 231 453 236 454 230 455 234 456 238 457 233 458 238 459 234 460 239 461 240 462 235 463 241 464 236 465 241 466 235 467 239 468 243 469 238 470 243 471 239 472 244 473 245 474 240 475 246 476 241 477 246 478 240 479 248 480 243 481 244 482 243 483 248 484 249 485 250 486 251 487 246 488 245 489 246 490 251 491 253 492 249 493 248 494 249 495 253 496 254 497 255 498 256 499 250 500 251 501 250 502 256 503 258 504 254 505 253 506 254 507 258 508 259 509 260 510 261 511 255 512 256 513 255 514 261 515 263 516 259 517 258 518 259 519 263 520 264 521 265 522 266 523 260 524 261 525 260 526 266 527 263 528 268 529 264 530 268 531 263 532 269 533 270 534 266 535 271 536 265 537 271 538 266 539 269 540 273 541 268 542 273 543 269 544 274 545 275 546 270 547 276 548 271 549 276 550 270 551 274 552 278 553 273 554 278 555 274 556 279 557 280 558 275 559 281 560 276 561 281 562 275 563 279 564 283 565 278 566 283 567 279 568 284 569 285 570 280 571 286 572 281 573 286 574 280 575 284 576 288 577 283 578 288 579 284 580 289 581 290 582 285 583 291 584 286 585 291 586 285 587 289 588 293 589 288 590 293 591 289 592 294 593 295 594 290 595 296 596 291 597 296 598 290 599 298 600 293 601 294 602 293 603 298 604 299 605 300 606 301 607 296 608 295 609 296 610 301 611 303 612 299 613 298 614 299 615 303 616 304 617 305 618 306 619 300 620 301 621 300 622 306 623 308 624 304 625 303 626 304 627 308 628 309 629 310 630 311 631 305 632 306 633 305 634 311 635 313 636 309 637 308 638 309 639 313 640 314 641 315 642 316 643 310 644 311 645 310 646 316 647 318 648 314 649 313 650 314 651 318 652 319 653 320 654 321 655 315 656 316 657 315 658 321 659 323 660 319 661 318 662 319 663 323 664 324 665 325 666 326 667 320 668 321 669 320 670 326 671 328 672 324 673 323 674 324 675 328 676 329 677 330 678 331 679 325 680 326 681 325 682 331 683 328 684 333 685 329 686 333 687 328 688 334 689 335 690 331 691 336 692 330 693 336 694 331 695 334 696 338 697 333 698 338 699 334 700 339 701 340 702 335 703 341 704 336 705 341 706 335 707 339 708 343 709 338 710 343 711 339 712 344 713 345 714 340 715 346 716 341 717 346 718 340 719 344 720 348 721 343 722 348 723 344 724 349 725 350 726 345 727 351 728 346 729 351 730 345 731 349 732 353 733 348 734 353 735 349 736 354 737 355 738 350 739 356 740 351 741 356 742 350 743 354 744 358 745 353 746 358 747 354 748 359 749 360 750 355 751 361 752 356 753 361 754 355 755 359 756 363 757 358 758 363 759 359 760 364 761 365 762 360 763 366 764 361 765 366 766 360 767 363 768 368 769 369 770 368 771 363 772 364 773 365 774 366 775 370 776 371 777 370 778 366 779 369 780 373 781 374 782 373 783 369 784 368 785 370 786 371 787 375 788 376 789 375 790 371 791 374 792 378 793 379 794 378 795 374 796 373 797 375 798 376 799 380 800 381 801 380 802 376 803 379 804 383 805 384 806 383 807 379 808 378 809 380 810 381 811 385 812 386 813 385 814 381 815 388 816 389 817 390 818 389 819 388 820 391 821 392 822 393 823 394 824 395 825 394 826 393 827 397 828 398 829 399 830 398 831 397 832 400 833 401 834 402 835 403 836 404 837 403 838 402 839 406 840 400 841 397 842 400 843 406 844 407 845 408 846 409 847 401 848 402 849 401 850 409 851 406 852 411 853 407 854 411 855 406 856 412 857 413 858 409 859 414 860 408 861 414 862 409 863 412 864 416 865 411 866 416 867 412 868 417 869 418 870 413 871 419 872 414 873 419 874 413 875 417 876 421 877 416 878 421 879 417 880 422 881 423 882 418 883 424 884 419 885 424 886 418 887 422 888 426 889 421 890 426 891 422 892 427 893 428 894 423 895 429 896 424 897 429 898 423 899 426 900 431 901 432 902 431 903 426 904 427 905 428 906 429 907 433 908 434 909 433 910 429 911 432 912 436 913 437 914 436 915 432 916 431 917 433 918 434 919 438 920 439 921 438 922 434 923 437 924 441 925 442 926 441 927 437 928 436 929 438 930 439 931 443 932 444 933 443 934 439 935 442 936 446 937 447 938 446 939 442 940 441 941 443 942 444 943 448 944 449 945 448 946 444 947 446 948 451 949 447 950 451 951 446 952 452 953 453 954 448 955 454 956 449 957 454 958 448 959 452 960 456 961 451 962 456 963 452 964 457 965 458 966 453 967 459 968 454 969 459 970 453 971 457 972 461 973 456 974 461 975 457 976 462 977 463 978 458 979 464 980 459 981 464 982 458 983 462 984 466 985 461 986 466 987 462 988 467 989 468 990 463 991 469 992 464 993 469 994 463 995 467 996 471 997 466 998 471 999 467 1000 472 1001 473 1002 468 1003 474 1004 469 1005 474 1006 468 1007 471 1008 476 1009 477 1010 476 1011 471 1012 472 1013 473 1014 474 1015 478 1016 479 1017 478 1018 474 1019 477 1020 481 1021 482 1022 481 1023 477 1024 476 1025 478 1026 479 1027 483 1028 484 1029 483 1030 479 1031 482 1032 486 1033 487 1034 486 1035 482 1036 481 1037 483 1038 484 1039 488 1040 489 1041 488 1042 484 1043 487 1044 491 1045 492 1046 491 1047 487 1048 486 1049 488 1050 489 1051 493 1052 494 1053 493 1054 489 1055 492 1056 496 1057 497 1058 496 1059 492 1060 491 1061 493 1062 494 1063 498 1064 499 1065 498 1066 494 1067 497 1068 501 1069 502 1070 501 1071 497 1072 496 1073 498 1074 499 1075 503 1076 504 1077 503 1078 499 1079 501 1080 506 1081 502 1082 506 1083 501 1084 507 1085 508 1086 503 1087 509 1088 504 1089 509 1090 503 1091 507 1092 511 1093 506 1094 511 1095 507 1096 512 1097 513 1098 508 1099 514 1100 509 1101 514 1102 508 1103 512 1104 516 1105 511 1106 516 1107 512 1108 517 1109 518 1110 513 1111 519 1112 514 1113 519 1114 513 1115 517 1116 521 1117 516 1118 521 1119 517 1120 522 1121 523 1122 518 1123 524 1124 519 1125 524 1126 518 1127 522 1128 526 1129 521 1130 526 1131 522 1132 527 1133 528 1134 523 1135 529 1136 524 1137 529 1138 523 1139 527 1140 531 1141 526 1142 531 1143 527 1144 532 1145 533 1146 528 1147 534 1148 529 1149 534 1150 528 1151 532 1152 536 1153 531 1154 536 1155 532 1156 537 1157 538 1158 533 1159 539 1160 534 1161 539 1162 533 1163 541 1164 536 1165 537 1166 536 1167 541 1168 542 1169 543 1170 544 1171 539 1172 538 1173 539 1174 544 1175 546 1176 542 1177 541 1178 542 1179 546 1180 547 1181 548 1182 549 1183 543 1184 544 1185 543 1186 549 1187 551 1188 547 1189 546 1190 547 1191 551 1192 552 1193 553 1194 554 1195 548 1196 549 1197 548 1198 554 1199 556 1200 552 1201 551 1202 552 1203 556 1204 557 1205 558 1206 559 1207 553 1208 554 1209 553 1210 559 1211 560 1212 561 1213 562 1214 561 1215 560 1216 563 1217 561 1218 563 1219 564 1220 561 1221 564 1222 565 1223 561 1224 565 1225 566 1226 561 1227 566 1228 567 1229 561 1230 567 1231 568 1232 568 1233 567 1234 569 1235 569 1236 567 1237 570 1238 569 1239 570 1240 571 1241 571 1242 570 1243 572 1244 571 1245 572 1246 573 1247 573 1248 572 1249 574 1250 573 1251 574 1252 575 1253 575 1254 574 1255 576 1256 576 1257 574 1258 577 1259 576 1260 577 1261 578 1262 578 1263 577 1264 579 1265 580 1266 581 1267 582 1268 581 1269 580 1270 583 1271 581 1272 583 1273 584 1274 584 1275 583 1276 585 1277 585 1278 583 1279 586 1280 586 1281 583 1282 587 1283 586 1284 587 1285 588 1286 588 1287 587 1288 589 1289 588 1290 589 1291 590 1292 588 1293 590 1294 591 1295 591 1296 590 1297 592 1298 591 1299 592 1300 579 1301 591 1302 579 1303 577 1304 591 1305 577 1306 593 1307 591 1308 593 1309 594 1310 594 1311 593 1312 595 1313 594 1314 595 1315 596 1316 596 1317 595 1318 597 1319 596 1320 597 1321 598 1322 598 1323 597 1324 599 1325 600 1326 601 1327 602 1328 601 1329 600 1330 603 1331 601 1332 603 1333 604 1334 604 1335 603 1336 605 1337 604 1338 605 1339 606 1340 606 1341 605 1342 607 1343 606 1344 607 1345 608 1346 606 1347 608 1348 609 1349 609 1350 608 1351 580 1352 609 1353 580 1354 582 1355 609 1356 582 1357 610 1358 609 1359 610 1360 611 1361 611 1362 610 1363 612 1364 611 1365 612 1366 613 1367 611 1368 613 1369 614 1370 614 1371 613 1372 615 1373 614 1374 615 1375 616 1376 614 1377 616 1378 617 1379 617 1380 616 1381 618 1382 617 1383 618 1384 619 1385 619 1386 618 1387 620 1388 619 1389 620 1390 621 1391 619 1392 621 1393 622 1394 622 1395 621 1396 623 1397 622 1398 623 1399 624 1400 624 1401 623 1402 625 1403 625 1404 623 1405 626 1406 626 1407 623 1408 627 1409 628 1410 629 1411 630 1412 630 1413 629 1414 631 1415 631 1416 629 1417 632 1418 632 1419 629 1420 633 1421 629 1422 634 1423 633 1424 633 1425 634 1426 635 1427 634 1428 636 1429 635 1430 636 1431 637 1432 635 1433 635 1434 637 1435 638 1436 637 1437 639 1438 638 1439 638 1440 639 1441 640 1442 639 1443 641 1444 640 1445 641 1446 642 1447 640 1448 640 1449 642 1450 643 1451 642 1452 644 1453 643 1454 644 1455 645 1456 643 1457 643 1458 645 1459 646 1460 645 1461 647 1462 646 1463 647 1464 648 1465 646 1466 648 1467 649 1468 646 1469 646 1470 649 1471 650 1472 649 1473 651 1474 650 1475 651 1476 652 1477 650 1478 650 1479 652 1480 653 1481 652 1482 654 1483 653 1484 653 1485 654 1486 655 1487 654 1488 656 1489 655 1490 657 1491 655 1492 656 1493 658 1494 659 1495 660 1496 660 1497 659 1498 661 1499 659 1500 662 1501 661 1502 661 1503 662 1504 663 1505 662 1506 664 1507 663 1508 663 1509 664 1510 665 1511 664 1512 666 1513 665 1514 666 1515 667 1516 665 1517 667 1518 668 1519 665 1520 668 1521 669 1522 665 1523 665 1524 669 1525 670 1526 669 1527 671 1528 670 1529 671 1530 672 1531 670 1532 670 1533 672 1534 673 1535 672 1536 674 1537 673 1538 673 1539 674 1540 675 1541 675 1542 674 1543 676 1544 676 1545 674 1546 677 1547 674 1548 648 1549 677 1550 647 1551 677 1552 648 1553 667 1554 666 1555 678 1556 678 1557 666 1558 679 1559 666 1560 680 1561 679 1562 679 1563 680 1564 681 1565 681 1566 680 1567 682 1568 680 1569 683 1570 682 1571 682 1572 683 1573 684 1574 683 1575 685 1576 684 1577 684 1578 685 1579 686 1580 685 1581 687 1582 686 1583 686 1584 687 1585 688 1586 688 1587 687 1588 689 1589 687 1590 690 1591 689 1592 690 1593 691 1594 689 1595 691 1596 692 1597 689 1598 692 1599 693 1600 689 1601 693 1602 694 1603 689 1604 695 1605 689 1606 694 1607</p>
        </triangles>
      </mesh>
    </geometry>
    <geometry id="ID2438-lib" name="ID2438Mesh">
      <mesh>
        <source id="ID2438-POSITION">
          <float_array id="ID2438-POSITION-array" count="504">
31.026051 9.849121 0.000000
32.980030 8.212002 0.000000
31.026051 0.171633 0.000000
38.201649 9.849121 0.000000
38.201649 8.212002 0.000000
37.838581 6.066583 0.000000
32.980030 4.436065 0.000000
32.980030 6.066583 0.000000
37.838581 4.436065 0.000000
32.980030 1.802151 0.000000
38.386490 0.171633 0.000000
38.386490 1.802151 0.000000
38.386490 1.802151 0.000000
32.980030 1.802151 0.000000
38.386490 0.171633 0.000000
32.980030 4.436065 0.000000
32.980030 6.066583 0.000000
32.980030 8.212002 0.000000
31.026051 0.171633 0.000000
37.838581 4.436065 0.000000
37.838581 6.066583 0.000000
38.201649 8.212002 0.000000
38.201649 9.849121 0.000000
31.026051 9.849121 0.000000
31.026051 0.171633 0.000000
31.026051 9.849121 0.000000
38.201649 9.849121 0.000000
38.201649 8.212002 0.000000
32.980030 8.212002 0.000000
32.980030 6.066583 0.000000
37.838581 6.066583 0.000000
37.838581 4.436065 0.000000
32.980030 4.436065 0.000000
32.980030 1.802151 0.000000
38.386490 1.802151 0.000000
38.386490 0.171633 0.000000
31.026051 9.849121 1.181102
31.026051 0.171633 0.000000
31.026051 0.171633 1.181102
31.026051 9.849121 0.000000
31.026051 9.849121 0.000000
31.026051 9.849121 1.181102
31.026051 0.171633 0.000000
31.026051 0.171633 1.181102
31.026051 0.171633 1.181102
31.026051 9.849121 1.181102
31.026051 9.849121 1.181102
38.201649 9.849121 0.000000
31.026051 9.849121 0.000000
38.201649 9.849121 1.181102
38.201649 9.849121 1.181102
31.026051 9.849121 1.181102
38.201649 9.849121 0.000000
31.026051 9.849121 0.000000
38.201649 9.849121 1.181102
38.201649 9.849121 0.000000
38.201649 8.212002 1.181102
38.201649 8.212002 0.000000
38.201649 9.849121 1.181102
38.201649 9.849121 1.181102
38.201649 9.849121 0.000000
38.201649 8.212002 1.181102
38.201649 8.212002 0.000000
38.201649 8.212002 1.181102
38.201649 8.212002 1.181102
32.980030 8.212002 0.000000
38.201649 8.212002 0.000000
32.980030 8.212002 1.181102
32.980030 8.212002 1.181102
38.201649 8.212002 1.181102
32.980030 8.212002 0.000000
38.201649 8.212002 0.000000
32.980030 8.212002 1.181102
32.980030 8.212002 0.000000
32.980030 6.066583 1.181102
32.980030 6.066583 0.000000
32.980030 8.212002 1.181102
32.980030 8.212002 1.181102
32.980030 8.212002 0.000000
32.980030 6.066583 1.181102
32.980030 6.066583 0.000000
32.980030 6.066583 1.181102
32.980030 6.066583 1.181102
37.838581 6.066583 0.000000
32.980030 6.066583 0.000000
37.838581 6.066583 1.181102
37.838581 6.066583 1.181102
32.980030 6.066583 1.181102
37.838581 6.066583 0.000000
32.980030 6.066583 0.000000
37.838581 6.066583 1.181102
37.838581 6.066583 0.000000
37.838581 4.436065 1.181102
37.838581 4.436065 0.000000
37.838581 6.066583 1.181102
37.838581 6.066583 1.181102
37.838581 6.066583 0.000000
37.838581 4.436065 1.181102
37.838581 4.436065 0.000000
37.838581 4.436065 1.181102
37.838581 4.436065 1.181102
32.980030 4.436065 0.000000
37.838581 4.436065 0.000000
32.980030 4.436065 1.181102
32.980030 4.436065 1.181102
37.838581 4.436065 1.181102
32.980030 4.436065 0.000000
37.838581 4.436065 0.000000
32.980030 4.436065 1.181102
32.980030 4.436065 0.000000
32.980030 1.802151 1.181102
32.980030 1.802151 0.000000
32.980030 4.436065 1.181102
32.980030 4.436065 1.181102
32.980030 4.436065 0.000000
32.980030 1.802151 1.181102
32.980030 1.802151 0.000000
32.980030 1.802151 1.181102
32.980030 1.802151 1.181102
38.386490 1.802151 0.000000
32.980030 1.802151 0.000000
38.386490 1.802151 1.181102
38.386490 1.802151 1.181102
32.980030 1.802151 1.181102
38.386490 1.802151 0.000000
32.980030 1.802151 0.000000
38.386490 1.802151 1.181102
38.386490 1.802151 0.000000
38.386490 0.171633 1.181102
38.386490 0.171633 0.000000
38.386490 1.802151 1.181102
38.386490 1.802151 1.181102
38.386490 1.802151 0.000000
38.386490 0.171633 1.181102
38.386490 0.171633 0.000000
38.386490 0.171633 1.181102
38.386490 0.171633 1.181102
31.026051 0.171633 0.000000
38.386490 0.171633 0.000000
31.026051 0.171633 1.181102
31.026051 0.171633 1.181102
38.386490 0.171633 1.181102
31.026051 0.171633 0.000000
38.386490 0.171633 0.000000
31.026051 0.171633 1.181102
32.980030 1.802151 1.181102
31.026051 9.849121 1.181102
38.386490 0.171633 1.181102
38.386490 1.802151 1.181102
37.838581 4.436065 1.181102
32.980030 6.066583 1.181102
32.980030 4.436065 1.181102
37.838581 6.066583 1.181102
32.980030 8.212002 1.181102
38.201649 9.849121 1.181102
38.201649 8.212002 1.181102
38.201649 8.212002 1.181102
32.980030 8.212002 1.181102
38.201649 9.849121 1.181102
32.980030 6.066583 1.181102
32.980030 4.436065 1.181102
32.980030 1.802151 1.181102
31.026051 9.849121 1.181102
37.838581 6.066583 1.181102
37.838581 4.436065 1.181102
38.386490 1.802151 1.181102
38.386490 0.171633 1.181102
31.026051 0.171633 1.181102
</float_array>
          <technique_common>
            <accessor source="#ID2438-POSITION-array" count="168" stride="3">
              <param name="X" type="float"/>
              <param name="Y" type="float"/>
              <param name="Z" type="float"/>
            </accessor>
          </technique_common>
        </source>
        <source id="ID2438-Normal0">
          <float_array id="ID2438-Normal0-array" count="792">
0.000000 0.000000 -1.000000
0.000000 0.000000 -1.000000
0.000000 0.000000 -1.000000
0.000000 0.000000 -1.000000
0.000000 0.000000 -1.000000
0.000000 0.000000 -1.000000
0.000000 0.000000 -1.000000
0.000000 0.000000 -1.000000
0.000000 0.000000 -1.000000
0.000000 0.000000 -1.000000
0.000000 0.000000 -1.000000
0.000000 0.000000 -1.000000
0.000000 0.000000 -1.000000
0.000000 0.000000 -1.000000
0.000000 0.000000 -1.000000
0.000000 0.000000 -1.000000
0.000000 0.000000 -1.000000
0.000000 0.000000 -1.000000
0.000000 0.000000 -1.000000
0.000000 0.000000 -1.000000
0.000000 0.000000 -1.000000
0.000000 0.000000 -1.000000
0.000000 0.000000 -1.000000
0.000000 0.000000 -1.000000
0.000000 0.000000 -1.000000
0.000000 0.000000 -1.000000
0.000000 0.000000 -1.000000
0.000000 0.000000 -1.000000
0.000000 0.000000 -1.000000
0.000000 0.000000 -1.000000
-0.000000 0.000000 1.000000
-0.000000 0.000000 1.000000
-0.000000 0.000000 1.000000
-0.000000 0.000000 1.000000
-0.000000 0.000000 1.000000
-0.000000 0.000000 1.000000
-0.000000 0.000000 1.000000
-0.000000 0.000000 1.000000
-0.000000 0.000000 1.000000
-0.000000 0.000000 1.000000
-0.000000 0.000000 1.000000
-0.000000 0.000000 1.000000
-0.000000 0.000000 1.000000
-0.000000 0.000000 1.000000
-0.000000 0.000000 1.000000
-0.000000 0.000000 1.000000
-0.000000 0.000000 1.000000
-0.000000 0.000000 1.000000
-0.000000 0.000000 1.000000
-0.000000 0.000000 1.000000
-0.000000 0.000000 1.000000
-0.000000 0.000000 1.000000
-0.000000 0.000000 1.000000
-0.000000 0.000000 1.000000
-0.000000 0.000000 1.000000
-0.000000 0.000000 1.000000
-0.000000 0.000000 1.000000
-0.000000 0.000000 1.000000
-0.000000 0.000000 1.000000
-0.000000 0.000000 1.000000
-1.000000 0.000000 -0.000000
-1.000000 0.000000 -0.000000
-1.000000 0.000000 -0.000000
-1.000000 0.000000 -0.000000
-1.000000 0.000000 -0.000000
-1.000000 0.000000 -0.000000
1.000000 0.000000 0.000000
1.000000 0.000000 0.000000
1.000000 0.000000 0.000000
1.000000 0.000000 0.000000
1.000000 0.000000 0.000000
1.000000 0.000000 0.000000
0.000000 1.000000 0.000000
0.000000 1.000000 0.000000
0.000000 1.000000 0.000000
0.000000 1.000000 0.000000
0.000000 1.000000 0.000000
0.000000 1.000000 0.000000
-0.000000 -1.000000 0.000000
-0.000000 -1.000000 0.000000
-0.000000 -1.000000 0.000000
-0.000000 -1.000000 0.000000
-0.000000 -1.000000 0.000000
-0.000000 -1.000000 0.000000
1.000000 0.000000 0.000000
1.000000 0.000000 0.000000
1.000000 0.000000 0.000000
1.000000 0.000000 0.000000
1.000000 0.000000 0.000000
1.000000 0.000000 0.000000
-1.000000 0.000000 -0.000000
-1.000000 0.000000 -0.000000
-1.000000 0.000000 -0.000000
-1.000000 0.000000 -0.000000
-1.000000 0.000000 -0.000000
-1.000000 0.000000 -0.000000
-0.000000 -1.000000 0.000000
-0.000000 -1.000000 0.000000
-0.000000 -1.000000 0.000000
-0.000000 -1.000000 0.000000
-0.000000 -1.000000 0.000000
-0.000000 -1.000000 0.000000
0.000000 1.000000 0.000000
0.000000 1.000000 0.000000
0.000000 1.000000 0.000000
0.000000 1.000000 0.000000
0.000000 1.000000 0.000000
0.000000 1.000000 0.000000
1.000000 0.000000 0.000000
1.000000 0.000000 0.000000
1.000000 0.000000 0.000000
1.000000 0.000000 0.000000
1.000000 0.000000 0.000000
1.000000 0.000000 0.000000
-1.000000 0.000000 -0.000000
-1.000000 0.000000 -0.000000
-1.000000 0.000000 -0.000000
-1.000000 0.000000 -0.000000
-1.000000 0.000000 -0.000000
-1.000000 0.000000 -0.000000
0.000000 1.000000 0.000000
0.000000 1.000000 0.000000
0.000000 1.000000 0.000000
0.000000 1.000000 0.000000
0.000000 1.000000 0.000000
0.000000 1.000000 0.000000
-0.000000 -1.000000 0.000000
-0.000000 -1.000000 0.000000
-0.000000 -1.000000 0.000000
-0.000000 -1.000000 0.000000
-0.000000 -1.000000 0.000000
-0.000000 -1.000000 0.000000
1.000000 0.000000 0.000000
1.000000 0.000000 0.000000
1.000000 0.000000 0.000000
1.000000 0.000000 0.000000
1.000000 0.000000 0.000000
1.000000 0.000000 0.000000
-1.000000 0.000000 -0.000000
-1.000000 0.000000 -0.000000
-1.000000 0.000000 -0.000000
-1.000000 0.000000 -0.000000
-1.000000 0.000000 -0.000000
-1.000000 0.000000 -0.000000
-0.000000 -1.000000 0.000000
-0.000000 -1.000000 0.000000
-0.000000 -1.000000 0.000000
-0.000000 -1.000000 0.000000
-0.000000 -1.000000 0.000000
-0.000000 -1.000000 0.000000
0.000000 1.000000 0.000000
0.000000 1.000000 0.000000
0.000000 1.000000 0.000000
0.000000 1.000000 0.000000
0.000000 1.000000 0.000000
0.000000 1.000000 0.000000
1.000000 0.000000 0.000000
1.000000 0.000000 0.000000
1.000000 0.000000 0.000000
1.000000 0.000000 0.000000
1.000000 0.000000 0.000000
1.000000 0.000000 0.000000
-1.000000 0.000000 -0.000000
-1.000000 0.000000 -0.000000
-1.000000 0.000000 -0.000000
-1.000000 0.000000 -0.000000
-1.000000 0.000000 -0.000000
-1.000000 0.000000 -0.000000
0.000000 1.000000 0.000000
0.000000 1.000000 0.000000
0.000000 1.000000 0.000000
0.000000 1.000000 0.000000
0.000000 1.000000 0.000000
0.000000 1.000000 0.000000
-0.000000 -1.000000 0.000000
-0.000000 -1.000000 0.000000
-0.000000 -1.000000 0.000000
-0.000000 -1.000000 0.000000
-0.000000 -1.000000 0.000000
-0.000000 -1.000000 0.000000
1.000000 0.000000 0.000000
1.000000 0.000000 0.000000
1.000000 0.000000 0.000000
1.000000 0.000000 0.000000
1.000000 0.000000 0.000000
1.000000 0.000000 0.000000
-1.000000 0.000000 -0.000000
-1.000000 0.000000 -0.000000
-1.000000 0.000000 -0.000000
-1.000000 0.000000 -0.000000
-1.000000 0.000000 -0.000000
-1.000000 0.000000 -0.000000
-0.000000 -1.000000 0.000000
-0.000000 -1.000000 0.000000
-0.000000 -1.000000 0.000000
-0.000000 -1.000000 0.000000
-0.000000 -1.000000 0.000000
-0.000000 -1.000000 0.000000
0.000000 1.000000 0.000000
0.000000 1.000000 0.000000
0.000000 1.000000 0.000000
0.000000 1.000000 0.000000
0.000000 1.000000 0.000000
0.000000 1.000000 0.000000
-0.000000 0.000000 1.000000
-0.000000 0.000000 1.000000
-0.000000 0.000000 1.000000
-0.000000 0.000000 1.000000
-0.000000 0.000000 1.000000
-0.000000 0.000000 1.000000
-0.000000 0.000000 1.000000
-0.000000 0.000000 1.000000
-0.000000 0.000000 1.000000
-0.000000 0.000000 1.000000
-0.000000 0.000000 1.000000
-0.000000 0.000000 1.000000
-0.000000 0.000000 1.000000
-0.000000 0.000000 1.000000
-0.000000 0.000000 1.000000
-0.000000 0.000000 1.000000
-0.000000 0.000000 1.000000
-0.000000 0.000000 1.000000
-0.000000 0.000000 1.000000
-0.000000 0.000000 1.000000
-0.000000 0.000000 1.000000
-0.000000 0.000000 1.000000
-0.000000 0.000000 1.000000
-0.000000 0.000000 1.000000
-0.000000 0.000000 1.000000
-0.000000 0.000000 1.000000
-0.000000 0.000000 1.000000
-0.000000 0.000000 1.000000
-0.000000 0.000000 1.000000
-0.000000 0.000000 1.000000
0.000000 0.000000 -1.000000
0.000000 0.000000 -1.000000
0.000000 0.000000 -1.000000
0.000000 0.000000 -1.000000
0.000000 0.000000 -1.000000
0.000000 0.000000 -1.000000
0.000000 0.000000 -1.000000
0.000000 0.000000 -1.000000
0.000000 0.000000 -1.000000
0.000000 0.000000 -1.000000
0.000000 0.000000 -1.000000
0.000000 0.000000 -1.000000
0.000000 0.000000 -1.000000
0.000000 0.000000 -1.000000
0.000000 0.000000 -1.000000
0.000000 0.000000 -1.000000
0.000000 0.000000 -1.000000
0.000000 0.000000 -1.000000
0.000000 0.000000 -1.000000
0.000000 0.000000 -1.000000
0.000000 0.000000 -1.000000
0.000000 0.000000 -1.000000
0.000000 0.000000 -1.000000
0.000000 0.000000 -1.000000
0.000000 0.000000 -1.000000
0.000000 0.000000 -1.000000
0.000000 0.000000 -1.000000
0.000000 0.000000 -1.000000
0.000000 0.000000 -1.000000
0.000000 0.000000 -1.000000
</float_array>
          <technique_common>
            <accessor source="#ID2438-Normal0-array" count="264" stride="3">
              <param name="X" type="float"/>
              <param name="Y" type="float"/>
              <param name="Z" type="float"/>
            </accessor>
          </technique_common>
        </source>
        <vertices id="ID2438-VERTEX">
          <input semantic="POSITION" source="#ID2438-POSITION"/>
        </vertices>
        <triangles count="88" material="MaterialFBXASC032FBXASC0352">
          <input semantic="VERTEX" offset="0" source="#ID2438-VERTEX"/>
          <input semantic="NORMAL" offset="1" source="#ID2438-Normal0"/>
          <p> 0 0 1 1 2 2 1 3 0 4 3 5 1 6 3 7 4 8 5 9 6 10 7 11 6 12 5 13 8 14 2 15 9 16 10 17 9 18 2 19 1 20 9 21 1 22 7 23 9 24 7 25 6 26 10 27 9 28 11 29 12 30 13 31 14 32 15 33 16 34 13 35 16 36 17 37 13 38 17 39 18 40 13 41 14 42 13 43 18 44 19 45 20 46 15 47 16 48 15 49 20 50 21 51 22 52 17 53 22 54 23 55 17 56 18 57 17 58 23 59 36 60 37 61 38 62 37 63 36 64 39 65 40 66 41 67 42 68 43 69 42 70 41 71 46 72 47 73 48 74 47 75 46 76 49 77 50 78 51 79 52 80 53 81 52 82 51 83 55 84 56 85 57 86 56 87 55 88 58 89 59 90 60 91 61 92 62 93 61 94 60 95 64 96 65 97 66 98 65 99 64 100 67 101 68 102 69 103 70 104 71 105 70 106 69 107 73 108 74 109 75 110 74 111 73 112 76 113 77 114 78 115 79 116 80 117 79 118 78 119 82 120 83 121 84 122 83 123 82 124 85 125 86 126 87 127 88 128 89 129 88 130 87 131 91 132 92 133 93 134 92 135 91 136 94 137 95 138 96 139 97 140 98 141 97 142 96 143 100 144 101 145 102 146 101 147 100 148 103 149 104 150 105 151 106 152 107 153 106 154 105 155 109 156 110 157 111 158 110 159 109 160 112 161 113 162 114 163 115 164 116 165 115 166 114 167 118 168 119 169 120 170 119 171 118 172 121 173 122 174 123 175 124 176 125 177 124 178 123 179 127 180 128 181 129 182 128 183 127 184 130 185 131 186 132 187 133 188 134 189 133 190 132 191 136 192 137 193 138 194 137 195 136 196 139 197 140 198 141 199 142 200 143 201 142 202 141 203 144 204 145 205 146 206 145 207 144 208 147 209 145 210 147 211 148 212 149 213 150 214 151 215 150 216 149 217 152 218 146 219 153 220 154 221 153 222 146 223 145 224 153 225 145 226 151 227 153 228 151 229 150 230 154 231 153 232 155 233 156 234 157 235 158 236 159 237 160 238 157 239 160 240 161 241 157 242 161 243 162 244 157 245 158 246 157 247 162 248 163 249 164 250 159 251 160 252 159 253 164 254 165 255 166 256 161 257 166 258 167 259 161 260 162 261 161 262 167 263</p>
        </triangles>
      </mesh>
    </geometry>
    <geometry id="ID2446-lib" name="ID2446Mesh">
      <mesh>
        <source id="ID2446-POSITION">
          <float_array id="ID2446-POSITION-array" count="1536">
39.757900 6.310831 0.000000
39.726959 3.857834 0.000000
39.647331 4.950966 0.000000
39.965839 2.888888 0.000000
40.089619 7.433050 0.000000
40.363991 2.044130 0.000000
40.479919 8.134437 0.000000
40.921379 1.323558 0.000000
40.990688 8.759909 0.000000
41.613689 0.747389 0.000000
41.588940 9.271508 0.000000
41.660728 5.016979 0.000000
41.706928 5.799437 0.000000
42.241638 9.631278 0.000000
41.845558 6.476688 0.000000
42.076611 7.048731 0.000000
42.400070 7.515566 0.000000
43.215328 9.918434 0.000000
42.799042 7.878018 0.000000
43.256592 8.136912 0.000000
44.327648 10.014150 0.000000
43.772720 8.292249 0.000000
44.347450 8.344027 0.000000
45.343632 9.931224 0.000000
44.921558 8.292867 0.000000
45.435841 8.139388 0.000000
46.252750 9.682438 0.000000
45.890289 7.883588 0.000000
46.284931 7.525468 0.000000
47.055012 9.267795 0.000000
46.604061 7.063378 0.000000
46.832008 6.495667 0.000000
46.968781 5.822336 0.000000
47.014370 5.043384 0.000000
41.708172 4.244834 0.000000
42.416569 0.335840 0.000000
41.850510 3.572122 0.000000
42.087749 2.998841 0.000000
42.419868 2.524992 0.000000
43.330029 0.088911 0.000000
42.825031 2.153876 0.000000
43.281342 1.888793 0.000000
43.788818 1.729744 0.000000
44.354050 0.006601 0.000000
44.347450 1.676727 0.000000
44.905460 1.729331 0.000000
45.366520 0.089324 0.000000
45.411079 1.887143 0.000000
46.271721 0.337491 0.000000
45.864300 2.150163 0.000000
46.265121 2.518391 0.000000
46.592918 2.991827 0.000000
47.069660 0.751103 0.000000
46.827061 3.570471 0.000000
46.967541 4.254324 0.000000
47.750408 8.687294 0.000000
47.760319 1.330159 0.000000
48.312141 7.959090 0.000000
48.317711 2.055682 0.000000
48.713379 7.101335 0.000000
48.715851 2.908692 0.000000
48.954121 6.114030 0.000000
48.954739 3.889190 0.000000
49.034359 4.997175 0.000000
49.034359 4.997175 0.000000
48.954121 6.114030 0.000000
48.954739 3.889190 0.000000
48.715851 2.908692 0.000000
48.713379 7.101335 0.000000
48.317711 2.055682 0.000000
48.312141 7.959090 0.000000
47.760319 1.330159 0.000000
47.750408 8.687294 0.000000
47.069660 0.751103 0.000000
47.055012 9.267795 0.000000
47.014370 5.043384 0.000000
46.967541 4.254324 0.000000
46.827061 3.570471 0.000000
46.592918 2.991827 0.000000
46.271721 0.337491 0.000000
46.265121 2.518391 0.000000
45.864300 2.150163 0.000000
45.411079 1.887143 0.000000
45.366520 0.089324 0.000000
44.905460 1.729331 0.000000
44.354050 0.006601 0.000000
44.347450 1.676727 0.000000
43.788818 1.729744 0.000000
43.330029 0.088911 0.000000
43.281342 1.888793 0.000000
42.825031 2.153876 0.000000
42.419868 2.524992 0.000000
42.416569 0.335840 0.000000
42.087749 2.998841 0.000000
41.850510 3.572122 0.000000
41.708172 4.244834 0.000000
41.660728 5.016979 0.000000
41.613689 0.747389 0.000000
46.968781 5.822336 0.000000
46.832008 6.495667 0.000000
46.604061 7.063378 0.000000
46.284931 7.525468 0.000000
46.252750 9.682438 0.000000
45.890289 7.883588 0.000000
45.435841 8.139388 0.000000
45.343632 9.931224 0.000000
44.921558 8.292867 0.000000
44.347450 8.344027 0.000000
44.327648 10.014150 0.000000
43.772720 8.292249 0.000000
43.256592 8.136912 0.000000
43.215328 9.918434 0.000000
42.799042 7.878018 0.000000
42.400070 7.515566 0.000000
42.241638 9.631278 0.000000
42.076611 7.048731 0.000000
41.845558 6.476688 0.000000
41.706928 5.799437 0.000000
41.588940 9.271508 0.000000
40.990688 8.759909 0.000000
40.921379 1.323558 0.000000
40.479919 8.134437 0.000000
40.363991 2.044130 0.000000
40.089619 7.433050 0.000000
39.965839 2.888888 0.000000
39.757900 6.310831 0.000000
39.726959 3.857834 0.000000
39.647331 4.950966 0.000000
39.647331 4.950966 0.000000
39.757900 6.310831 0.000000
40.089619 7.433050 0.000000
40.479919 8.134437 0.000000
40.990688 8.759909 0.000000
41.588940 9.271508 0.000000
42.241638 9.631278 0.000000
43.215328 9.918434 0.000000
44.327648 10.014150 0.000000
45.343632 9.931224 0.000000
46.252750 9.682438 0.000000
47.055012 9.267795 0.000000
47.750408 8.687294 0.000000
48.312141 7.959090 0.000000
48.713379 7.101335 0.000000
48.954121 6.114030 0.000000
49.034359 4.997175 0.000000
48.954739 3.889190 0.000000
48.715851 2.908692 0.000000
48.317711 2.055682 0.000000
47.760319 1.330159 0.000000
47.069660 0.751103 0.000000
46.271721 0.337491 0.000000
45.366520 0.089324 0.000000
44.354050 0.006601 0.000000
43.330029 0.088911 0.000000
42.416569 0.335840 0.000000
41.613689 0.747389 0.000000
40.921379 1.323558 0.000000
40.363991 2.044130 0.000000
39.965839 2.888888 0.000000
39.726959 3.857834 0.000000
41.660728 5.016979 0.000000
41.708172 4.244834 0.000000
41.850510 3.572122 0.000000
42.087749 2.998841 0.000000
42.419868 2.524992 0.000000
42.825031 2.153876 0.000000
43.281342 1.888793 0.000000
43.788818 1.729744 0.000000
44.347450 1.676727 0.000000
44.905460 1.729331 0.000000
45.411079 1.887143 0.000000
45.864300 2.150163 0.000000
46.265121 2.518391 0.000000
46.592918 2.991827 0.000000
46.827061 3.570471 0.000000
46.967541 4.254324 0.000000
47.014370 5.043384 0.000000
46.968781 5.822336 0.000000
46.832008 6.495667 0.000000
46.604061 7.063378 0.000000
46.284931 7.525468 0.000000
45.890289 7.883588 0.000000
45.435841 8.139388 0.000000
44.921558 8.292867 0.000000
44.347450 8.344027 0.000000
43.772720 8.292249 0.000000
43.256592 8.136912 0.000000
42.799042 7.878018 0.000000
42.400070 7.515566 0.000000
42.076611 7.048731 0.000000
41.845558 6.476688 0.000000
41.706928 5.799437 0.000000
39.757900 6.310831 1.181102
39.647331 4.950966 0.000000
39.647331 4.950966 1.181102
39.757900 6.310831 0.000000
39.757900 6.310831 0.000000
39.757900 6.310831 1.181102
39.647331 4.950966 0.000000
39.647331 4.950966 1.181102
39.647331 4.950966 1.181102
39.757900 6.310831 1.181102
40.089619 7.433050 1.181102
40.089619 7.433050 0.000000
40.089619 7.433050 0.000000
40.089619 7.433050 1.181102
40.089619 7.433050 1.181102
40.479919 8.134437 1.181102
40.479919 8.134437 0.000000
40.479919 8.134437 0.000000
40.479919 8.134437 1.181102
40.479919 8.134437 1.181102
40.990688 8.759909 1.181102
40.990688 8.759909 0.000000
40.990688 8.759909 0.000000
40.990688 8.759909 1.181102
40.990688 8.759909 1.181102
41.588940 9.271508 0.000000
41.588940 9.271508 1.181102
41.588940 9.271508 1.181102
41.588940 9.271508 0.000000
41.588940 9.271508 1.181102
42.241638 9.631278 0.000000
42.241638 9.631278 1.181102
42.241638 9.631278 1.181102
42.241638 9.631278 0.000000
42.241638 9.631278 1.181102
43.215328 9.918434 0.000000
43.215328 9.918434 1.181102
43.215328 9.918434 1.181102
43.215328 9.918434 0.000000
43.215328 9.918434 1.181102
44.327648 10.014150 0.000000
44.327648 10.014150 1.181102
44.327648 10.014150 1.181102
44.327648 10.014150 0.000000
44.327648 10.014150 1.181102
45.343632 9.931224 0.000000
45.343632 9.931224 1.181102
45.343632 9.931224 1.181102
45.343632 9.931224 0.000000
45.343632 9.931224 1.181102
46.252750 9.682438 0.000000
46.252750 9.682438 1.181102
46.252750 9.682438 1.181102
46.252750 9.682438 0.000000
46.252750 9.682438 1.181102
47.055012 9.267795 0.000000
47.055012 9.267795 1.181102
47.055012 9.267795 1.181102
47.055012 9.267795 0.000000
47.055012 9.267795 1.181102
47.750408 8.687294 0.000000
47.750408 8.687294 1.181102
47.750408 8.687294 1.181102
47.750408 8.687294 0.000000
47.750408 8.687294 1.181102
48.312141 7.959090 1.181102
48.312141 7.959090 0.000000
48.312141 7.959090 1.181102
48.312141 7.959090 0.000000
48.312141 7.959090 1.181102
48.713379 7.101335 1.181102
48.713379 7.101335 0.000000
48.713379 7.101335 1.181102
48.713379 7.101335 0.000000
48.713379 7.101335 1.181102
48.954121 6.114030 1.181102
48.954121 6.114030 0.000000
48.954121 6.114030 1.181102
48.954121 6.114030 0.000000
48.954121 6.114030 1.181102
49.034359 4.997175 1.181102
49.034359 4.997175 0.000000
49.034359 4.997175 1.181102
49.034359 4.997175 0.000000
49.034359 4.997175 1.181102
48.954739 3.889190 1.181102
48.954739 3.889190 0.000000
48.954739 3.889190 1.181102
48.954739 3.889190 0.000000
48.954739 3.889190 1.181102
48.715851 2.908692 1.181102
48.715851 2.908692 0.000000
48.715851 2.908692 1.181102
48.715851 2.908692 0.000000
48.715851 2.908692 1.181102
48.317711 2.055682 1.181102
48.317711 2.055682 0.000000
48.317711 2.055682 1.181102
48.317711 2.055682 0.000000
48.317711 2.055682 1.181102
47.760319 1.330159 1.181102
47.760319 1.330159 0.000000
47.760319 1.330159 1.181102
47.760319 1.330159 0.000000
47.760319 1.330159 1.181102
47.069660 0.751103 0.000000
47.069660 0.751103 1.181102
47.069660 0.751103 1.181102
47.069660 0.751103 0.000000
47.069660 0.751103 1.181102
46.271721 0.337491 0.000000
46.271721 0.337491 1.181102
46.271721 0.337491 1.181102
46.271721 0.337491 0.000000
46.271721 0.337491 1.181102
45.366520 0.089324 0.000000
45.366520 0.089324 1.181102
45.366520 0.089324 1.181102
45.366520 0.089324 0.000000
45.366520 0.089324 1.181102
44.354050 0.006601 0.000000
44.354050 0.006601 1.181102
44.354050 0.006601 1.181102
44.354050 0.006601 0.000000
44.354050 0.006601 1.181102
43.330029 0.088911 0.000000
43.330029 0.088911 1.181102
43.330029 0.088911 1.181102
43.330029 0.088911 0.000000
43.330029 0.088911 1.181102
42.416569 0.335840 0.000000
42.416569 0.335840 1.181102
42.416569 0.335840 1.181102
42.416569 0.335840 0.000000
42.416569 0.335840 1.181102
41.613689 0.747389 0.000000
41.613689 0.747389 1.181102
41.613689 0.747389 1.181102
41.613689 0.747389 0.000000
41.613689 0.747389 1.181102
40.921379 1.323558 0.000000
40.921379 1.323558 1.181102
40.921379 1.323558 1.181102
40.921379 1.323558 0.000000
40.921379 1.323558 1.181102
40.363991 2.044130 1.181102
40.363991 2.044130 0.000000
40.363991 2.044130 0.000000
40.363991 2.044130 1.181102
40.363991 2.044130 1.181102
39.965839 2.888888 1.181102
39.965839 2.888888 0.000000
39.965839 2.888888 0.000000
39.965839 2.888888 1.181102
39.965839 2.888888 1.181102
39.726959 3.857834 1.181102
39.726959 3.857834 0.000000
39.726959 3.857834 0.000000
39.726959 3.857834 1.181102
39.726959 3.857834 1.181102
41.613689 0.747389 1.181102
41.708172 4.244834 1.181102
41.660728 5.016979 1.181102
42.416569 0.335840 1.181102
41.850510 3.572122 1.181102
42.087749 2.998841 1.181102
42.419868 2.524992 1.181102
43.330029 0.088911 1.181102
42.825031 2.153876 1.181102
43.281342 1.888793 1.181102
43.788818 1.729744 1.181102
44.354050 0.006601 1.181102
44.347450 1.676727 1.181102
44.905460 1.729331 1.181102
45.366520 0.089324 1.181102
45.411079 1.887143 1.181102
46.271721 0.337491 1.181102
45.864300 2.150163 1.181102
46.265121 2.518391 1.181102
46.592918 2.991827 1.181102
47.069660 0.751103 1.181102
46.827061 3.570471 1.181102
46.967541 4.254324 1.181102
47.014370 5.043384 1.181102
47.055012 9.267795 1.181102
47.750408 8.687294 1.181102
47.760319 1.330159 1.181102
48.312141 7.959090 1.181102
48.317711 2.055682 1.181102
48.713379 7.101335 1.181102
48.715851 2.908692 1.181102
48.954121 6.114030 1.181102
48.954739 3.889190 1.181102
49.034359 4.997175 1.181102
39.726959 3.857834 1.181102
39.757900 6.310831 1.181102
39.647331 4.950966 1.181102
39.965839 2.888888 1.181102
40.089619 7.433050 1.181102
40.363991 2.044130 1.181102
40.479919 8.134437 1.181102
40.921379 1.323558 1.181102
40.990688 8.759909 1.181102
41.588940 9.271508 1.181102
41.706928 5.799437 1.181102
42.241638 9.631278 1.181102
41.845558 6.476688 1.181102
42.076611 7.048731 1.181102
42.400070 7.515566 1.181102
43.215328 9.918434 1.181102
42.799042 7.878018 1.181102
43.256592 8.136912 1.181102
44.327648 10.014150 1.181102
43.772720 8.292249 1.181102
44.347450 8.344027 1.181102
45.343632 9.931224 1.181102
44.921558 8.292867 1.181102
45.435841 8.139388 1.181102
46.252750 9.682438 1.181102
45.890289 7.883588 1.181102
46.284931 7.525468 1.181102
46.604061 7.063378 1.181102
46.832008 6.495667 1.181102
46.968781 5.822336 1.181102
47.014370 5.043384 1.181102
46.968781 5.822336 1.181102
47.055012 9.267795 1.181102
46.832008 6.495667 1.181102
46.604061 7.063378 1.181102
46.284931 7.525468 1.181102
46.252750 9.682438 1.181102
45.890289 7.883588 1.181102
45.435841 8.139388 1.181102
45.343632 9.931224 1.181102
44.921558 8.292867 1.181102
44.347450 8.344027 1.181102
44.327648 10.014150 1.181102
43.772720 8.292249 1.181102
43.256592 8.136912 1.181102
43.215328 9.918434 1.181102
42.799042 7.878018 1.181102
42.400070 7.515566 1.181102
42.241638 9.631278 1.181102
42.076611 7.048731 1.181102
41.845558 6.476688 1.181102
41.706928 5.799437 1.181102
41.588940 9.271508 1.181102
41.660728 5.016979 1.181102
41.613689 0.747389 1.181102
40.990688 8.759909 1.181102
40.921379 1.323558 1.181102
40.479919 8.134437 1.181102
40.363991 2.044130 1.181102
40.089619 7.433050 1.181102
39.965839 2.888888 1.181102
39.757900 6.310831 1.181102
39.726959 3.857834 1.181102
39.647331 4.950966 1.181102
49.034359 4.997175 1.181102
48.954739 3.889190 1.181102
48.954121 6.114030 1.181102
48.715851 2.908692 1.181102
48.713379 7.101335 1.181102
48.317711 2.055682 1.181102
48.312141 7.959090 1.181102
47.760319 1.330159 1.181102
47.750408 8.687294 1.181102
47.069660 0.751103 1.181102
46.967541 4.254324 1.181102
46.827061 3.570471 1.181102
46.592918 2.991827 1.181102
46.271721 0.337491 1.181102
46.265121 2.518391 1.181102
45.864300 2.150163 1.181102
45.411079 1.887143 1.181102
45.366520 0.089324 1.181102
44.905460 1.729331 1.181102
44.354050 0.006601 1.181102
44.347450 1.676727 1.181102
43.788818 1.729744 1.181102
43.330029 0.088911 1.181102
43.281342 1.888793 1.181102
42.825031 2.153876 1.181102
42.419868 2.524992 1.181102
42.416569 0.335840 1.181102
42.087749 2.998841 1.181102
41.850510 3.572122 1.181102
41.708172 4.244834 1.181102
41.660728 5.016979 1.181102
41.708172 4.244834 1.181102
41.706928 5.799437 1.181102
41.845558 6.476688 1.181102
42.076611 7.048731 1.181102
42.400070 7.515566 1.181102
42.799042 7.878018 1.181102
43.256592 8.136912 1.181102
43.772720 8.292249 1.181102
44.347450 8.344027 1.181102
44.921558 8.292867 1.181102
45.435841 8.139388 1.181102
45.890289 7.883588 1.181102
46.284931 7.525468 1.181102
46.604061 7.063378 1.181102
46.832008 6.495667 1.181102
46.968781 5.822336 1.181102
47.014370 5.043384 1.181102
46.967541 4.254324 1.181102
46.827061 3.570471 1.181102
46.592918 2.991827 1.181102
46.265121 2.518391 1.181102
45.864300 2.150163 1.181102
45.411079 1.887143 1.181102
44.905460 1.729331 1.181102
44.347450 1.676727 1.181102
43.788818 1.729744 1.181102
43.281342 1.888793 1.181102
42.825031 2.153876 1.181102
42.419868 2.524992 1.181102
42.087749 2.998841 1.181102
41.850510 3.572122 1.181102
</float_array>
          <technique_common>
            <accessor source="#ID2446-POSITION-array" count="512" stride="3">
              <param name="X" type="float"/>
              <param name="Y" type="float"/>
              <param name="Z" type="float"/>
            </accessor>
          </technique_common>
        </source>
        <source id="ID2446-Normal0">
          <float_array id="ID2446-Normal0-array" count="3456">
0.000000 0.000000 -1.000000
0.000000 0.000000 -1.000000
0.000000 0.000000 -1.000000
0.000000 0.000000 -1.000000
0.000000 0.000000 -1.000000
0.000000 0.000000 -1.000000
0.000000 0.000000 -1.000000
0.000000 0.000000 -1.000000
0.000000 0.000000 -1.000000
0.000000 0.000000 -1.000000
0.000000 0.000000 -1.000000
0.000000 0.000000 -1.000000
0.000000 0.000000 -1.000000
0.000000 0.000000 -1.000000
0.000000 0.000000 -1.000000
0.000000 0.000000 -1.000000
0.000000 0.000000 -1.000000
0.000000 0.000000 -1.000000
0.000000 0.000000 -1.000000
0.000000 0.000000 -1.000000
0.000000 0.000000 -1.000000
0.000000 0.000000 -1.000000
0.000000 0.000000 -1.000000
0.000000 0.000000 -1.000000
0.000000 0.000000 -1.000000
0.000000 0.000000 -1.000000
0.000000 0.000000 -1.000000
0.000000 0.000000 -1.000000
0.000000 0.000000 -1.000000
0.000000 0.000000 -1.000000
0.000000 0.000000 -1.000000
0.000000 0.000000 -1.000000
0.000000 0.000000 -1.000000
0.000000 0.000000 -1.000000
0.000000 0.000000 -1.000000
0.000000 0.000000 -1.000000
0.000000 0.000000 -1.000000
0.000000 0.000000 -1.000000
0.000000 0.000000 -1.000000
0.000000 0.000000 -1.000000
0.000000 0.000000 -1.000000
0.000000 0.000000 -1.000000
0.000000 0.000000 -1.000000
0.000000 0.000000 -1.000000
0.000000 0.000000 -1.000000
0.000000 0.000000 -1.000000
0.000000 0.000000 -1.000000
0.000000 0.000000 -1.000000
0.000000 0.000000 -1.000000
0.000000 0.000000 -1.000000
0.000000 0.000000 -1.000000
0.000000 0.000000 -1.000000
0.000000 0.000000 -1.000000
0.000000 0.000000 -1.000000
0.000000 0.000000 -1.000000
0.000000 0.000000 -1.000000
0.000000 0.000000 -1.000000
0.000000 0.000000 -1.000000
0.000000 0.000000 -1.000000
0.000000 0.000000 -1.000000
0.000000 0.000000 -1.000000
0.000000 0.000000 -1.000000
0.000000 0.000000 -1.000000
0.000000 0.000000 -1.000000
0.000000 0.000000 -1.000000
0.000000 0.000000 -1.000000
0.000000 0.000000 -1.000000
0.000000 0.000000 -1.000000
0.000000 0.000000 -1.000000
0.000000 0.000000 -1.000000
0.000000 0.000000 -1.000000
0.000000 0.000000 -1.000000
0.000000 0.000000 -1.000000
0.000000 0.000000 -1.000000
0.000000 0.000000 -1.000000
0.000000 0.000000 -1.000000
0.000000 0.000000 -1.000000
0.000000 0.000000 -1.000000
0.000000 0.000000 -1.000000
0.000000 0.000000 -1.000000
0.000000 0.000000 -1.000000
0.000000 0.000000 -1.000000
0.000000 0.000000 -1.000000
0.000000 0.000000 -1.000000
0.000000 0.000000 -1.000000
0.000000 0.000000 -1.000000
0.000000 0.000000 -1.000000
0.000000 0.000000 -1.000000
0.000000 0.000000 -1.000000
0.000000 0.000000 -1.000000
0.000000 0.000000 -1.000000
0.000000 0.000000 -1.000000
0.000000 0.000000 -1.000000
0.000000 0.000000 -1.000000
0.000000 0.000000 -1.000000
0.000000 0.000000 -1.000000
0.000000 0.000000 -1.000000
0.000000 0.000000 -1.000000
0.000000 0.000000 -1.000000
0.000000 0.000000 -1.000000
0.000000 0.000000 -1.000000
0.000000 0.000000 -1.000000
0.000000 0.000000 -1.000000
0.000000 0.000000 -1.000000
0.000000 0.000000 -1.000000
0.000000 0.000000 -1.000000
0.000000 0.000000 -1.000000
0.000000 0.000000 -1.000000
0.000000 0.000000 -1.000000
0.000000 0.000000 -1.000000
0.000000 0.000000 -1.000000
0.000000 0.000000 -1.000000
0.000000 0.000000 -1.000000
0.000000 0.000000 -1.000000
0.000000 0.000000 -1.000000
0.000000 0.000000 -1.000000
0.000000 0.000000 -1.000000
0.000000 0.000000 -1.000000
0.000000 0.000000 -1.000000
0.000000 0.000000 -1.000000
0.000000 0.000000 -1.000000
0.000000 0.000000 -1.000000
0.000000 0.000000 -1.000000
0.000000 0.000000 -1.000000
0.000000 0.000000 -1.000000
0.000000 0.000000 -1.000000
0.000000 0.000000 -1.000000
0.000000 0.000000 -1.000000
0.000000 0.000000 -1.000000
0.000000 0.000000 -1.000000
0.000000 0.000000 -1.000000
0.000000 0.000000 -1.000000
0.000000 0.000000 -1.000000
0.000000 0.000000 -1.000000
0.000000 0.000000 -1.000000
0.000000 0.000000 -1.000000
0.000000 0.000000 -1.000000
0.000000 0.000000 -1.000000
0.000000 0.000000 -1.000000
0.000000 0.000000 -1.000000
0.000000 0.000000 -1.000000
0.000000 0.000000 -1.000000
0.000000 0.000000 -1.000000
0.000000 0.000000 -1.000000
0.000000 0.000000 -1.000000
0.000000 0.000000 -1.000000
0.000000 0.000000 -1.000000
0.000000 0.000000 -1.000000
0.000000 0.000000 -1.000000
0.000000 0.000000 -1.000000
0.000000 0.000000 -1.000000
0.000000 0.000000 -1.000000
0.000000 0.000000 -1.000000
0.000000 0.000000 -1.000000
0.000000 0.000000 -1.000000
0.000000 0.000000 -1.000000
0.000000 0.000000 -1.000000
0.000000 0.000000 -1.000000
0.000000 0.000000 -1.000000
0.000000 0.000000 -1.000000
0.000000 0.000000 -1.000000
0.000000 0.000000 -1.000000
0.000000 0.000000 -1.000000
0.000000 0.000000 -1.000000
0.000000 0.000000 -1.000000
0.000000 0.000000 -1.000000
0.000000 0.000000 -1.000000
0.000000 0.000000 -1.000000
0.000000 0.000000 -1.000000
0.000000 0.000000 -1.000000
0.000000 0.000000 -1.000000
0.000000 0.000000 -1.000000
0.000000 0.000000 -1.000000
0.000000 0.000000 -1.000000
0.000000 0.000000 -1.000000
0.000000 0.000000 -1.000000
0.000000 0.000000 -1.000000
0.000000 0.000000 -1.000000
0.000000 0.000000 -1.000000
0.000000 0.000000 -1.000000
0.000000 0.000000 -1.000000
0.000000 0.000000 -1.000000
0.000000 0.000000 -1.000000
0.000000 0.000000 -1.000000
0.000000 0.000000 -1.000000
0.000000 0.000000 -1.000000
0.000000 0.000000 -1.000000
0.000000 0.000000 -1.000000
0.000000 0.000000 -1.000000
0.000000 0.000000 -1.000000
0.000000 0.000000 -1.000000
0.000000 0.000000 -1.000000
-0.000000 0.000000 1.000000
-0.000000 0.000000 1.000000
-0.000000 0.000000 1.000000
-0.000000 0.000000 1.000000
-0.000000 0.000000 1.000000
-0.000000 0.000000 1.000000
-0.000000 0.000000 1.000000
-0.000000 0.000000 1.000000
-0.000000 0.000000 1.000000
-0.000000 0.000000 1.000000
-0.000000 0.000000 1.000000
-0.000000 0.000000 1.000000
-0.000000 0.000000 1.000000
-0.000000 0.000000 1.000000
-0.000000 0.000000 1.000000
-0.000000 0.000000 1.000000
-0.000000 0.000000 1.000000
-0.000000 0.000000 1.000000
-0.000000 0.000000 1.000000
-0.000000 0.000000 1.000000
-0.000000 0.000000 1.000000
-0.000000 0.000000 1.000000
-0.000000 0.000000 1.000000
-0.000000 0.000000 1.000000
-0.000000 0.000000 1.000000
-0.000000 0.000000 1.000000
-0.000000 0.000000 1.000000
-0.000000 0.000000 1.000000
-0.000000 0.000000 1.000000
-0.000000 0.000000 1.000000
-0.000000 0.000000 1.000000
-0.000000 0.000000 1.000000
-0.000000 0.000000 1.000000
-0.000000 0.000000 1.000000
-0.000000 0.000000 1.000000
-0.000000 0.000000 1.000000
-0.000000 0.000000 1.000000
-0.000000 0.000000 1.000000
-0.000000 0.000000 1.000000
-0.000000 0.000000 1.000000
-0.000000 0.000000 1.000000
-0.000000 0.000000 1.000000
-0.000000 0.000000 1.000000
-0.000000 0.000000 1.000000
-0.000000 0.000000 1.000000
-0.000000 0.000000 1.000000
-0.000000 0.000000 1.000000
-0.000000 0.000000 1.000000
-0.000000 0.000000 1.000000
-0.000000 0.000000 1.000000
-0.000000 0.000000 1.000000
-0.000000 0.000000 1.000000
-0.000000 0.000000 1.000000
-0.000000 0.000000 1.000000
-0.000000 0.000000 1.000000
-0.000000 0.000000 1.000000
-0.000000 0.000000 1.000000
-0.000000 0.000000 1.000000
-0.000000 0.000000 1.000000
-0.000000 0.000000 1.000000
-0.000000 0.000000 1.000000
-0.000000 0.000000 1.000000
-0.000000 0.000000 1.000000
-0.000000 0.000000 1.000000
-0.000000 0.000000 1.000000
-0.000000 0.000000 1.000000
-0.000000 0.000000 1.000000
-0.000000 0.000000 1.000000
-0.000000 0.000000 1.000000
-0.000000 0.000000 1.000000
-0.000000 0.000000 1.000000
-0.000000 0.000000 1.000000
-0.000000 0.000000 1.000000
-0.000000 0.000000 1.000000
-0.000000 0.000000 1.000000
-0.000000 0.000000 1.000000
-0.000000 0.000000 1.000000
-0.000000 0.000000 1.000000
-0.000000 0.000000 1.000000
-0.000000 0.000000 1.000000
-0.000000 0.000000 1.000000
-0.000000 0.000000 1.000000
-0.000000 0.000000 1.000000
-0.000000 0.000000 1.000000
-0.000000 0.000000 1.000000
-0.000000 0.000000 1.000000
-0.000000 0.000000 1.000000
-0.000000 0.000000 1.000000
-0.000000 0.000000 1.000000
-0.000000 0.000000 1.000000
-0.000000 0.000000 1.000000
-0.000000 0.000000 1.000000
-0.000000 0.000000 1.000000
-0.000000 0.000000 1.000000
-0.000000 0.000000 1.000000
-0.000000 0.000000 1.000000
-0.000000 0.000000 1.000000
-0.000000 0.000000 1.000000
-0.000000 0.000000 1.000000
-0.000000 0.000000 1.000000
-0.000000 0.000000 1.000000
-0.000000 0.000000 1.000000
-0.000000 0.000000 1.000000
-0.000000 0.000000 1.000000
-0.000000 0.000000 1.000000
-0.000000 0.000000 1.000000
-0.000000 0.000000 1.000000
-0.000000 0.000000 1.000000
-0.000000 0.000000 1.000000
-0.000000 0.000000 1.000000
-0.000000 0.000000 1.000000
-0.000000 0.000000 1.000000
-0.000000 0.000000 1.000000
-0.000000 0.000000 1.000000
-0.000000 0.000000 1.000000
-0.000000 0.000000 1.000000
-0.000000 0.000000 1.000000
-0.000000 0.000000 1.000000
-0.000000 0.000000 1.000000
-0.000000 0.000000 1.000000
-0.000000 0.000000 1.000000
-0.000000 0.000000 1.000000
-0.000000 0.000000 1.000000
-0.000000 0.000000 1.000000
-0.000000 0.000000 1.000000
-0.000000 0.000000 1.000000
-0.000000 0.000000 1.000000
-0.000000 0.000000 1.000000
-0.000000 0.000000 1.000000
-0.000000 0.000000 1.000000
-0.000000 0.000000 1.000000
-0.000000 0.000000 1.000000
-0.000000 0.000000 1.000000
-0.000000 0.000000 1.000000
-0.000000 0.000000 1.000000
-0.000000 0.000000 1.000000
-0.000000 0.000000 1.000000
-0.000000 0.000000 1.000000
-0.000000 0.000000 1.000000
-0.000000 0.000000 1.000000
-0.000000 0.000000 1.000000
-0.000000 0.000000 1.000000
-0.000000 0.000000 1.000000
-0.000000 0.000000 1.000000
-0.000000 0.000000 1.000000
-0.000000 0.000000 1.000000
-0.000000 0.000000 1.000000
-0.000000 0.000000 1.000000
-0.000000 0.000000 1.000000
-0.000000 0.000000 1.000000
-0.000000 0.000000 1.000000
-0.000000 0.000000 1.000000
-0.000000 0.000000 1.000000
-0.000000 0.000000 1.000000
-0.000000 0.000000 1.000000
-0.000000 0.000000 1.000000
-0.000000 0.000000 1.000000
-0.000000 0.000000 1.000000
-0.000000 0.000000 1.000000
-0.000000 0.000000 1.000000
-0.000000 0.000000 1.000000
-0.000000 0.000000 1.000000
-0.000000 0.000000 1.000000
-0.000000 0.000000 1.000000
-0.000000 0.000000 1.000000
-0.000000 0.000000 1.000000
-0.000000 0.000000 1.000000
-0.000000 0.000000 1.000000
-0.000000 0.000000 1.000000
-0.000000 0.000000 1.000000
-0.000000 0.000000 1.000000
-0.000000 0.000000 1.000000
-0.000000 0.000000 1.000000
-0.000000 0.000000 1.000000
-0.000000 0.000000 1.000000
-0.000000 0.000000 1.000000
-0.000000 0.000000 1.000000
-0.000000 0.000000 1.000000
-0.000000 0.000000 1.000000
-0.000000 0.000000 1.000000
-0.000000 0.000000 1.000000
-0.000000 0.000000 1.000000
-0.000000 0.000000 1.000000
-0.000000 0.000000 1.000000
-0.000000 0.000000 1.000000
-0.000000 0.000000 1.000000
-0.000000 0.000000 1.000000
-0.000000 0.000000 1.000000
-0.000000 0.000000 1.000000
-0.000000 0.000000 1.000000
-0.000000 0.000000 1.000000
-0.000000 0.000000 1.000000
-0.983071 0.183227 -0.000000
-0.999991 0.004208 -0.000000
-0.999991 0.004208 -0.000000
-0.999991 0.004208 -0.000000
-0.983071 0.183227 -0.000000
-0.983071 0.183227 -0.000000
0.983071 -0.183227 0.000000
0.983071 -0.183227 0.000000
0.999991 -0.004208 0.000000
0.999991 -0.004208 0.000000
0.999991 -0.004208 0.000000
0.983071 -0.183227 0.000000
-0.921993 0.387208 -0.000000
-0.983071 0.183227 -0.000000
-0.983071 0.183227 -0.000000
-0.983071 0.183227 -0.000000
-0.921993 0.387208 -0.000000
-0.921993 0.387208 -0.000000
0.921993 -0.387208 0.000000
0.921993 -0.387208 0.000000
0.983071 -0.183227 0.000000
0.983071 -0.183227 0.000000
0.983071 -0.183227 0.000000
0.921993 -0.387208 0.000000
-0.827421 0.561582 -0.000000
-0.921993 0.387208 -0.000000
-0.921993 0.387208 -0.000000
-0.921993 0.387208 -0.000000
-0.827421 0.561582 -0.000000
-0.827421 0.561582 -0.000000
0.827421 -0.561582 0.000000
0.827421 -0.561582 0.000000
0.921993 -0.387208 0.000000
0.921993 -0.387208 0.000000
0.921993 -0.387208 0.000000
0.827421 -0.561582 0.000000
-0.715085 0.699038 -0.000000
-0.827421 0.561582 -0.000000
-0.827421 0.561582 -0.000000
-0.827421 0.561582 -0.000000
-0.715085 0.699038 -0.000000
-0.715085 0.699038 -0.000000
0.715085 -0.699038 0.000000
0.715085 -0.699038 0.000000
0.827421 -0.561582 0.000000
0.827421 -0.561582 0.000000
0.827421 -0.561582 0.000000
0.715085 -0.699038 0.000000
-0.715085 0.699038 -0.000000
-0.569278 0.822145 -0.000000
-0.715085 0.699038 -0.000000
-0.569278 0.822145 -0.000000
-0.715085 0.699038 -0.000000
-0.569278 0.822145 -0.000000
0.569278 -0.822145 0.000000
0.715085 -0.699038 0.000000
0.569278 -0.822145 0.000000
0.715085 -0.699038 0.000000
0.569278 -0.822145 0.000000
0.715085 -0.699038 0.000000
-0.569278 0.822145 -0.000000
-0.385062 0.922891 -0.000000
-0.569278 0.822145 -0.000000
-0.385062 0.922891 -0.000000
-0.569278 0.822145 -0.000000
-0.385062 0.922891 -0.000000
0.385062 -0.922891 0.000000
0.569278 -0.822145 0.000000
0.385062 -0.922891 0.000000
0.569278 -0.822145 0.000000
0.385062 -0.922891 0.000000
0.569278 -0.822145 0.000000
-0.385062 0.922891 -0.000000
-0.185238 0.982694 -0.000000
-0.385062 0.922891 -0.000000
-0.185238 0.982694 -0.000000
-0.385062 0.922891 -0.000000
-0.185238 0.982694 -0.000000
0.185238 -0.982694 0.000000
0.385062 -0.922891 0.000000
0.185238 -0.982694 0.000000
0.385062 -0.922891 0.000000
0.185238 -0.982694 0.000000
0.385062 -0.922891 0.000000
-0.185238 0.982694 -0.000000
-0.002199 0.999998 -0.000000
-0.185238 0.982694 -0.000000
-0.002199 0.999998 -0.000000
-0.185238 0.982694 -0.000000
-0.002199 0.999998 -0.000000
0.002199 -0.999998 0.000000
0.185238 -0.982694 0.000000
0.002199 -0.999998 0.000000
0.185238 -0.982694 0.000000
0.002199 -0.999998 0.000000
0.185238 -0.982694 0.000000
-0.002199 0.999998 -0.000000
0.173399 0.984852 -0.000000
-0.002199 0.999998 -0.000000
0.173399 0.984852 -0.000000
-0.002199 0.999998 -0.000000
0.173399 0.984852 -0.000000
-0.173399 -0.984852 0.000000
0.002199 -0.999998 0.000000
-0.173399 -0.984852 0.000000
0.002199 -0.999998 0.000000
-0.173399 -0.984852 0.000000
0.002199 -0.999998 0.000000
0.173399 0.984852 -0.000000
0.363548 0.931576 -0.000000
0.173399 0.984852 -0.000000
0.363548 0.931576 -0.000000
0.173399 0.984852 -0.000000
0.363548 0.931576 -0.000000
-0.363548 -0.931576 0.000000
-0.173399 -0.984852 0.000000
-0.363548 -0.931576 0.000000
-0.173399 -0.984852 0.000000
-0.363548 -0.931576 0.000000
-0.173399 -0.984852 0.000000
0.363548 0.931576 -0.000000
0.553289 0.832990 -0.000000
0.363548 0.931576 -0.000000
0.553289 0.832990 -0.000000
0.363548 0.931576 -0.000000
0.553289 0.832990 -0.000000
-0.553289 -0.832990 0.000000
-0.363548 -0.931576 0.000000
-0.553289 -0.832990 0.000000
-0.363548 -0.931576 0.000000
-0.553289 -0.832990 0.000000
-0.363548 -0.931576 0.000000
0.553289 0.832990 -0.000000
0.720599 0.693353 0.000000
0.553289 0.832990 -0.000000
0.720599 0.693353 0.000000
0.553289 0.832990 -0.000000
0.720599 0.693353 0.000000
-0.720599 -0.693353 0.000000
-0.553289 -0.832990 0.000000
-0.720599 -0.693353 0.000000
-0.553289 -0.832990 0.000000
-0.720599 -0.693353 0.000000
-0.553289 -0.832990 0.000000
0.720599 0.693353 0.000000
0.853937 0.520377 0.000000
0.853937 0.520377 0.000000
0.853937 0.520377 0.000000
0.720599 0.693353 0.000000
0.720599 0.693353 0.000000
-0.720599 -0.693353 0.000000
-0.720599 -0.693353 0.000000
-0.853937 -0.520377 -0.000000
-0.853937 -0.520377 -0.000000
-0.853937 -0.520377 -0.000000
-0.720599 -0.693353 0.000000
0.853937 0.520377 0.000000
0.943303 0.331933 0.000000
0.943303 0.331933 0.000000
0.943303 0.331933 0.000000
0.853937 0.520377 0.000000
0.853937 0.520377 0.000000
-0.853937 -0.520377 -0.000000
-0.853937 -0.520377 -0.000000
-0.943303 -0.331933 -0.000000
-0.943303 -0.331933 -0.000000
-0.943303 -0.331933 -0.000000
-0.853937 -0.520377 -0.000000
0.943303 0.331933 0.000000
0.987942 0.154823 0.000000
0.987942 0.154823 0.000000
0.987942 0.154823 0.000000
0.943303 0.331933 0.000000
0.943303 0.331933 0.000000
-0.943303 -0.331933 -0.000000
-0.943303 -0.331933 -0.000000
-0.987942 -0.154823 -0.000000
-0.987942 -0.154823 -0.000000
-0.987942 -0.154823 -0.000000
-0.943303 -0.331933 -0.000000
0.987942 0.154823 0.000000
1.000000 -0.000008 0.000000
1.000000 -0.000008 0.000000
1.000000 -0.000008 0.000000
0.987942 0.154823 0.000000
0.987942 0.154823 0.000000
-0.987942 -0.154823 -0.000000
-0.987942 -0.154823 -0.000000
-1.000000 0.000008 -0.000000
-1.000000 0.000008 -0.000000
-1.000000 0.000008 -0.000000
-0.987942 -0.154823 -0.000000
1.000000 -0.000008 0.000000
0.987956 -0.154738 -0.000000
0.987956 -0.154738 -0.000000
0.987956 -0.154738 -0.000000
1.000000 -0.000008 0.000000
1.000000 -0.000008 0.000000
-1.000000 0.000008 -0.000000
-1.000000 0.000008 -0.000000
-0.987956 0.154738 0.000000
-0.987956 0.154738 0.000000
-0.987956 0.154738 0.000000
-1.000000 0.000008 -0.000000
0.987956 -0.154738 -0.000000
0.943474 -0.331447 -0.000000
0.943474 -0.331447 -0.000000
0.943474 -0.331447 -0.000000
0.987956 -0.154738 -0.000000
0.987956 -0.154738 -0.000000
-0.987956 0.154738 0.000000
-0.987956 0.154738 0.000000
-0.943474 0.331447 0.000000
-0.943474 0.331447 0.000000
-0.943474 0.331447 0.000000
-0.987956 0.154738 0.000000
0.943474 -0.331447 -0.000000
0.854665 -0.519181 -0.000000
0.854665 -0.519181 -0.000000
0.854665 -0.519181 -0.000000
0.943474 -0.331447 -0.000000
0.943474 -0.331447 -0.000000
-0.943474 0.331447 0.000000
-0.943474 0.331447 0.000000
-0.854665 0.519181 0.000000
-0.854665 0.519181 0.000000
-0.854665 0.519181 0.000000
-0.943474 0.331447 0.000000
0.854665 -0.519181 -0.000000
0.722019 -0.691873 -0.000000
0.722019 -0.691873 -0.000000
0.722019 -0.691873 -0.000000
0.854665 -0.519181 -0.000000
0.854665 -0.519181 -0.000000
-0.854665 0.519181 0.000000
-0.854665 0.519181 0.000000
-0.722019 0.691873 0.000000
-0.722019 0.691873 0.000000
-0.722019 0.691873 0.000000
-0.854665 0.519181 0.000000
0.722019 -0.691873 -0.000000
0.554678 -0.832065 0.000000
0.722019 -0.691873 -0.000000
0.554678 -0.832065 0.000000
0.722019 -0.691873 -0.000000
0.554678 -0.832065 0.000000
-0.554678 0.832065 0.000000
-0.722019 0.691873 0.000000
-0.554678 0.832065 0.000000
-0.722019 0.691873 0.000000
-0.554678 0.832065 0.000000
-0.722019 0.691873 0.000000
0.554678 -0.832065 0.000000
0.364321 -0.931274 0.000000
0.554678 -0.832065 0.000000
0.364321 -0.931274 0.000000
0.554678 -0.832065 0.000000
0.364321 -0.931274 0.000000
-0.364321 0.931274 -0.000000
-0.554678 0.832065 0.000000
-0.364321 0.931274 -0.000000
-0.554678 0.832065 0.000000
-0.364321 0.931274 -0.000000
-0.554678 0.832065 0.000000
0.364321 -0.931274 0.000000
0.173667 -0.984804 0.000000
0.364321 -0.931274 0.000000
0.173667 -0.984804 0.000000
0.364321 -0.931274 0.000000
0.173667 -0.984804 0.000000
-0.173667 0.984804 -0.000000
-0.364321 0.931274 -0.000000
-0.173667 0.984804 -0.000000
-0.364321 0.931274 -0.000000
-0.173667 0.984804 -0.000000
-0.364321 0.931274 -0.000000
0.173667 -0.984804 0.000000
0.000658 -1.000000 0.000000
0.173667 -0.984804 0.000000
0.000658 -1.000000 0.000000
0.173667 -0.984804 0.000000
0.000658 -1.000000 0.000000
-0.000658 1.000000 -0.000000
-0.173667 0.984804 -0.000000
-0.000658 1.000000 -0.000000
-0.173667 0.984804 -0.000000
-0.000658 1.000000 -0.000000
-0.173667 0.984804 -0.000000
0.000658 -1.000000 0.000000
-0.171262 -0.985225 -0.000000
0.000658 -1.000000 0.000000
-0.171262 -0.985225 -0.000000
0.000658 -1.000000 0.000000
-0.171262 -0.985225 -0.000000
0.171262 0.985225 0.000000
-0.000658 1.000000 -0.000000
0.171262 0.985225 0.000000
-0.000658 1.000000 -0.000000
0.171262 0.985225 0.000000
-0.000658 1.000000 -0.000000
-0.171262 -0.985225 -0.000000
-0.360535 -0.932746 0.000000
-0.171262 -0.985225 -0.000000
-0.360535 -0.932746 0.000000
-0.171262 -0.985225 -0.000000
-0.360535 -0.932746 0.000000
0.360535 0.932746 0.000000
0.171262 0.985225 0.000000
0.360535 0.932746 0.000000
0.171262 0.985225 0.000000
0.360535 0.932746 0.000000
0.171262 0.985225 0.000000
-0.360535 -0.932746 0.000000
-0.551266 -0.834329 0.000000
-0.360535 -0.932746 0.000000
-0.551266 -0.834329 0.000000
-0.360535 -0.932746 0.000000
-0.551266 -0.834329 0.000000
0.551266 0.834329 -0.000000
0.360535 0.932746 0.000000
0.551266 0.834329 -0.000000
0.360535 0.932746 0.000000
0.551266 0.834329 -0.000000
0.360535 0.932746 0.000000
-0.551266 -0.834329 0.000000
-0.719612 -0.694376 0.000000
-0.551266 -0.834329 0.000000
-0.719612 -0.694376 0.000000
-0.551266 -0.834329 0.000000
-0.719612 -0.694376 0.000000
0.719612 0.694376 -0.000000
0.551266 0.834329 -0.000000
0.719612 0.694376 -0.000000
0.551266 0.834329 -0.000000
0.719612 0.694376 -0.000000
0.551266 0.834329 -0.000000
-0.852830 -0.522189 -0.000000
-0.719612 -0.694376 0.000000
-0.719612 -0.694376 0.000000
-0.719612 -0.694376 0.000000
-0.852830 -0.522189 -0.000000
-0.852830 -0.522189 -0.000000
0.852830 0.522189 0.000000
0.852830 0.522189 0.000000
0.719612 0.694376 -0.000000
0.719612 0.694376 -0.000000
0.719612 0.694376 -0.000000
0.852830 0.522189 0.000000
-0.942396 -0.334500 -0.000000
-0.852830 -0.522189 -0.000000
-0.852830 -0.522189 -0.000000
-0.852830 -0.522189 -0.000000
-0.942396 -0.334500 -0.000000
-0.942396 -0.334500 -0.000000
0.942396 0.334500 0.000000
0.942396 0.334500 0.000000
0.852830 0.522189 0.000000
0.852830 0.522189 0.000000
0.852830 0.522189 0.000000
0.942396 0.334500 0.000000
-0.987667 -0.156571 -0.000000
-0.942396 -0.334500 -0.000000
-0.942396 -0.334500 -0.000000
-0.942396 -0.334500 -0.000000
-0.987667 -0.156571 -0.000000
-0.987667 -0.156571 -0.000000
0.987667 0.156571 0.000000
0.987667 0.156571 0.000000
0.942396 0.334500 0.000000
0.942396 0.334500 0.000000
0.942396 0.334500 0.000000
0.987667 0.156571 0.000000
-0.999991 0.004208 -0.000000
-0.987667 -0.156571 -0.000000
-0.987667 -0.156571 -0.000000
-0.987667 -0.156571 -0.000000
-0.999991 0.004208 -0.000000
-0.999991 0.004208 -0.000000
0.999991 -0.004208 0.000000
0.999991 -0.004208 0.000000
0.987667 0.156571 0.000000
0.987667 0.156571 0.000000
0.987667 0.156571 0.000000
0.999991 -0.004208 0.000000
-0.000000 0.000000 1.000000
-0.000000 0.000000 1.000000
-0.000000 0.000000 1.000000
-0.000000 0.000000 1.000000
-0.000000 0.000000 1.000000
-0.000000 0.000000 1.000000
-0.000000 0.000000 1.000000
-0.000000 0.000000 1.000000
-0.000000 0.000000 1.000000
-0.000000 0.000000 1.000000
-0.000000 0.000000 1.000000
-0.000000 0.000000 1.000000
-0.000000 0.000000 1.000000
-0.000000 0.000000 1.000000
-0.000000 0.000000 1.000000
-0.000000 0.000000 1.000000
-0.000000 0.000000 1.000000
-0.000000 0.000000 1.000000
-0.000000 0.000000 1.000000
-0.000000 0.000000 1.000000
-0.000000 0.000000 1.000000
-0.000000 0.000000 1.000000
-0.000000 0.000000 1.000000
-0.000000 0.000000 1.000000
-0.000000 0.000000 1.000000
-0.000000 0.000000 1.000000
-0.000000 0.000000 1.000000
-0.000000 0.000000 1.000000
-0.000000 0.000000 1.000000
-0.000000 0.000000 1.000000
-0.000000 0.000000 1.000000
-0.000000 0.000000 1.000000
-0.000000 0.000000 1.000000
-0.000000 0.000000 1.000000
-0.000000 0.000000 1.000000
-0.000000 0.000000 1.000000
-0.000000 0.000000 1.000000
-0.000000 0.000000 1.000000
-0.000000 0.000000 1.000000
-0.000000 0.000000 1.000000
-0.000000 0.000000 1.000000
-0.000000 0.000000 1.000000
-0.000000 0.000000 1.000000
-0.000000 0.000000 1.000000
-0.000000 0.000000 1.000000
-0.000000 0.000000 1.000000
-0.000000 0.000000 1.000000
-0.000000 0.000000 1.000000
-0.000000 0.000000 1.000000
-0.000000 0.000000 1.000000
-0.000000 0.000000 1.000000
-0.000000 0.000000 1.000000
-0.000000 0.000000 1.000000
-0.000000 0.000000 1.000000
-0.000000 0.000000 1.000000
-0.000000 0.000000 1.000000
-0.000000 0.000000 1.000000
-0.000000 0.000000 1.000000
-0.000000 0.000000 1.000000
-0.000000 0.000000 1.000000
-0.000000 0.000000 1.000000
-0.000000 0.000000 1.000000
-0.000000 0.000000 1.000000
-0.000000 0.000000 1.000000
-0.000000 0.000000 1.000000
-0.000000 0.000000 1.000000
-0.000000 0.000000 1.000000
-0.000000 0.000000 1.000000
-0.000000 0.000000 1.000000
-0.000000 0.000000 1.000000
-0.000000 0.000000 1.000000
-0.000000 0.000000 1.000000
-0.000000 0.000000 1.000000
-0.000000 0.000000 1.000000
-0.000000 0.000000 1.000000
-0.000000 0.000000 1.000000
-0.000000 0.000000 1.000000
-0.000000 0.000000 1.000000
-0.000000 0.000000 1.000000
-0.000000 0.000000 1.000000
-0.000000 0.000000 1.000000
-0.000000 0.000000 1.000000
-0.000000 0.000000 1.000000
-0.000000 0.000000 1.000000
-0.000000 0.000000 1.000000
-0.000000 0.000000 1.000000
-0.000000 0.000000 1.000000
-0.000000 0.000000 1.000000
-0.000000 0.000000 1.000000
-0.000000 0.000000 1.000000
-0.000000 0.000000 1.000000
-0.000000 0.000000 1.000000
-0.000000 0.000000 1.000000
-0.000000 0.000000 1.000000
-0.000000 0.000000 1.000000
-0.000000 0.000000 1.000000
-0.000000 0.000000 1.000000
-0.000000 0.000000 1.000000
-0.000000 0.000000 1.000000
-0.000000 0.000000 1.000000
-0.000000 0.000000 1.000000
-0.000000 0.000000 1.000000
-0.000000 0.000000 1.000000
-0.000000 0.000000 1.000000
-0.000000 0.000000 1.000000
-0.000000 0.000000 1.000000
-0.000000 0.000000 1.000000
-0.000000 0.000000 1.000000
-0.000000 0.000000 1.000000
-0.000000 0.000000 1.000000
-0.000000 0.000000 1.000000
-0.000000 0.000000 1.000000
-0.000000 0.000000 1.000000
-0.000000 0.000000 1.000000
-0.000000 0.000000 1.000000
-0.000000 0.000000 1.000000
-0.000000 0.000000 1.000000
-0.000000 0.000000 1.000000
-0.000000 0.000000 1.000000
-0.000000 0.000000 1.000000
-0.000000 0.000000 1.000000
-0.000000 0.000000 1.000000
-0.000000 0.000000 1.000000
-0.000000 0.000000 1.000000
-0.000000 0.000000 1.000000
-0.000000 0.000000 1.000000
-0.000000 0.000000 1.000000
-0.000000 0.000000 1.000000
-0.000000 0.000000 1.000000
-0.000000 0.000000 1.000000
-0.000000 0.000000 1.000000
-0.000000 0.000000 1.000000
-0.000000 0.000000 1.000000
-0.000000 0.000000 1.000000
-0.000000 0.000000 1.000000
-0.000000 0.000000 1.000000
-0.000000 0.000000 1.000000
-0.000000 0.000000 1.000000
-0.000000 0.000000 1.000000
-0.000000 0.000000 1.000000
-0.000000 0.000000 1.000000
-0.000000 0.000000 1.000000
-0.000000 0.000000 1.000000
-0.000000 0.000000 1.000000
-0.000000 0.000000 1.000000
-0.000000 0.000000 1.000000
-0.000000 0.000000 1.000000
-0.000000 0.000000 1.000000
-0.000000 0.000000 1.000000
-0.000000 0.000000 1.000000
-0.000000 0.000000 1.000000
-0.000000 0.000000 1.000000
-0.000000 0.000000 1.000000
-0.000000 0.000000 1.000000
-0.000000 0.000000 1.000000
-0.000000 0.000000 1.000000
-0.000000 0.000000 1.000000
-0.000000 0.000000 1.000000
-0.000000 0.000000 1.000000
-0.000000 0.000000 1.000000
-0.000000 0.000000 1.000000
-0.000000 0.000000 1.000000
-0.000000 0.000000 1.000000
-0.000000 0.000000 1.000000
-0.000000 0.000000 1.000000
-0.000000 0.000000 1.000000
-0.000000 0.000000 1.000000
-0.000000 0.000000 1.000000
-0.000000 0.000000 1.000000
-0.000000 0.000000 1.000000
-0.000000 0.000000 1.000000
-0.000000 0.000000 1.000000
-0.000000 0.000000 1.000000
-0.000000 0.000000 1.000000
-0.000000 0.000000 1.000000
-0.000000 0.000000 1.000000
-0.000000 0.000000 1.000000
-0.000000 0.000000 1.000000
-0.000000 0.000000 1.000000
-0.000000 0.000000 1.000000
-0.000000 0.000000 1.000000
-0.000000 0.000000 1.000000
-0.000000 0.000000 1.000000
-0.000000 0.000000 1.000000
-0.000000 0.000000 1.000000
-0.000000 0.000000 1.000000
-0.000000 0.000000 1.000000
-0.000000 0.000000 1.000000
-0.000000 0.000000 1.000000
-0.000000 0.000000 1.000000
-0.000000 0.000000 1.000000
-0.000000 0.000000 1.000000
0.000000 0.000000 -1.000000
0.000000 0.000000 -1.000000
0.000000 0.000000 -1.000000
0.000000 0.000000 -1.000000
0.000000 0.000000 -1.000000
0.000000 0.000000 -1.000000
0.000000 0.000000 -1.000000
0.000000 0.000000 -1.000000
0.000000 0.000000 -1.000000
0.000000 0.000000 -1.000000
0.000000 0.000000 -1.000000
0.000000 0.000000 -1.000000
0.000000 0.000000 -1.000000
0.000000 0.000000 -1.000000
0.000000 0.000000 -1.000000
0.000000 0.000000 -1.000000
0.000000 0.000000 -1.000000
0.000000 0.000000 -1.000000
0.000000 0.000000 -1.000000
0.000000 0.000000 -1.000000
0.000000 0.000000 -1.000000
0.000000 0.000000 -1.000000
0.000000 0.000000 -1.000000
0.000000 0.000000 -1.000000
0.000000 0.000000 -1.000000
0.000000 0.000000 -1.000000
0.000000 0.000000 -1.000000
0.000000 0.000000 -1.000000
0.000000 0.000000 -1.000000
0.000000 0.000000 -1.000000
0.000000 0.000000 -1.000000
0.000000 0.000000 -1.000000
0.000000 0.000000 -1.000000
0.000000 0.000000 -1.000000
0.000000 0.000000 -1.000000
0.000000 0.000000 -1.000000
0.000000 0.000000 -1.000000
0.000000 0.000000 -1.000000
0.000000 0.000000 -1.000000
0.000000 0.000000 -1.000000
0.000000 0.000000 -1.000000
0.000000 0.000000 -1.000000
0.000000 0.000000 -1.000000
0.000000 0.000000 -1.000000
0.000000 0.000000 -1.000000
0.000000 0.000000 -1.000000
0.000000 0.000000 -1.000000
0.000000 0.000000 -1.000000
0.000000 0.000000 -1.000000
0.000000 0.000000 -1.000000
0.000000 0.000000 -1.000000
0.000000 0.000000 -1.000000
0.000000 0.000000 -1.000000
0.000000 0.000000 -1.000000
0.000000 0.000000 -1.000000
0.000000 0.000000 -1.000000
0.000000 0.000000 -1.000000
0.000000 0.000000 -1.000000
0.000000 0.000000 -1.000000
0.000000 0.000000 -1.000000
0.000000 0.000000 -1.000000
0.000000 0.000000 -1.000000
0.000000 0.000000 -1.000000
0.000000 0.000000 -1.000000
0.000000 0.000000 -1.000000
0.000000 0.000000 -1.000000
0.000000 0.000000 -1.000000
0.000000 0.000000 -1.000000
0.000000 0.000000 -1.000000
0.000000 0.000000 -1.000000
0.000000 0.000000 -1.000000
0.000000 0.000000 -1.000000
0.000000 0.000000 -1.000000
0.000000 0.000000 -1.000000
0.000000 0.000000 -1.000000
0.000000 0.000000 -1.000000
0.000000 0.000000 -1.000000
0.000000 0.000000 -1.000000
0.000000 0.000000 -1.000000
0.000000 0.000000 -1.000000
0.000000 0.000000 -1.000000
0.000000 0.000000 -1.000000
0.000000 0.000000 -1.000000
0.000000 0.000000 -1.000000
0.000000 0.000000 -1.000000
0.000000 0.000000 -1.000000
0.000000 0.000000 -1.000000
0.000000 0.000000 -1.000000
0.000000 0.000000 -1.000000
0.000000 0.000000 -1.000000
0.000000 0.000000 -1.000000
0.000000 0.000000 -1.000000
0.000000 0.000000 -1.000000
0.000000 0.000000 -1.000000
0.000000 0.000000 -1.000000
0.000000 0.000000 -1.000000
0.000000 0.000000 -1.000000
0.000000 0.000000 -1.000000
0.000000 0.000000 -1.000000
0.000000 0.000000 -1.000000
0.000000 0.000000 -1.000000
0.000000 0.000000 -1.000000
0.000000 0.000000 -1.000000
0.000000 0.000000 -1.000000
0.000000 0.000000 -1.000000
0.000000 0.000000 -1.000000
0.000000 0.000000 -1.000000
0.000000 0.000000 -1.000000
0.000000 0.000000 -1.000000
0.000000 0.000000 -1.000000
0.000000 0.000000 -1.000000
0.000000 0.000000 -1.000000
0.000000 0.000000 -1.000000
0.000000 0.000000 -1.000000
0.000000 0.000000 -1.000000
0.000000 0.000000 -1.000000
0.000000 0.000000 -1.000000
0.000000 0.000000 -1.000000
0.000000 0.000000 -1.000000
0.000000 0.000000 -1.000000
0.000000 0.000000 -1.000000
0.000000 0.000000 -1.000000
0.000000 0.000000 -1.000000
0.000000 0.000000 -1.000000
0.000000 0.000000 -1.000000
0.000000 0.000000 -1.000000
0.000000 0.000000 -1.000000
0.000000 0.000000 -1.000000
0.000000 0.000000 -1.000000
0.000000 0.000000 -1.000000
0.000000 0.000000 -1.000000
0.000000 0.000000 -1.000000
0.000000 0.000000 -1.000000
0.000000 0.000000 -1.000000
0.000000 0.000000 -1.000000
0.000000 0.000000 -1.000000
0.000000 0.000000 -1.000000
0.000000 0.000000 -1.000000
0.000000 0.000000 -1.000000
0.000000 0.000000 -1.000000
0.000000 0.000000 -1.000000
0.000000 0.000000 -1.000000
0.000000 0.000000 -1.000000
0.000000 0.000000 -1.000000
0.000000 0.000000 -1.000000
0.000000 0.000000 -1.000000
0.000000 0.000000 -1.000000
0.000000 0.000000 -1.000000
0.000000 0.000000 -1.000000
0.000000 0.000000 -1.000000
0.000000 0.000000 -1.000000
0.000000 0.000000 -1.000000
0.000000 0.000000 -1.000000
0.000000 0.000000 -1.000000
0.000000 0.000000 -1.000000
0.000000 0.000000 -1.000000
0.000000 0.000000 -1.000000
0.000000 0.000000 -1.000000
0.000000 0.000000 -1.000000
0.000000 0.000000 -1.000000
0.000000 0.000000 -1.000000
0.000000 0.000000 -1.000000
0.000000 0.000000 -1.000000
0.000000 0.000000 -1.000000
0.000000 0.000000 -1.000000
0.000000 0.000000 -1.000000
0.000000 0.000000 -1.000000
0.000000 0.000000 -1.000000
0.000000 0.000000 -1.000000
0.000000 0.000000 -1.000000
0.000000 0.000000 -1.000000
0.000000 0.000000 -1.000000
0.000000 0.000000 -1.000000
0.000000 0.000000 -1.000000
0.000000 0.000000 -1.000000
0.000000 0.000000 -1.000000
0.000000 0.000000 -1.000000
0.000000 0.000000 -1.000000
0.000000 0.000000 -1.000000
0.000000 0.000000 -1.000000
0.000000 0.000000 -1.000000
0.000000 0.000000 -1.000000
0.000000 0.000000 -1.000000
0.000000 0.000000 -1.000000
0.000000 0.000000 -1.000000
0.000000 0.000000 -1.000000
0.000000 0.000000 -1.000000
0.000000 0.000000 -1.000000
0.000000 0.000000 -1.000000
0.000000 0.000000 -1.000000
0.000000 0.000000 -1.000000
0.000000 0.000000 -1.000000
</float_array>
          <technique_common>
            <accessor source="#ID2446-Normal0-array" count="1152" stride="3">
              <param name="X" type="float"/>
              <param name="Y" type="float"/>
              <param name="Z" type="float"/>
            </accessor>
          </technique_common>
        </source>
        <vertices id="ID2446-VERTEX">
          <input semantic="POSITION" source="#ID2446-POSITION"/>
        </vertices>
        <triangles count="384" material="MaterialFBXASC032FBXASC0352">
          <input semantic="VERTEX" offset="0" source="#ID2446-VERTEX"/>
          <input semantic="NORMAL" offset="1" source="#ID2446-Normal0"/>
          <p> 0 0 1 1 2 2 1 3 0 4 3 5 3 6 0 7 4 8 3 9 4 10 5 11 5 12 4 13 6 14 5 15 6 16 7 17 7 18 6 19 8 20 7 21 8 22 9 23 9 24 8 25 10 26 9 27 10 28 11 29 11 30 10 31 12 32 12 33 10 34 13 35 12 36 13 37 14 38 14 39 13 40 15 41 15 42 13 43 16 44 16 45 13 46 17 47 16 48 17 49 18 50 18 51 17 52 19 53 19 54 17 55 20 56 19 57 20 58 21 59 21 60 20 61 22 62 22 63 20 64 23 65 22 66 23 67 24 68 24 69 23 70 25 71 25 72 23 73 26 74 25 75 26 76 27 77 27 78 26 79 28 80 28 81 26 82 29 83 28 84 29 85 30 86 30 87 29 88 31 89 31 90 29 91 32 92 32 93 29 94 33 95 9 96 34 97 35 98 34 99 9 100 11 101 35 102 34 103 36 104 35 105 36 106 37 107 35 108 37 109 38 110 35 111 38 112 39 113 39 114 38 115 40 116 39 117 40 118 41 119 39 120 41 121 42 122 39 123 42 124 43 125 43 126 42 127 44 128 43 129 44 130 45 131 43 132 45 133 46 134 46 135 45 136 47 137 46 138 47 139 48 140 48 141 47 142 49 143 48 144 49 145 50 146 48 147 50 148 51 149 48 150 51 151 52 152 52 153 51 154 53 155 52 156 53 157 54 158 52 159 54 160 33 161 52 162 33 163 29 164 52 165 29 166 55 167 52 168 55 169 56 170 56 171 55 172 57 173 56 174 57 175 58 176 58 177 57 178 59 179 58 180 59 181 60 182 60 183 59 184 61 185 60 186 61 187 62 188 62 189 61 190 63 191 64 192 65 193 66 194 66 195 65 196 67 197 65 198 68 199 67 200 67 201 68 202 69 203 68 204 70 205 69 206 69 207 70 208 71 209 70 210 72 211 71 212 71 213 72 214 73 215 72 216 74 217 73 218 74 219 75 220 73 221 75 222 76 223 73 224 76 225 77 226 73 227 77 228 78 229 73 230 73 231 78 232 79 233 78 234 80 235 79 236 80 237 81 238 79 239 81 240 82 241 79 242 79 243 82 244 83 245 82 246 84 247 83 248 83 249 84 250 85 251 84 252 86 253 85 254 86 255 87 256 85 257 85 258 87 259 88 260 87 261 89 262 88 263 89 264 90 265 88 266 90 267 91 268 88 269 88 270 91 271 92 272 91 273 93 274 92 275 93 276 94 277 92 278 94 279 95 280 92 281 96 282 97 283 95 284 92 285 95 286 97 287 75 288 74 289 98 290 98 291 74 292 99 293 99 294 74 295 100 296 100 297 74 298 101 299 74 300 102 301 101 302 101 303 102 304 103 305 103 306 102 307 104 308 102 309 105 310 104 311 104 312 105 313 106 314 106 315 105 316 107 317 105 318 108 319 107 320 107 321 108 322 109 323 109 324 108 325 110 326 108 327 111 328 110 329 110 330 111 331 112 332 112 333 111 334 113 335 111 336 114 337 113 338 113 339 114 340 115 341 115 342 114 343 116 344 116 345 114 346 117 347 114 348 118 349 117 350 117 351 118 352 96 353 96 354 118 355 97 356 118 357 119 358 97 359 97 360 119 361 120 362 119 363 121 364 120 365 120 366 121 367 122 368 121 369 123 370 122 371 122 372 123 373 124 374 123 375 125 376 124 377 124 378 125 379 126 380 127 381 126 382 125 383 192 384 193 385 194 386 193 387 192 388 195 389 196 390 197 391 198 392 199 393 198 394 197 395 202 396 195 397 192 398 195 399 202 400 203 401 204 402 205 403 196 404 197 405 196 406 205 407 207 408 203 409 202 410 203 411 207 412 208 413 209 414 210 415 204 416 205 417 204 418 210 419 212 420 208 421 207 422 208 423 212 424 213 425 214 426 215 427 209 428 210 429 209 430 215 431 212 432 217 433 213 434 217 435 212 436 218 437 219 438 215 439 220 440 214 441 220 442 215 443 218 444 222 445 217 446 222 447 218 448 223 449 224 450 219 451 225 452 220 453 225 454 219 455 223 456 227 457 222 458 227 459 223 460 228 461 229 462 224 463 230 464 225 465 230 466 224 467 228 468 232 469 227 470 232 471 228 472 233 473 234 474 229 475 235 476 230 477 235 478 229 479 233 480 237 481 232 482 237 483 233 484 238 485 239 486 234 487 240 488 235 489 240 490 234 491 238 492 242 493 237 494 242 495 238 496 243 497 244 498 239 499 245 500 240 501 245 502 239 503 243 504 247 505 242 506 247 507 243 508 248 509 249 510 244 511 250 512 245 513 250 514 244 515 248 516 252 517 247 518 252 519 248 520 253 521 254 522 249 523 255 524 250 525 255 526 249 527 252 528 257 529 258 530 257 531 252 532 253 533 254 534 255 535 259 536 260 537 259 538 255 539 258 540 262 541 263 542 262 543 258 544 257 545 259 546 260 547 264 548 265 549 264 550 260 551 263 552 267 553 268 554 267 555 263 556 262 557 264 558 265 559 269 560 270 561 269 562 265 563 268 564 272 565 273 566 272 567 268 568 267 569 269 570 270 571 274 572 275 573 274 574 270 575 273 576 277 577 278 578 277 579 273 580 272 581 274 582 275 583 279 584 280 585 279 586 275 587 278 588 282 589 283 590 282 591 278 592 277 593 279 594 280 595 284 596 285 597 284 598 280 599 283 600 287 601 288 602 287 603 283 604 282 605 284 606 285 607 289 608 290 609 289 610 285 611 288 612 292 613 293 614 292 615 288 616 287 617 289 618 290 619 294 620 295 621 294 622 290 623 292 624 297 625 293 626 297 627 292 628 298 629 299 630 294 631 300 632 295 633 300 634 294 635 298 636 302 637 297 638 302 639 298 640 303 641 304 642 299 643 305 644 300 645 305 646 299 647 303 648 307 649 302 650 307 651 303 652 308 653 309 654 304 655 310 656 305 657 310 658 304 659 308 660 312 661 307 662 312 663 308 664 313 665 314 666 309 667 315 668 310 669 315 670 309 671 313 672 317 673 312 674 317 675 313 676 318 677 319 678 314 679 320 680 315 681 320 682 314 683 318 684 322 685 317 686 322 687 318 688 323 689 324 690 319 691 325 692 320 693 325 694 319 695 323 696 327 697 322 698 327 699 323 700 328 701 329 702 324 703 330 704 325 705 330 706 324 707 328 708 332 709 327 710 332 711 328 712 333 713 334 714 329 715 335 716 330 717 335 718 329 719 337 720 332 721 333 722 332 723 337 724 338 725 339 726 340 727 335 728 334 729 335 730 340 731 342 732 338 733 337 734 338 735 342 736 343 737 344 738 345 739 339 740 340 741 339 742 345 743 347 744 343 745 342 746 343 747 347 748 348 749 349 750 350 751 344 752 345 753 344 754 350 755 194 756 348 757 347 758 348 759 194 760 193 761 198 762 199 763 349 764 350 765 349 766 199 767 352 768 353 769 354 770 353 771 352 772 355 773 353 774 355 775 356 776 356 777 355 778 357 779 357 780 355 781 358 782 358 783 355 784 359 785 358 786 359 787 360 788 360 789 359 790 361 791 361 792 359 793 362 794 362 795 359 796 363 797 362 798 363 799 364 800 364 801 363 802 365 803 365 804 363 805 366 806 365 807 366 808 367 809 367 810 366 811 368 812 367 813 368 814 369 815 369 816 368 817 370 818 370 819 368 820 371 821 371 822 368 823 372 824 371 825 372 826 373 827 373 828 372 829 374 830 374 831 372 832 375 833 375 834 372 835 376 836 376 837 372 838 377 839 377 840 372 841 378 842 377 843 378 844 379 845 379 846 378 847 380 848 379 849 380 850 381 851 381 852 380 853 382 854 381 855 382 856 383 857 383 858 382 859 384 860 383 861 384 862 385 863 386 864 387 865 388 866 387 867 386 868 389 869 387 870 389 871 390 872 390 873 389 874 391 875 390 876 391 877 392 878 392 879 391 880 393 881 392 882 393 883 394 884 394 885 393 886 352 887 394 888 352 889 395 890 395 891 352 892 354 893 395 894 354 895 396 896 395 897 396 898 397 899 397 900 396 901 398 902 397 903 398 904 399 905 397 906 399 907 400 908 397 909 400 910 401 911 401 912 400 913 402 914 401 915 402 916 403 917 401 918 403 919 404 920 404 921 403 922 405 923 404 924 405 925 406 926 404 927 406 928 407 929 407 930 406 931 408 932 407 933 408 934 409 935 407 936 409 937 410 938 410 939 409 940 411 941 410 942 411 943 412 944 410 945 412 946 376 947 376 948 412 949 413 950 376 951 413 952 414 953 376 954 414 955 415 956 376 957 415 958 375 959 416 960 417 961 418 962 417 963 419 964 418 965 419 966 420 967 418 968 420 969 421 970 418 971 418 972 421 973 422 974 421 975 423 976 422 977 423 978 424 979 422 980 422 981 424 982 425 983 424 984 426 985 425 986 426 987 427 988 425 989 425 990 427 991 428 992 427 993 429 994 428 995 429 996 430 997 428 998 428 999 430 1000 431 1001 430 1002 432 1003 431 1004 432 1005 433 1006 431 1007 431 1008 433 1009 434 1010 433 1011 435 1012 434 1013 435 1014 436 1015 434 1016 436 1017 437 1018 434 1019 434 1020 437 1021 438 1022 437 1023 439 1024 438 1025 439 1026 440 1027 438 1028 438 1029 440 1030 441 1031 440 1032 442 1033 441 1034 441 1035 442 1036 443 1037 442 1038 444 1039 443 1040 443 1041 444 1042 445 1043 444 1044 446 1045 445 1046 445 1047 446 1048 447 1049 446 1050 448 1051 447 1052 449 1053 447 1054 448 1055 450 1056 451 1057 452 1058 451 1059 453 1060 452 1061 452 1062 453 1063 454 1064 453 1065 455 1066 454 1067 454 1068 455 1069 456 1070 455 1071 457 1072 456 1073 456 1074 457 1075 458 1076 457 1077 459 1078 458 1079 458 1080 459 1081 418 1082 418 1083 459 1084 416 1085 416 1086 459 1087 460 1088 460 1089 459 1090 461 1091 461 1092 459 1093 462 1094 459 1095 463 1096 462 1097 462 1098 463 1099 464 1100 464 1101 463 1102 465 1103 465 1104 463 1105 466 1106 463 1107 467 1108 466 1109 466 1110 467 1111 468 1112 467 1113 469 1114 468 1115 468 1116 469 1117 470 1118 470 1119 469 1120 471 1121 469 1122 472 1123 471 1124 471 1125 472 1126 473 1127 473 1128 472 1129 474 1130 474 1131 472 1132 475 1133 472 1134 476 1135 475 1136 475 1137 476 1138 477 1139 477 1140 476 1141 478 1142 478 1143 476 1144 479 1145 476 1146 440 1147 479 1148 439 1149 479 1150 440 1151</p>
        </triangles>
      </mesh>
    </geometry>
    <geometry id="ID2454-lib" name="ID2454Mesh">
      <mesh>
        <source id="ID2454-POSITION">
          <float_array id="ID2454-POSITION-array" count="900">
59.754848 9.849121 0.000000
57.807468 3.597702 0.000000
57.807468 9.849121 0.000000
58.111130 0.294376 0.000000
58.513809 0.518201 0.000000
59.144241 1.113142 0.000000
59.543610 1.874766 0.000000
59.702042 2.660319 0.000000
59.754848 3.723126 0.000000
55.404610 3.373258 0.000000
53.614010 2.433193 0.000000
53.562851 3.162017 0.000000
53.760891 1.798026 0.000000
54.003479 1.256514 0.000000
54.341801 0.808658 0.000000
54.769230 0.457758 0.000000
55.279179 0.207115 0.000000
55.482170 2.663620 0.000000
55.871651 0.056730 0.000000
55.648849 2.198229 0.000000
55.827911 1.970072 0.000000
56.048229 1.807102 0.000000
56.546631 0.006601 0.000000
56.612640 1.676727 0.000000
57.649040 0.134501 0.000000
57.170448 1.769970 0.000000
57.536819 2.049700 0.000000
57.739811 2.623187 0.000000
57.807468 3.597702 0.000000
57.739811 2.623187 0.000000
58.111130 0.294376 0.000000
57.649040 0.134501 0.000000
57.536819 2.049700 0.000000
57.170448 1.769970 0.000000
56.612640 1.676727 0.000000
56.546631 0.006601 0.000000
56.048229 1.807102 0.000000
55.871651 0.056730 0.000000
55.827911 1.970072 0.000000
55.648849 2.198229 0.000000
55.482170 2.663620 0.000000
55.279179 0.207115 0.000000
55.404610 3.373258 0.000000
54.769230 0.457758 0.000000
54.341801 0.808658 0.000000
54.003479 1.256514 0.000000
53.760891 1.798026 0.000000
53.614010 2.433193 0.000000
53.562851 3.162017 0.000000
59.754848 3.723126 0.000000
59.754848 9.849121 0.000000
59.702042 2.660319 0.000000
59.543610 1.874766 0.000000
59.144241 1.113142 0.000000
58.513809 0.518201 0.000000
57.807468 9.849121 0.000000
57.807468 9.849121 0.000000
59.754848 9.849121 0.000000
59.754848 3.723126 0.000000
59.702042 2.660319 0.000000
59.543610 1.874766 0.000000
59.144241 1.113142 0.000000
58.513809 0.518201 0.000000
58.111130 0.294376 0.000000
57.649040 0.134501 0.000000
56.546631 0.006601 0.000000
55.871651 0.056730 0.000000
55.279179 0.207115 0.000000
54.769230 0.457758 0.000000
54.341801 0.808658 0.000000
54.003479 1.256514 0.000000
53.760891 1.798026 0.000000
53.614010 2.433193 0.000000
53.562851 3.162017 0.000000
55.404610 3.373258 0.000000
55.482170 2.663620 0.000000
55.648849 2.198229 0.000000
55.827911 1.970072 0.000000
56.048229 1.807102 0.000000
56.612640 1.676727 0.000000
57.170448 1.769970 0.000000
57.536819 2.049700 0.000000
57.739811 2.623187 0.000000
57.807468 3.597702 0.000000
57.807468 9.849121 1.181102
59.754848 9.849121 0.000000
57.807468 9.849121 0.000000
59.754848 9.849121 1.181102
59.754848 9.849121 1.181102
57.807468 9.849121 1.181102
59.754848 9.849121 0.000000
57.807468 9.849121 0.000000
57.807468 9.849121 1.181102
59.754848 9.849121 1.181102
59.754848 9.849121 0.000000
59.754848 3.723126 1.181102
59.754848 3.723126 0.000000
59.754848 9.849121 1.181102
59.754848 9.849121 1.181102
59.754848 9.849121 0.000000
59.754848 3.723126 1.181102
59.754848 3.723126 0.000000
59.754848 3.723126 1.181102
59.702042 2.660319 1.181102
59.702042 2.660319 0.000000
59.702042 2.660319 1.181102
59.702042 2.660319 0.000000
59.702042 2.660319 1.181102
59.543610 1.874766 1.181102
59.543610 1.874766 0.000000
59.543610 1.874766 1.181102
59.543610 1.874766 0.000000
59.543610 1.874766 1.181102
59.144241 1.113142 1.181102
59.144241 1.113142 0.000000
59.144241 1.113142 1.181102
59.144241 1.113142 0.000000
59.144241 1.113142 1.181102
58.513809 0.518201 0.000000
58.513809 0.518201 1.181102
58.513809 0.518201 1.181102
58.513809 0.518201 0.000000
58.513809 0.518201 1.181102
58.111130 0.294376 0.000000
58.111130 0.294376 1.181102
58.111130 0.294376 1.181102
58.111130 0.294376 0.000000
58.111130 0.294376 1.181102
57.649040 0.134501 0.000000
57.649040 0.134501 1.181102
57.649040 0.134501 1.181102
57.649040 0.134501 0.000000
57.649040 0.134501 1.181102
56.546631 0.006601 0.000000
56.546631 0.006601 1.181102
56.546631 0.006601 1.181102
56.546631 0.006601 0.000000
56.546631 0.006601 1.181102
55.871651 0.056730 0.000000
55.871651 0.056730 1.181102
55.871651 0.056730 1.181102
55.871651 0.056730 0.000000
55.871651 0.056730 1.181102
55.279179 0.207115 0.000000
55.279179 0.207115 1.181102
55.279179 0.207115 1.181102
55.279179 0.207115 0.000000
55.279179 0.207115 1.181102
54.769230 0.457758 0.000000
54.769230 0.457758 1.181102
54.769230 0.457758 1.181102
54.769230 0.457758 0.000000
54.769230 0.457758 1.181102
54.341801 0.808658 0.000000
54.341801 0.808658 1.181102
54.341801 0.808658 1.181102
54.341801 0.808658 0.000000
54.341801 0.808658 1.181102
54.003479 1.256514 1.181102
54.003479 1.256514 0.000000
54.003479 1.256514 0.000000
54.003479 1.256514 1.181102
54.003479 1.256514 1.181102
53.760891 1.798026 1.181102
53.760891 1.798026 0.000000
53.760891 1.798026 0.000000
53.760891 1.798026 1.181102
53.760891 1.798026 1.181102
53.614010 2.433193 1.181102
53.614010 2.433193 0.000000
53.614010 2.433193 0.000000
53.614010 2.433193 1.181102
53.614010 2.433193 1.181102
53.562851 3.162017 1.181102
53.562851 3.162017 0.000000
53.562851 3.162017 0.000000
53.562851 3.162017 1.181102
53.562851 3.162017 1.181102
53.562851 3.162017 1.181102
55.404610 3.373258 0.000000
53.562851 3.162017 0.000000
55.404610 3.373258 1.181102
55.404610 3.373258 1.181102
53.562851 3.162017 1.181102
55.404610 3.373258 0.000000
53.562851 3.162017 0.000000
55.404610 3.373258 1.181102
55.404610 3.373258 0.000000
55.482170 2.663620 1.181102
55.482170 2.663620 0.000000
55.404610 3.373258 1.181102
55.404610 3.373258 1.181102
55.404610 3.373258 0.000000
55.482170 2.663620 1.181102
55.482170 2.663620 0.000000
55.482170 2.663620 1.181102
55.648849 2.198229 1.181102
55.648849 2.198229 0.000000
55.648849 2.198229 1.181102
55.648849 2.198229 0.000000
55.648849 2.198229 1.181102
55.827911 1.970072 1.181102
55.827911 1.970072 0.000000
55.827911 1.970072 1.181102
55.827911 1.970072 0.000000
55.827911 1.970072 1.181102
56.048229 1.807102 0.000000
56.048229 1.807102 1.181102
56.048229 1.807102 1.181102
56.048229 1.807102 0.000000
56.048229 1.807102 1.181102
56.612640 1.676727 0.000000
56.612640 1.676727 1.181102
56.612640 1.676727 1.181102
56.612640 1.676727 0.000000
56.612640 1.676727 1.181102
57.170448 1.769970 0.000000
57.170448 1.769970 1.181102
57.170448 1.769970 1.181102
57.170448 1.769970 0.000000
57.170448 1.769970 1.181102
57.536819 2.049700 0.000000
57.536819 2.049700 1.181102
57.536819 2.049700 1.181102
57.536819 2.049700 0.000000
57.536819 2.049700 1.181102
57.739811 2.623187 1.181102
57.536819 2.049700 0.000000
57.536819 2.049700 1.181102
57.739811 2.623187 0.000000
57.739811 2.623187 0.000000
57.739811 2.623187 1.181102
57.536819 2.049700 0.000000
57.536819 2.049700 1.181102
57.739811 2.623187 1.181102
57.807468 3.597702 1.181102
57.807468 3.597702 0.000000
57.807468 3.597702 0.000000
57.807468 3.597702 1.181102
57.807468 3.597702 1.181102
57.807468 9.849121 1.181102
57.807468 9.849121 0.000000
57.807468 9.849121 0.000000
57.807468 9.849121 1.181102
53.614010 2.433193 1.181102
55.404610 3.373258 1.181102
53.562851 3.162017 1.181102
53.760891 1.798026 1.181102
54.003479 1.256514 1.181102
54.341801 0.808658 1.181102
54.769230 0.457758 1.181102
55.279179 0.207115 1.181102
55.482170 2.663620 1.181102
55.871651 0.056730 1.181102
55.648849 2.198229 1.181102
55.827911 1.970072 1.181102
56.048229 1.807102 1.181102
56.546631 0.006601 1.181102
56.612640 1.676727 1.181102
57.649040 0.134501 1.181102
57.170448 1.769970 1.181102
57.536819 2.049700 1.181102
57.739811 2.623187 1.181102
58.111130 0.294376 1.181102
57.807468 3.597702 1.181102
57.807468 9.849121 1.181102
59.754848 9.849121 1.181102
58.513809 0.518201 1.181102
59.144241 1.113142 1.181102
59.543610 1.874766 1.181102
59.702042 2.660319 1.181102
59.754848 3.723126 1.181102
59.754848 3.723126 1.181102
59.702042 2.660319 1.181102
59.754848 9.849121 1.181102
59.543610 1.874766 1.181102
59.144241 1.113142 1.181102
58.513809 0.518201 1.181102
58.111130 0.294376 1.181102
57.807468 9.849121 1.181102
57.807468 3.597702 1.181102
57.739811 2.623187 1.181102
57.649040 0.134501 1.181102
57.536819 2.049700 1.181102
57.170448 1.769970 1.181102
56.612640 1.676727 1.181102
56.546631 0.006601 1.181102
56.048229 1.807102 1.181102
55.871651 0.056730 1.181102
55.827911 1.970072 1.181102
55.648849 2.198229 1.181102
55.482170 2.663620 1.181102
55.279179 0.207115 1.181102
55.404610 3.373258 1.181102
54.769230 0.457758 1.181102
54.341801 0.808658 1.181102
54.003479 1.256514 1.181102
53.760891 1.798026 1.181102
53.614010 2.433193 1.181102
53.562851 3.162017 1.181102
</float_array>
          <technique_common>
            <accessor source="#ID2454-POSITION-array" count="300" stride="3">
              <param name="X" type="float"/>
              <param name="Y" type="float"/>
              <param name="Z" type="float"/>
            </accessor>
          </technique_common>
        </source>
        <source id="ID2454-Normal0">
          <float_array id="ID2454-Normal0-array" count="1944">
0.000000 0.000000 -1.000000
0.000000 0.000000 -1.000000
0.000000 0.000000 -1.000000
0.000000 0.000000 -1.000000
0.000000 0.000000 -1.000000
0.000000 0.000000 -1.000000
0.000000 0.000000 -1.000000
0.000000 0.000000 -1.000000
0.000000 0.000000 -1.000000
0.000000 0.000000 -1.000000
0.000000 0.000000 -1.000000
0.000000 0.000000 -1.000000
0.000000 0.000000 -1.000000
0.000000 0.000000 -1.000000
0.000000 0.000000 -1.000000
0.000000 0.000000 -1.000000
0.000000 0.000000 -1.000000
0.000000 0.000000 -1.000000
0.000000 0.000000 -1.000000
0.000000 0.000000 -1.000000
0.000000 0.000000 -1.000000
0.000000 0.000000 -1.000000
0.000000 0.000000 -1.000000
0.000000 0.000000 -1.000000
0.000000 0.000000 -1.000000
0.000000 0.000000 -1.000000
0.000000 0.000000 -1.000000
0.000000 0.000000 -1.000000
0.000000 0.000000 -1.000000
0.000000 0.000000 -1.000000
0.000000 0.000000 -1.000000
0.000000 0.000000 -1.000000
0.000000 0.000000 -1.000000
0.000000 0.000000 -1.000000
0.000000 0.000000 -1.000000
0.000000 0.000000 -1.000000
0.000000 0.000000 -1.000000
0.000000 0.000000 -1.000000
0.000000 0.000000 -1.000000
0.000000 0.000000 -1.000000
0.000000 0.000000 -1.000000
0.000000 0.000000 -1.000000
0.000000 0.000000 -1.000000
0.000000 0.000000 -1.000000
0.000000 0.000000 -1.000000
0.000000 0.000000 -1.000000
0.000000 0.000000 -1.000000
0.000000 0.000000 -1.000000
0.000000 0.000000 -1.000000
0.000000 0.000000 -1.000000
0.000000 0.000000 -1.000000
0.000000 0.000000 -1.000000
0.000000 0.000000 -1.000000
0.000000 0.000000 -1.000000
0.000000 0.000000 -1.000000
0.000000 0.000000 -1.000000
0.000000 0.000000 -1.000000
0.000000 0.000000 -1.000000
0.000000 0.000000 -1.000000
0.000000 0.000000 -1.000000
0.000000 0.000000 -1.000000
0.000000 0.000000 -1.000000
0.000000 0.000000 -1.000000
0.000000 0.000000 -1.000000
0.000000 0.000000 -1.000000
0.000000 0.000000 -1.000000
0.000000 0.000000 -1.000000
0.000000 0.000000 -1.000000
0.000000 0.000000 -1.000000
0.000000 0.000000 -1.000000
0.000000 0.000000 -1.000000
0.000000 0.000000 -1.000000
0.000000 0.000000 -1.000000
0.000000 0.000000 -1.000000
0.000000 0.000000 -1.000000
0.000000 0.000000 -1.000000
0.000000 0.000000 -1.000000
0.000000 0.000000 -1.000000
-0.000000 0.000000 1.000000
-0.000000 0.000000 1.000000
-0.000000 0.000000 1.000000
-0.000000 0.000000 1.000000
-0.000000 0.000000 1.000000
-0.000000 0.000000 1.000000
-0.000000 0.000000 1.000000
-0.000000 0.000000 1.000000
-0.000000 0.000000 1.000000
-0.000000 0.000000 1.000000
-0.000000 0.000000 1.000000
-0.000000 0.000000 1.000000
-0.000000 0.000000 1.000000
-0.000000 0.000000 1.000000
-0.000000 0.000000 1.000000
-0.000000 0.000000 1.000000
-0.000000 0.000000 1.000000
-0.000000 0.000000 1.000000
-0.000000 0.000000 1.000000
-0.000000 0.000000 1.000000
-0.000000 0.000000 1.000000
-0.000000 0.000000 1.000000
-0.000000 0.000000 1.000000
-0.000000 0.000000 1.000000
-0.000000 0.000000 1.000000
-0.000000 0.000000 1.000000
-0.000000 0.000000 1.000000
-0.000000 0.000000 1.000000
-0.000000 0.000000 1.000000
-0.000000 0.000000 1.000000
-0.000000 0.000000 1.000000
-0.000000 0.000000 1.000000
-0.000000 0.000000 1.000000
-0.000000 0.000000 1.000000
-0.000000 0.000000 1.000000
-0.000000 0.000000 1.000000
-0.000000 0.000000 1.000000
-0.000000 0.000000 1.000000
-0.000000 0.000000 1.000000
-0.000000 0.000000 1.000000
-0.000000 0.000000 1.000000
-0.000000 0.000000 1.000000
-0.000000 0.000000 1.000000
-0.000000 0.000000 1.000000
-0.000000 0.000000 1.000000
-0.000000 0.000000 1.000000
-0.000000 0.000000 1.000000
-0.000000 0.000000 1.000000
-0.000000 0.000000 1.000000
-0.000000 0.000000 1.000000
-0.000000 0.000000 1.000000
-0.000000 0.000000 1.000000
-0.000000 0.000000 1.000000
-0.000000 0.000000 1.000000
-0.000000 0.000000 1.000000
-0.000000 0.000000 1.000000
-0.000000 0.000000 1.000000
-0.000000 0.000000 1.000000
-0.000000 0.000000 1.000000
-0.000000 0.000000 1.000000
-0.000000 0.000000 1.000000
-0.000000 0.000000 1.000000
-0.000000 0.000000 1.000000
-0.000000 0.000000 1.000000
-0.000000 0.000000 1.000000
-0.000000 0.000000 1.000000
-0.000000 0.000000 1.000000
-0.000000 0.000000 1.000000
-0.000000 0.000000 1.000000
-0.000000 0.000000 1.000000
-0.000000 0.000000 1.000000
-0.000000 0.000000 1.000000
-0.000000 0.000000 1.000000
-0.000000 0.000000 1.000000
-0.000000 0.000000 1.000000
-0.000000 0.000000 1.000000
-0.000000 0.000000 1.000000
-0.000000 0.000000 1.000000
0.000000 1.000000 0.000000
0.000000 1.000000 0.000000
0.000000 1.000000 0.000000
0.000000 1.000000 0.000000
0.000000 1.000000 0.000000
0.000000 1.000000 0.000000
-0.000000 -1.000000 0.000000
-0.000000 -1.000000 0.000000
-0.000000 -1.000000 0.000000
-0.000000 -1.000000 0.000000
-0.000000 -1.000000 0.000000
-0.000000 -1.000000 0.000000
1.000000 0.000000 0.000000
0.999692 -0.024822 0.000000
0.999692 -0.024822 0.000000
0.999692 -0.024822 0.000000
1.000000 0.000000 0.000000
1.000000 0.000000 0.000000
-1.000000 0.000000 -0.000000
-1.000000 0.000000 -0.000000
-0.999692 0.024822 -0.000000
-0.999692 0.024822 -0.000000
-0.999692 0.024822 -0.000000
-1.000000 0.000000 -0.000000
0.999692 -0.024822 0.000000
0.992281 -0.124010 0.000000
0.992281 -0.124010 0.000000
0.992281 -0.124010 0.000000
0.999692 -0.024822 0.000000
0.999692 -0.024822 0.000000
-0.999692 0.024822 -0.000000
-0.999692 0.024822 -0.000000
-0.992281 0.124010 -0.000000
-0.992281 0.124010 -0.000000
-0.992281 0.124010 -0.000000
-0.999692 0.024822 -0.000000
0.992281 -0.124010 0.000000
0.942426 -0.334415 0.000000
0.942426 -0.334415 0.000000
0.942426 -0.334415 0.000000
0.992281 -0.124010 0.000000
0.992281 -0.124010 0.000000
-0.992281 0.124010 -0.000000
-0.992281 0.124010 -0.000000
-0.942426 0.334415 -0.000000
-0.942426 0.334415 -0.000000
-0.942426 0.334415 -0.000000
-0.992281 0.124010 -0.000000
0.942426 -0.334415 0.000000
0.796899 -0.604113 0.000000
0.796899 -0.604113 0.000000
0.796899 -0.604113 0.000000
0.942426 -0.334415 0.000000
0.942426 -0.334415 0.000000
-0.942426 0.334415 -0.000000
-0.942426 0.334415 -0.000000
-0.796899 0.604113 -0.000000
-0.796899 0.604113 -0.000000
-0.796899 0.604113 -0.000000
-0.942426 0.334415 -0.000000
0.796899 -0.604113 0.000000
0.590665 -0.806917 0.000000
0.796899 -0.604113 0.000000
0.590665 -0.806917 0.000000
0.796899 -0.604113 0.000000
0.590665 -0.806917 0.000000
-0.590665 0.806917 -0.000000
-0.796899 0.604113 -0.000000
-0.590665 0.806917 -0.000000
-0.796899 0.604113 -0.000000
-0.590665 0.806917 -0.000000
-0.796899 0.604113 -0.000000
0.590665 -0.806917 0.000000
0.407946 -0.913006 0.000000
0.590665 -0.806917 0.000000
0.407946 -0.913006 0.000000
0.590665 -0.806917 0.000000
0.407946 -0.913006 0.000000
-0.407946 0.913006 -0.000000
-0.590665 0.806917 -0.000000
-0.407946 0.913006 -0.000000
-0.590665 0.806917 -0.000000
-0.407946 0.913006 -0.000000
-0.590665 0.806917 -0.000000
0.407946 -0.913006 0.000000
0.222420 -0.974951 0.000000
0.407946 -0.913006 0.000000
0.222420 -0.974951 0.000000
0.407946 -0.913006 0.000000
0.222420 -0.974951 0.000000
-0.222420 0.974951 -0.000000
-0.407946 0.913006 -0.000000
-0.222420 0.974951 -0.000000
-0.407946 0.913006 -0.000000
-0.222420 0.974951 -0.000000
-0.407946 0.913006 -0.000000
0.222420 -0.974951 0.000000
0.020684 -0.999786 0.000000
0.222420 -0.974951 0.000000
0.020684 -0.999786 0.000000
0.222420 -0.974951 0.000000
0.020684 -0.999786 0.000000
-0.020684 0.999786 -0.000000
-0.222420 0.974951 -0.000000
-0.020684 0.999786 -0.000000
-0.222420 0.974951 -0.000000
-0.020684 0.999786 -0.000000
-0.222420 0.974951 -0.000000
0.020684 -0.999786 0.000000
-0.160656 -0.987010 0.000000
0.020684 -0.999786 0.000000
-0.160656 -0.987010 0.000000
0.020684 -0.999786 0.000000
-0.160656 -0.987010 0.000000
0.160656 0.987010 -0.000000
-0.020684 0.999786 -0.000000
0.160656 0.987010 -0.000000
-0.020684 0.999786 -0.000000
0.160656 0.987010 -0.000000
-0.020684 0.999786 -0.000000
-0.160656 -0.987010 0.000000
-0.345437 -0.938442 0.000000
-0.160656 -0.987010 0.000000
-0.345437 -0.938442 0.000000
-0.160656 -0.987010 0.000000
-0.345437 -0.938442 0.000000
0.345437 0.938442 -0.000000
0.160656 0.987010 -0.000000
0.345437 0.938442 -0.000000
0.160656 0.987010 -0.000000
0.345437 0.938442 -0.000000
0.160656 0.987010 -0.000000
-0.345437 -0.938442 0.000000
-0.541404 -0.840763 0.000000
-0.345437 -0.938442 0.000000
-0.541404 -0.840763 0.000000
-0.345437 -0.938442 0.000000
-0.541404 -0.840763 0.000000
0.541404 0.840763 -0.000000
0.345437 0.938442 -0.000000
0.541404 0.840763 -0.000000
0.345437 0.938442 -0.000000
0.541404 0.840763 -0.000000
0.345437 0.938442 -0.000000
-0.541404 -0.840763 0.000000
-0.721255 -0.692670 -0.000000
-0.541404 -0.840763 0.000000
-0.721255 -0.692670 -0.000000
-0.541404 -0.840763 0.000000
-0.721255 -0.692670 -0.000000
0.721255 0.692670 0.000000
0.541404 0.840763 -0.000000
0.721255 0.692670 0.000000
0.541404 0.840763 -0.000000
0.721255 0.692670 0.000000
0.541404 0.840763 -0.000000
-0.860741 -0.509043 0.000000
-0.721255 -0.692670 -0.000000
-0.721255 -0.692670 -0.000000
-0.721255 -0.692670 -0.000000
-0.860741 -0.509043 0.000000
-0.860741 -0.509043 0.000000
0.860741 0.509043 0.000000
0.860741 0.509043 0.000000
0.721255 0.692670 0.000000
0.721255 0.692670 0.000000
0.721255 0.692670 0.000000
0.860741 0.509043 0.000000
-0.947900 -0.318569 0.000000
-0.860741 -0.509043 0.000000
-0.860741 -0.509043 0.000000
-0.860741 -0.509043 0.000000
-0.947900 -0.318569 0.000000
-0.947900 -0.318569 0.000000
0.947900 0.318569 -0.000000
0.947900 0.318569 -0.000000
0.860741 0.509043 0.000000
0.860741 0.509043 0.000000
0.860741 0.509043 0.000000
0.947900 0.318569 -0.000000
-0.988970 -0.148118 0.000000
-0.947900 -0.318569 0.000000
-0.947900 -0.318569 0.000000
-0.947900 -0.318569 0.000000
-0.988970 -0.148118 0.000000
-0.988970 -0.148118 0.000000
0.988970 0.148118 -0.000000
0.988970 0.148118 -0.000000
0.947900 0.318569 -0.000000
0.947900 0.318569 -0.000000
0.947900 0.318569 -0.000000
0.988970 0.148118 -0.000000
-0.997545 -0.070023 0.000000
-0.988970 -0.148118 0.000000
-0.988970 -0.148118 0.000000
-0.988970 -0.148118 0.000000
-0.997545 -0.070023 0.000000
-0.997545 -0.070023 0.000000
0.997545 0.070023 -0.000000
0.997545 0.070023 -0.000000
0.988970 0.148118 -0.000000
0.988970 0.148118 -0.000000
0.988970 0.148118 -0.000000
0.997545 0.070023 -0.000000
-0.113948 0.993487 0.000000
-0.113948 0.993487 0.000000
-0.113948 0.993487 0.000000
-0.113948 0.993487 0.000000
-0.113948 0.993487 0.000000
-0.113948 0.993487 0.000000
0.113948 -0.993487 0.000000
0.113948 -0.993487 0.000000
0.113948 -0.993487 0.000000
0.113948 -0.993487 0.000000
0.113948 -0.993487 0.000000
0.113948 -0.993487 0.000000
0.994079 0.108655 0.000000
0.974482 0.224467 0.000000
0.974482 0.224467 0.000000
0.974482 0.224467 0.000000
0.994079 0.108655 0.000000
0.994079 0.108655 0.000000
-0.994079 -0.108655 -0.000000
-0.994079 -0.108655 -0.000000
-0.974482 -0.224467 -0.000000
-0.974482 -0.224467 -0.000000
-0.974482 -0.224467 -0.000000
-0.994079 -0.108655 -0.000000
0.974482 0.224467 0.000000
0.875336 0.483515 0.000000
0.875336 0.483515 0.000000
0.875336 0.483515 0.000000
0.974482 0.224467 0.000000
0.974482 0.224467 0.000000
-0.974482 -0.224467 -0.000000
-0.974482 -0.224467 -0.000000
-0.875336 -0.483515 -0.000000
-0.875336 -0.483515 -0.000000
-0.875336 -0.483515 -0.000000
-0.974482 -0.224467 -0.000000
0.875336 0.483515 0.000000
0.696947 0.717122 0.000000
0.696947 0.717122 0.000000
0.696947 0.717122 0.000000
0.875336 0.483515 0.000000
0.875336 0.483515 0.000000
-0.875336 -0.483515 -0.000000
-0.875336 -0.483515 -0.000000
-0.696947 -0.717122 -0.000000
-0.696947 -0.717122 -0.000000
-0.696947 -0.717122 -0.000000
-0.875336 -0.483515 -0.000000
0.696947 0.717122 0.000000
0.418638 0.908153 -0.000000
0.696947 0.717122 0.000000
0.418638 0.908153 -0.000000
0.696947 0.717122 0.000000
0.418638 0.908153 -0.000000
-0.418638 -0.908153 0.000000
-0.696947 -0.717122 -0.000000
-0.418638 -0.908153 0.000000
-0.696947 -0.717122 -0.000000
-0.418638 -0.908153 0.000000
-0.696947 -0.717122 -0.000000
0.418638 0.908153 -0.000000
0.030687 0.999529 -0.000000
0.418638 0.908153 -0.000000
0.030687 0.999529 -0.000000
0.418638 0.908153 -0.000000
0.030687 0.999529 -0.000000
-0.030687 -0.999529 0.000000
-0.418638 -0.908153 0.000000
-0.030687 -0.999529 0.000000
-0.418638 -0.908153 0.000000
-0.030687 -0.999529 0.000000
-0.418638 -0.908153 0.000000
0.030687 0.999529 -0.000000
-0.397565 0.917574 -0.000000
0.030687 0.999529 -0.000000
-0.397565 0.917574 -0.000000
0.030687 0.999529 -0.000000
-0.397565 0.917574 -0.000000
0.397565 -0.917574 0.000000
-0.030687 -0.999529 0.000000
0.397565 -0.917574 0.000000
-0.030687 -0.999529 0.000000
0.397565 -0.917574 0.000000
-0.030687 -0.999529 0.000000
-0.397565 0.917574 -0.000000
-0.606852 0.794815 -0.000000
-0.397565 0.917574 -0.000000
-0.606852 0.794815 -0.000000
-0.397565 0.917574 -0.000000
-0.606852 0.794815 -0.000000
0.606852 -0.794815 0.000000
0.397565 -0.917574 0.000000
0.606852 -0.794815 0.000000
0.397565 -0.917574 0.000000
0.606852 -0.794815 0.000000
0.397565 -0.917574 0.000000
-0.979110 0.203331 -0.000000
-0.942689 0.333671 -0.000000
-0.942689 0.333671 -0.000000
-0.942689 0.333671 -0.000000
-0.979110 0.203331 -0.000000
-0.979110 0.203331 -0.000000
0.979110 -0.203331 0.000000
0.979110 -0.203331 0.000000
0.942689 -0.333671 0.000000
0.942689 -0.333671 0.000000
0.942689 -0.333671 0.000000
0.979110 -0.203331 0.000000
-0.999399 0.034654 -0.000000
-0.979110 0.203331 -0.000000
-0.979110 0.203331 -0.000000
-0.979110 0.203331 -0.000000
-0.999399 0.034654 -0.000000
-0.999399 0.034654 -0.000000
0.999399 -0.034654 0.000000
0.999399 -0.034654 0.000000
0.979110 -0.203331 0.000000
0.979110 -0.203331 0.000000
0.979110 -0.203331 0.000000
0.999399 -0.034654 0.000000
-1.000000 0.000000 -0.000000
-0.999399 0.034654 -0.000000
-0.999399 0.034654 -0.000000
-0.999399 0.034654 -0.000000
-1.000000 0.000000 -0.000000
-1.000000 0.000000 -0.000000
1.000000 0.000000 0.000000
1.000000 0.000000 0.000000
0.999399 -0.034654 0.000000
0.999399 -0.034654 0.000000
0.999399 -0.034654 0.000000
1.000000 0.000000 0.000000
-0.000000 0.000000 1.000000
-0.000000 0.000000 1.000000
-0.000000 0.000000 1.000000
-0.000000 0.000000 1.000000
-0.000000 0.000000 1.000000
-0.000000 0.000000 1.000000
-0.000000 0.000000 1.000000
-0.000000 0.000000 1.000000
-0.000000 0.000000 1.000000
-0.000000 0.000000 1.000000
-0.000000 0.000000 1.000000
-0.000000 0.000000 1.000000
-0.000000 0.000000 1.000000
-0.000000 0.000000 1.000000
-0.000000 0.000000 1.000000
-0.000000 0.000000 1.000000
-0.000000 0.000000 1.000000
-0.000000 0.000000 1.000000
-0.000000 0.000000 1.000000
-0.000000 0.000000 1.000000
-0.000000 0.000000 1.000000
-0.000000 0.000000 1.000000
-0.000000 0.000000 1.000000
-0.000000 0.000000 1.000000
-0.000000 0.000000 1.000000
-0.000000 0.000000 1.000000
-0.000000 0.000000 1.000000
-0.000000 0.000000 1.000000
-0.000000 0.000000 1.000000
-0.000000 0.000000 1.000000
-0.000000 0.000000 1.000000
-0.000000 0.000000 1.000000
-0.000000 0.000000 1.000000
-0.000000 0.000000 1.000000
-0.000000 0.000000 1.000000
-0.000000 0.000000 1.000000
-0.000000 0.000000 1.000000
-0.000000 0.000000 1.000000
-0.000000 0.000000 1.000000
-0.000000 0.000000 1.000000
-0.000000 0.000000 1.000000
-0.000000 0.000000 1.000000
-0.000000 0.000000 1.000000
-0.000000 0.000000 1.000000
-0.000000 0.000000 1.000000
-0.000000 0.000000 1.000000
-0.000000 0.000000 1.000000
-0.000000 0.000000 1.000000
-0.000000 0.000000 1.000000
-0.000000 0.000000 1.000000
-0.000000 0.000000 1.000000
-0.000000 0.000000 1.000000
-0.000000 0.000000 1.000000
-0.000000 0.000000 1.000000
-0.000000 0.000000 1.000000
-0.000000 0.000000 1.000000
-0.000000 0.000000 1.000000
-0.000000 0.000000 1.000000
-0.000000 0.000000 1.000000
-0.000000 0.000000 1.000000
-0.000000 0.000000 1.000000
-0.000000 0.000000 1.000000
-0.000000 0.000000 1.000000
-0.000000 0.000000 1.000000
-0.000000 0.000000 1.000000
-0.000000 0.000000 1.000000
-0.000000 0.000000 1.000000
-0.000000 0.000000 1.000000
-0.000000 0.000000 1.000000
-0.000000 0.000000 1.000000
-0.000000 0.000000 1.000000
-0.000000 0.000000 1.000000
-0.000000 0.000000 1.000000
-0.000000 0.000000 1.000000
-0.000000 0.000000 1.000000
-0.000000 0.000000 1.000000
-0.000000 0.000000 1.000000
-0.000000 0.000000 1.000000
0.000000 0.000000 -1.000000
0.000000 0.000000 -1.000000
0.000000 0.000000 -1.000000
0.000000 0.000000 -1.000000
0.000000 0.000000 -1.000000
0.000000 0.000000 -1.000000
0.000000 0.000000 -1.000000
0.000000 0.000000 -1.000000
0.000000 0.000000 -1.000000
0.000000 0.000000 -1.000000
0.000000 0.000000 -1.000000
0.000000 0.000000 -1.000000
0.000000 0.000000 -1.000000
0.000000 0.000000 -1.000000
0.000000 0.000000 -1.000000
0.000000 0.000000 -1.000000
0.000000 0.000000 -1.000000
0.000000 0.000000 -1.000000
0.000000 0.000000 -1.000000
0.000000 0.000000 -1.000000
0.000000 0.000000 -1.000000
0.000000 0.000000 -1.000000
0.000000 0.000000 -1.000000
0.000000 0.000000 -1.000000
0.000000 0.000000 -1.000000
0.000000 0.000000 -1.000000
0.000000 0.000000 -1.000000
0.000000 0.000000 -1.000000
0.000000 0.000000 -1.000000
0.000000 0.000000 -1.000000
0.000000 0.000000 -1.000000
0.000000 0.000000 -1.000000
0.000000 0.000000 -1.000000
0.000000 0.000000 -1.000000
0.000000 0.000000 -1.000000
0.000000 0.000000 -1.000000
0.000000 0.000000 -1.000000
0.000000 0.000000 -1.000000
0.000000 0.000000 -1.000000
0.000000 0.000000 -1.000000
0.000000 0.000000 -1.000000
0.000000 0.000000 -1.000000
0.000000 0.000000 -1.000000
0.000000 0.000000 -1.000000
0.000000 0.000000 -1.000000
0.000000 0.000000 -1.000000
0.000000 0.000000 -1.000000
0.000000 0.000000 -1.000000
0.000000 0.000000 -1.000000
0.000000 0.000000 -1.000000
0.000000 0.000000 -1.000000
0.000000 0.000000 -1.000000
0.000000 0.000000 -1.000000
0.000000 0.000000 -1.000000
0.000000 0.000000 -1.000000
0.000000 0.000000 -1.000000
0.000000 0.000000 -1.000000
0.000000 0.000000 -1.000000
0.000000 0.000000 -1.000000
0.000000 0.000000 -1.000000
0.000000 0.000000 -1.000000
0.000000 0.000000 -1.000000
0.000000 0.000000 -1.000000
0.000000 0.000000 -1.000000
0.000000 0.000000 -1.000000
0.000000 0.000000 -1.000000
0.000000 0.000000 -1.000000
0.000000 0.000000 -1.000000
0.000000 0.000000 -1.000000
0.000000 0.000000 -1.000000
0.000000 0.000000 -1.000000
0.000000 0.000000 -1.000000
0.000000 0.000000 -1.000000
0.000000 0.000000 -1.000000
0.000000 0.000000 -1.000000
0.000000 0.000000 -1.000000
0.000000 0.000000 -1.000000
0.000000 0.000000 -1.000000
</float_array>
          <technique_common>
            <accessor source="#ID2454-Normal0-array" count="648" stride="3">
              <param name="X" type="float"/>
              <param name="Y" type="float"/>
              <param name="Z" type="float"/>
            </accessor>
          </technique_common>
        </source>
        <vertices id="ID2454-VERTEX">
          <input semantic="POSITION" source="#ID2454-POSITION"/>
        </vertices>
        <triangles count="216" material="MaterialFBXASC032FBXASC0352">
          <input semantic="VERTEX" offset="0" source="#ID2454-VERTEX"/>
          <input semantic="NORMAL" offset="1" source="#ID2454-Normal0"/>
          <p> 0 0 1 1 2 2 1 3 0 4 3 5 3 6 0 7 4 8 4 9 0 10 5 11 5 12 0 13 6 14 6 15 0 16 7 17 7 18 0 19 8 20 9 21 10 22 11 23 10 24 9 25 12 26 12 27 9 28 13 29 13 30 9 31 14 32 14 33 9 34 15 35 15 36 9 37 16 38 16 39 9 40 17 41 16 42 17 43 18 44 18 45 17 46 19 47 18 48 19 49 20 50 18 51 20 52 21 53 18 54 21 55 22 56 22 57 21 58 23 59 22 60 23 61 24 62 24 63 23 64 25 65 24 66 25 67 26 68 24 69 26 70 27 71 24 72 27 73 3 74 3 75 27 76 1 77 28 78 29 79 30 80 30 81 29 82 31 83 29 84 32 85 31 86 32 87 33 88 31 89 33 90 34 91 31 92 31 93 34 94 35 95 34 96 36 97 35 98 35 99 36 100 37 101 36 102 38 103 37 104 38 105 39 106 37 107 39 108 40 109 37 110 37 111 40 112 41 113 40 114 42 115 41 116 41 117 42 118 43 119 43 120 42 121 44 122 44 123 42 124 45 125 45 126 42 127 46 128 46 129 42 130 47 131 48 132 47 133 42 134 49 135 50 136 51 137 51 138 50 139 52 140 52 141 50 142 53 143 53 144 50 145 54 146 54 147 50 148 30 149 30 150 50 151 28 152 55 153 28 154 50 155 84 156 85 157 86 158 85 159 84 160 87 161 88 162 89 163 90 164 91 165 90 166 89 167 94 168 95 169 96 170 95 171 94 172 97 173 98 174 99 175 100 176 101 177 100 178 99 179 96 180 103 181 104 182 103 183 96 184 95 185 100 186 101 187 105 188 106 189 105 190 101 191 104 192 108 193 109 194 108 195 104 196 103 197 105 198 106 199 110 200 111 201 110 202 106 203 109 204 113 205 114 206 113 207 109 208 108 209 110 210 111 211 115 212 116 213 115 214 111 215 113 216 118 217 114 218 118 219 113 220 119 221 120 222 115 223 121 224 116 225 121 226 115 227 119 228 123 229 118 230 123 231 119 232 124 233 125 234 120 235 126 236 121 237 126 238 120 239 124 240 128 241 123 242 128 243 124 244 129 245 130 246 125 247 131 248 126 249 131 250 125 251 129 252 133 253 128 254 133 255 129 256 134 257 135 258 130 259 136 260 131 261 136 262 130 263 134 264 138 265 133 266 138 267 134 268 139 269 140 270 135 271 141 272 136 273 141 274 135 275 139 276 143 277 138 278 143 279 139 280 144 281 145 282 140 283 146 284 141 285 146 286 140 287 144 288 148 289 143 290 148 291 144 292 149 293 150 294 145 295 151 296 146 297 151 298 145 299 149 300 153 301 148 302 153 303 149 304 154 305 155 306 150 307 156 308 151 309 156 310 150 311 158 312 153 313 154 314 153 315 158 316 159 317 160 318 161 319 156 320 155 321 156 322 161 323 163 324 159 325 158 326 159 327 163 328 164 329 165 330 166 331 160 332 161 333 160 334 166 335 168 336 164 337 163 338 164 339 168 340 169 341 170 342 171 343 165 344 166 345 165 346 171 347 173 348 169 349 168 350 169 351 173 352 174 353 175 354 176 355 170 356 171 357 170 358 176 359 178 360 179 361 180 362 179 363 178 364 181 365 182 366 183 367 184 368 185 369 184 370 183 371 187 372 188 373 189 374 188 375 187 376 190 377 191 378 192 379 193 380 194 381 193 382 192 383 189 384 196 385 197 386 196 387 189 388 188 389 193 390 194 391 198 392 199 393 198 394 194 395 197 396 201 397 202 398 201 399 197 400 196 401 198 402 199 403 203 404 204 405 203 406 199 407 201 408 206 409 202 410 206 411 201 412 207 413 208 414 203 415 209 416 204 417 209 418 203 419 207 420 211 421 206 422 211 423 207 424 212 425 213 426 208 427 214 428 209 429 214 430 208 431 212 432 216 433 211 434 216 435 212 436 217 437 218 438 213 439 219 440 214 441 219 442 213 443 217 444 221 445 216 446 221 447 217 448 222 449 223 450 218 451 224 452 219 453 224 454 218 455 226 456 227 457 228 458 227 459 226 460 229 461 230 462 231 463 232 464 233 465 232 466 231 467 235 468 229 469 226 470 229 471 235 472 236 473 237 474 238 475 230 476 231 477 230 478 238 479 240 480 236 481 235 482 236 483 240 484 241 485 242 486 243 487 237 488 238 489 237 490 243 491 244 492 245 493 246 494 245 495 244 496 247 497 245 498 247 499 248 500 245 501 248 502 249 503 245 504 249 505 250 506 245 507 250 508 251 509 245 510 251 511 252 512 252 513 251 514 253 515 252 516 253 517 254 518 254 519 253 520 255 521 255 522 253 523 256 524 256 525 253 526 257 527 256 528 257 529 258 530 258 531 257 532 259 533 258 534 259 535 260 536 260 537 259 538 261 539 261 540 259 541 262 542 262 543 259 544 263 545 262 546 263 547 264 548 264 549 263 550 265 551 265 552 263 553 266 554 266 555 263 556 267 557 266 558 267 559 268 560 266 561 268 562 269 563 266 564 269 565 270 566 266 567 270 568 271 569 272 570 273 571 274 572 273 573 275 574 274 575 275 576 276 577 274 578 276 579 277 580 274 581 277 582 278 583 274 584 274 585 278 586 279 587 279 588 278 589 280 590 280 591 278 592 281 593 278 594 282 595 281 596 281 597 282 598 283 599 283 600 282 601 284 602 284 603 282 604 285 605 282 606 286 607 285 608 285 609 286 610 287 611 286 612 288 613 287 614 287 615 288 616 289 617 289 618 288 619 290 620 290 621 288 622 291 623 288 624 292 625 291 626 291 627 292 628 293 629 292 630 294 631 293 632 294 633 295 634 293 635 295 636 296 637 293 638 296 639 297 640 293 641 297 642 298 643 293 644 299 645 293 646 298 647</p>
        </triangles>
      </mesh>
    </geometry>
    <geometry id="ID2462-lib" name="ID2462Mesh">
      <mesh>
        <source id="ID2462-POSITION">
          <float_array id="ID2462-POSITION-array" count="1008">
69.537956 9.849121 0.000000
67.583977 4.495477 0.000000
67.583977 9.849121 0.000000
67.656601 0.300359 0.000000
68.297752 0.644451 0.000000
68.795319 1.089212 0.000000
69.154259 1.640420 0.000000
69.379532 2.303849 0.000000
69.498352 3.279190 0.000000
69.537956 4.766130 0.000000
63.775040 9.849121 0.000000
61.821060 4.686914 0.000000
61.821060 9.849121 0.000000
61.868919 3.261036 0.000000
62.012489 2.231235 0.000000
62.215481 1.682503 0.000000
62.560398 1.158526 0.000000
63.051369 0.694785 0.000000
63.692520 0.326764 0.000000
63.775040 4.607699 0.000000
63.847649 2.990383 0.000000
64.576271 0.086642 0.000000
64.059723 2.454854 0.000000
64.445068 2.036497 0.000000
65.003700 1.766670 0.000000
65.795029 0.006601 0.000000
65.735619 1.676727 0.000000
66.465057 1.761719 0.000000
66.834740 0.080041 0.000000
66.989868 2.016693 0.000000
67.328178 2.395442 0.000000
67.498161 2.851756 0.000000
67.583977 4.495477 0.000000
67.498161 2.851756 0.000000
67.656601 0.300359 0.000000
67.328178 2.395442 0.000000
66.989868 2.016693 0.000000
66.834740 0.080041 0.000000
66.465057 1.761719 0.000000
65.795029 0.006601 0.000000
65.735619 1.676727 0.000000
65.003700 1.766670 0.000000
64.576271 0.086642 0.000000
64.445068 2.036497 0.000000
64.059723 2.454854 0.000000
63.847649 2.990383 0.000000
63.692520 0.326764 0.000000
63.775040 4.607699 0.000000
63.775040 9.849121 0.000000
63.051369 0.694785 0.000000
62.560398 1.158526 0.000000
62.215481 1.682503 0.000000
62.012489 2.231235 0.000000
61.868919 3.261036 0.000000
61.821060 4.686914 0.000000
61.821060 9.849121 0.000000
69.537956 4.766130 0.000000
69.537956 9.849121 0.000000
69.498352 3.279190 0.000000
69.379532 2.303849 0.000000
69.154259 1.640420 0.000000
68.795319 1.089212 0.000000
68.297752 0.644451 0.000000
67.583977 9.849121 0.000000
61.821060 9.849121 0.000000
63.775040 9.849121 0.000000
63.775040 4.607699 0.000000
63.847649 2.990383 0.000000
64.059723 2.454854 0.000000
64.445068 2.036497 0.000000
65.003700 1.766670 0.000000
65.735619 1.676727 0.000000
66.465057 1.761719 0.000000
66.989868 2.016693 0.000000
67.328178 2.395442 0.000000
67.498161 2.851756 0.000000
67.583977 4.495477 0.000000
67.583977 9.849121 0.000000
69.537956 9.849121 0.000000
69.537956 4.766130 0.000000
69.498352 3.279190 0.000000
69.379532 2.303849 0.000000
69.154259 1.640420 0.000000
68.795319 1.089212 0.000000
68.297752 0.644451 0.000000
67.656601 0.300359 0.000000
66.834740 0.080041 0.000000
65.795029 0.006601 0.000000
64.576271 0.086642 0.000000
63.692520 0.326764 0.000000
63.051369 0.694785 0.000000
62.560398 1.158526 0.000000
62.215481 1.682503 0.000000
62.012489 2.231235 0.000000
61.868919 3.261036 0.000000
61.821060 4.686914 0.000000
61.821060 9.849121 1.181102
63.775040 9.849121 0.000000
61.821060 9.849121 0.000000
63.775040 9.849121 1.181102
63.775040 9.849121 1.181102
61.821060 9.849121 1.181102
63.775040 9.849121 0.000000
61.821060 9.849121 0.000000
61.821060 9.849121 1.181102
63.775040 9.849121 1.181102
63.775040 9.849121 0.000000
63.775040 4.607699 1.181102
63.775040 4.607699 0.000000
63.775040 9.849121 1.181102
63.775040 9.849121 1.181102
63.775040 9.849121 0.000000
63.775040 4.607699 1.181102
63.775040 4.607699 0.000000
63.775040 4.607699 1.181102
63.847649 2.990383 1.181102
63.847649 2.990383 0.000000
63.847649 2.990383 1.181102
63.847649 2.990383 0.000000
63.847649 2.990383 1.181102
64.059723 2.454854 1.181102
64.059723 2.454854 0.000000
64.059723 2.454854 1.181102
64.059723 2.454854 0.000000
64.059723 2.454854 1.181102
64.445068 2.036497 1.181102
64.445068 2.036497 0.000000
64.445068 2.036497 1.181102
64.445068 2.036497 0.000000
64.445068 2.036497 1.181102
65.003700 1.766670 0.000000
65.003700 1.766670 1.181102
65.003700 1.766670 1.181102
65.003700 1.766670 0.000000
65.003700 1.766670 1.181102
65.735619 1.676727 0.000000
65.735619 1.676727 1.181102
65.735619 1.676727 1.181102
65.735619 1.676727 0.000000
65.735619 1.676727 1.181102
66.465057 1.761719 0.000000
66.465057 1.761719 1.181102
66.465057 1.761719 1.181102
66.465057 1.761719 0.000000
66.465057 1.761719 1.181102
66.989868 2.016693 0.000000
66.989868 2.016693 1.181102
66.989868 2.016693 1.181102
66.989868 2.016693 0.000000
66.989868 2.016693 1.181102
67.328178 2.395442 1.181102
67.328178 2.395442 0.000000
67.328178 2.395442 0.000000
67.328178 2.395442 1.181102
67.328178 2.395442 1.181102
67.498161 2.851756 1.181102
67.498161 2.851756 0.000000
67.498161 2.851756 0.000000
67.498161 2.851756 1.181102
67.498161 2.851756 1.181102
67.583977 4.495477 1.181102
67.583977 4.495477 0.000000
67.583977 4.495477 0.000000
67.583977 4.495477 1.181102
67.583977 4.495477 1.181102
67.583977 9.849121 1.181102
67.583977 9.849121 0.000000
67.583977 9.849121 0.000000
67.583977 9.849121 1.181102
67.583977 9.849121 1.181102
67.583977 9.849121 1.181102
69.537956 9.849121 0.000000
67.583977 9.849121 0.000000
69.537956 9.849121 1.181102
69.537956 9.849121 1.181102
67.583977 9.849121 1.181102
69.537956 9.849121 0.000000
67.583977 9.849121 0.000000
69.537956 9.849121 1.181102
69.537956 9.849121 0.000000
69.537956 4.766130 1.181102
69.537956 4.766130 0.000000
69.537956 9.849121 1.181102
69.537956 9.849121 1.181102
69.537956 9.849121 0.000000
69.537956 4.766130 1.181102
69.537956 4.766130 0.000000
69.537956 4.766130 1.181102
69.498352 3.279190 1.181102
69.498352 3.279190 0.000000
69.498352 3.279190 1.181102
69.498352 3.279190 0.000000
69.498352 3.279190 1.181102
69.379532 2.303849 1.181102
69.379532 2.303849 0.000000
69.379532 2.303849 1.181102
69.379532 2.303849 0.000000
69.379532 2.303849 1.181102
69.154259 1.640420 1.181102
69.154259 1.640420 0.000000
69.154259 1.640420 1.181102
69.154259 1.640420 0.000000
69.154259 1.640420 1.181102
68.795319 1.089212 1.181102
68.795319 1.089212 0.000000
68.795319 1.089212 1.181102
68.795319 1.089212 0.000000
68.795319 1.089212 1.181102
68.297752 0.644451 0.000000
68.297752 0.644451 1.181102
68.297752 0.644451 1.181102
68.297752 0.644451 0.000000
68.297752 0.644451 1.181102
67.656601 0.300359 0.000000
67.656601 0.300359 1.181102
67.656601 0.300359 1.181102
67.656601 0.300359 0.000000
67.656601 0.300359 1.181102
66.834740 0.080041 0.000000
66.834740 0.080041 1.181102
66.834740 0.080041 1.181102
66.834740 0.080041 0.000000
66.834740 0.080041 1.181102
65.795029 0.006601 0.000000
65.795029 0.006601 1.181102
65.795029 0.006601 1.181102
65.795029 0.006601 0.000000
65.795029 0.006601 1.181102
64.576271 0.086642 0.000000
64.576271 0.086642 1.181102
64.576271 0.086642 1.181102
64.576271 0.086642 0.000000
64.576271 0.086642 1.181102
63.692520 0.326764 0.000000
63.692520 0.326764 1.181102
63.692520 0.326764 1.181102
63.692520 0.326764 0.000000
63.692520 0.326764 1.181102
63.051369 0.694785 0.000000
63.051369 0.694785 1.181102
63.051369 0.694785 1.181102
63.051369 0.694785 0.000000
63.051369 0.694785 1.181102
62.560398 1.158526 0.000000
62.560398 1.158526 1.181102
62.560398 1.158526 1.181102
62.560398 1.158526 0.000000
62.560398 1.158526 1.181102
62.215481 1.682503 1.181102
62.215481 1.682503 0.000000
62.215481 1.682503 0.000000
62.215481 1.682503 1.181102
62.215481 1.682503 1.181102
62.012489 2.231235 1.181102
62.012489 2.231235 0.000000
62.012489 2.231235 0.000000
62.012489 2.231235 1.181102
62.012489 2.231235 1.181102
61.868919 3.261036 1.181102
61.868919 3.261036 0.000000
61.868919 3.261036 0.000000
61.868919 3.261036 1.181102
61.868919 3.261036 1.181102
61.821060 4.686914 1.181102
61.821060 4.686914 0.000000
61.821060 4.686914 0.000000
61.821060 4.686914 1.181102
61.821060 4.686914 1.181102
61.821060 9.849121 1.181102
61.821060 9.849121 0.000000
61.821060 9.849121 0.000000
61.821060 9.849121 1.181102
63.692520 0.326764 1.181102
63.847649 2.990383 1.181102
63.775040 4.607699 1.181102
64.576271 0.086642 1.181102
64.059723 2.454854 1.181102
64.445068 2.036497 1.181102
65.003700 1.766670 1.181102
65.795029 0.006601 1.181102
65.735619 1.676727 1.181102
66.465057 1.761719 1.181102
66.834740 0.080041 1.181102
66.989868 2.016693 1.181102
67.656601 0.300359 1.181102
67.328178 2.395442 1.181102
67.498161 2.851756 1.181102
67.583977 4.495477 1.181102
67.583977 9.849121 1.181102
69.537956 9.849121 1.181102
68.297752 0.644451 1.181102
68.795319 1.089212 1.181102
69.154259 1.640420 1.181102
69.379532 2.303849 1.181102
69.498352 3.279190 1.181102
69.537956 4.766130 1.181102
61.868919 3.261036 1.181102
61.821060 9.849121 1.181102
61.821060 4.686914 1.181102
63.775040 9.849121 1.181102
62.012489 2.231235 1.181102
62.215481 1.682503 1.181102
62.560398 1.158526 1.181102
63.051369 0.694785 1.181102
63.775040 4.607699 1.181102
63.692520 0.326764 1.181102
63.775040 9.849121 1.181102
63.051369 0.694785 1.181102
62.560398 1.158526 1.181102
62.215481 1.682503 1.181102
62.012489 2.231235 1.181102
61.868919 3.261036 1.181102
61.821060 9.849121 1.181102
61.821060 4.686914 1.181102
69.537956 4.766130 1.181102
69.498352 3.279190 1.181102
69.537956 9.849121 1.181102
69.379532 2.303849 1.181102
69.154259 1.640420 1.181102
68.795319 1.089212 1.181102
68.297752 0.644451 1.181102
67.656601 0.300359 1.181102
67.583977 9.849121 1.181102
67.583977 4.495477 1.181102
67.498161 2.851756 1.181102
67.328178 2.395442 1.181102
66.989868 2.016693 1.181102
66.834740 0.080041 1.181102
66.465057 1.761719 1.181102
65.795029 0.006601 1.181102
65.735619 1.676727 1.181102
65.003700 1.766670 1.181102
64.576271 0.086642 1.181102
64.445068 2.036497 1.181102
64.059723 2.454854 1.181102
63.847649 2.990383 1.181102
</float_array>
          <technique_common>
            <accessor source="#ID2462-POSITION-array" count="336" stride="3">
              <param name="X" type="float"/>
              <param name="Y" type="float"/>
              <param name="Z" type="float"/>
            </accessor>
          </technique_common>
        </source>
        <source id="ID2462-Normal0">
          <float_array id="ID2462-Normal0-array" count="2232">
0.000000 0.000000 -1.000000
0.000000 0.000000 -1.000000
0.000000 0.000000 -1.000000
0.000000 0.000000 -1.000000
0.000000 0.000000 -1.000000
0.000000 0.000000 -1.000000
0.000000 0.000000 -1.000000
0.000000 0.000000 -1.000000
0.000000 0.000000 -1.000000
0.000000 0.000000 -1.000000
0.000000 0.000000 -1.000000
0.000000 0.000000 -1.000000
0.000000 0.000000 -1.000000
0.000000 0.000000 -1.000000
0.000000 0.000000 -1.000000
0.000000 0.000000 -1.000000
0.000000 0.000000 -1.000000
0.000000 0.000000 -1.000000
0.000000 0.000000 -1.000000
0.000000 0.000000 -1.000000
0.000000 0.000000 -1.000000
0.000000 0.000000 -1.000000
0.000000 0.000000 -1.000000
0.000000 0.000000 -1.000000
0.000000 0.000000 -1.000000
0.000000 0.000000 -1.000000
0.000000 0.000000 -1.000000
0.000000 0.000000 -1.000000
0.000000 0.000000 -1.000000
0.000000 0.000000 -1.000000
0.000000 0.000000 -1.000000
0.000000 0.000000 -1.000000
0.000000 0.000000 -1.000000
0.000000 0.000000 -1.000000
0.000000 0.000000 -1.000000
0.000000 0.000000 -1.000000
0.000000 0.000000 -1.000000
0.000000 0.000000 -1.000000
0.000000 0.000000 -1.000000
0.000000 0.000000 -1.000000
0.000000 0.000000 -1.000000
0.000000 0.000000 -1.000000
0.000000 0.000000 -1.000000
0.000000 0.000000 -1.000000
0.000000 0.000000 -1.000000
0.000000 0.000000 -1.000000
0.000000 0.000000 -1.000000
0.000000 0.000000 -1.000000
0.000000 0.000000 -1.000000
0.000000 0.000000 -1.000000
0.000000 0.000000 -1.000000
0.000000 0.000000 -1.000000
0.000000 0.000000 -1.000000
0.000000 0.000000 -1.000000
0.000000 0.000000 -1.000000
0.000000 0.000000 -1.000000
0.000000 0.000000 -1.000000
0.000000 0.000000 -1.000000
0.000000 0.000000 -1.000000
0.000000 0.000000 -1.000000
0.000000 0.000000 -1.000000
0.000000 0.000000 -1.000000
0.000000 0.000000 -1.000000
0.000000 0.000000 -1.000000
0.000000 0.000000 -1.000000
0.000000 0.000000 -1.000000
0.000000 0.000000 -1.000000
0.000000 0.000000 -1.000000
0.000000 0.000000 -1.000000
0.000000 0.000000 -1.000000
0.000000 0.000000 -1.000000
0.000000 0.000000 -1.000000
0.000000 0.000000 -1.000000
0.000000 0.000000 -1.000000
0.000000 0.000000 -1.000000
0.000000 0.000000 -1.000000
0.000000 0.000000 -1.000000
0.000000 0.000000 -1.000000
0.000000 0.000000 -1.000000
0.000000 0.000000 -1.000000
0.000000 0.000000 -1.000000
0.000000 0.000000 -1.000000
0.000000 0.000000 -1.000000
0.000000 0.000000 -1.000000
0.000000 0.000000 -1.000000
0.000000 0.000000 -1.000000
0.000000 0.000000 -1.000000
0.000000 0.000000 -1.000000
0.000000 0.000000 -1.000000
0.000000 0.000000 -1.000000
-0.000000 0.000000 1.000000
-0.000000 0.000000 1.000000
-0.000000 0.000000 1.000000
-0.000000 0.000000 1.000000
-0.000000 0.000000 1.000000
-0.000000 0.000000 1.000000
-0.000000 0.000000 1.000000
-0.000000 0.000000 1.000000
-0.000000 0.000000 1.000000
-0.000000 0.000000 1.000000
-0.000000 0.000000 1.000000
-0.000000 0.000000 1.000000
-0.000000 0.000000 1.000000
-0.000000 0.000000 1.000000
-0.000000 0.000000 1.000000
-0.000000 0.000000 1.000000
-0.000000 0.000000 1.000000
-0.000000 0.000000 1.000000
-0.000000 0.000000 1.000000
-0.000000 0.000000 1.000000
-0.000000 0.000000 1.000000
-0.000000 0.000000 1.000000
-0.000000 0.000000 1.000000
-0.000000 0.000000 1.000000
-0.000000 0.000000 1.000000
-0.000000 0.000000 1.000000
-0.000000 0.000000 1.000000
-0.000000 0.000000 1.000000
-0.000000 0.000000 1.000000
-0.000000 0.000000 1.000000
-0.000000 0.000000 1.000000
-0.000000 0.000000 1.000000
-0.000000 0.000000 1.000000
-0.000000 0.000000 1.000000
-0.000000 0.000000 1.000000
-0.000000 0.000000 1.000000
-0.000000 0.000000 1.000000
-0.000000 0.000000 1.000000
-0.000000 0.000000 1.000000
-0.000000 0.000000 1.000000
-0.000000 0.000000 1.000000
-0.000000 0.000000 1.000000
-0.000000 0.000000 1.000000
-0.000000 0.000000 1.000000
-0.000000 0.000000 1.000000
-0.000000 0.000000 1.000000
-0.000000 0.000000 1.000000
-0.000000 0.000000 1.000000
-0.000000 0.000000 1.000000
-0.000000 0.000000 1.000000
-0.000000 0.000000 1.000000
-0.000000 0.000000 1.000000
-0.000000 0.000000 1.000000
-0.000000 0.000000 1.000000
-0.000000 0.000000 1.000000
-0.000000 0.000000 1.000000
-0.000000 0.000000 1.000000
-0.000000 0.000000 1.000000
-0.000000 0.000000 1.000000
-0.000000 0.000000 1.000000
-0.000000 0.000000 1.000000
-0.000000 0.000000 1.000000
-0.000000 0.000000 1.000000
-0.000000 0.000000 1.000000
-0.000000 0.000000 1.000000
-0.000000 0.000000 1.000000
-0.000000 0.000000 1.000000
-0.000000 0.000000 1.000000
-0.000000 0.000000 1.000000
-0.000000 0.000000 1.000000
-0.000000 0.000000 1.000000
-0.000000 0.000000 1.000000
-0.000000 0.000000 1.000000
-0.000000 0.000000 1.000000
-0.000000 0.000000 1.000000
-0.000000 0.000000 1.000000
-0.000000 0.000000 1.000000
-0.000000 0.000000 1.000000
-0.000000 0.000000 1.000000
-0.000000 0.000000 1.000000
-0.000000 0.000000 1.000000
-0.000000 0.000000 1.000000
-0.000000 0.000000 1.000000
-0.000000 0.000000 1.000000
-0.000000 0.000000 1.000000
-0.000000 0.000000 1.000000
-0.000000 0.000000 1.000000
-0.000000 0.000000 1.000000
-0.000000 0.000000 1.000000
-0.000000 0.000000 1.000000
0.000000 1.000000 0.000000
0.000000 1.000000 0.000000
0.000000 1.000000 0.000000
0.000000 1.000000 0.000000
0.000000 1.000000 0.000000
0.000000 1.000000 0.000000
-0.000000 -1.000000 0.000000
-0.000000 -1.000000 0.000000
-0.000000 -1.000000 0.000000
-0.000000 -1.000000 0.000000
-0.000000 -1.000000 0.000000
-0.000000 -1.000000 0.000000
1.000000 0.000000 0.000000
0.999748 0.022432 0.000000
0.999748 0.022432 0.000000
0.999748 0.022432 0.000000
1.000000 0.000000 0.000000
1.000000 0.000000 0.000000
-1.000000 0.000000 -0.000000
-1.000000 0.000000 -0.000000
-0.999748 -0.022432 -0.000000
-0.999748 -0.022432 -0.000000
-0.999748 -0.022432 -0.000000
-1.000000 0.000000 -0.000000
0.999748 0.022432 0.000000
0.977831 0.209397 0.000000
0.977831 0.209397 0.000000
0.977831 0.209397 0.000000
0.999748 0.022432 0.000000
0.999748 0.022432 0.000000
-0.999748 -0.022432 -0.000000
-0.999748 -0.022432 -0.000000
-0.977831 -0.209397 -0.000000
-0.977831 -0.209397 -0.000000
-0.977831 -0.209397 -0.000000
-0.999748 -0.022432 -0.000000
0.977831 0.209397 0.000000
0.846883 0.531780 0.000000
0.846883 0.531780 0.000000
0.846883 0.531780 0.000000
0.977831 0.209397 0.000000
0.977831 0.209397 0.000000
-0.977831 -0.209397 -0.000000
-0.977831 -0.209397 -0.000000
-0.846883 -0.531780 0.000000
-0.846883 -0.531780 0.000000
-0.846883 -0.531780 0.000000
-0.977831 -0.209397 -0.000000
0.846883 0.531780 0.000000
0.595754 0.803167 0.000000
0.595754 0.803167 0.000000
0.595754 0.803167 0.000000
0.846883 0.531780 0.000000
0.846883 0.531780 0.000000
-0.846883 -0.531780 0.000000
-0.846883 -0.531780 0.000000
-0.595754 -0.803167 -0.000000
-0.595754 -0.803167 -0.000000
-0.595754 -0.803167 -0.000000
-0.846883 -0.531780 0.000000
0.595754 0.803167 0.000000
0.282232 0.959346 0.000000
0.595754 0.803167 0.000000
0.282232 0.959346 0.000000
0.595754 0.803167 0.000000
0.282232 0.959346 0.000000
-0.282232 -0.959346 -0.000000
-0.595754 -0.803167 -0.000000
-0.282232 -0.959346 -0.000000
-0.595754 -0.803167 -0.000000
-0.282232 -0.959346 -0.000000
-0.595754 -0.803167 -0.000000
0.282232 0.959346 0.000000
0.003140 0.999995 0.000000
0.282232 0.959346 0.000000
0.003140 0.999995 0.000000
0.282232 0.959346 0.000000
0.003140 0.999995 0.000000
-0.003140 -0.999995 0.000000
-0.282232 -0.959346 -0.000000
-0.003140 -0.999995 0.000000
-0.282232 -0.959346 -0.000000
-0.003140 -0.999995 0.000000
-0.282232 -0.959346 -0.000000
0.003140 0.999995 0.000000
-0.280320 0.959907 -0.000000
0.003140 0.999995 0.000000
-0.280320 0.959907 -0.000000
0.003140 0.999995 0.000000
-0.280320 0.959907 -0.000000
0.280320 -0.959907 0.000000
-0.003140 -0.999995 0.000000
0.280320 -0.959907 0.000000
-0.003140 -0.999995 0.000000
0.280320 -0.959907 0.000000
-0.003140 -0.999995 0.000000
-0.280320 0.959907 -0.000000
-0.602791 0.797899 -0.000000
-0.280320 0.959907 -0.000000
-0.602791 0.797899 -0.000000
-0.280320 0.959907 -0.000000
-0.602791 0.797899 -0.000000
0.602791 -0.797899 0.000000
0.280320 -0.959907 0.000000
0.602791 -0.797899 0.000000
0.280320 -0.959907 0.000000
0.602791 -0.797899 0.000000
0.280320 -0.959907 0.000000
-0.856250 0.516561 0.000000
-0.602791 0.797899 -0.000000
-0.602791 0.797899 -0.000000
-0.602791 0.797899 -0.000000
-0.856250 0.516561 0.000000
-0.856250 0.516561 0.000000
0.856250 -0.516561 0.000000
0.856250 -0.516561 0.000000
0.602791 -0.797899 0.000000
0.602791 -0.797899 0.000000
0.602791 -0.797899 0.000000
0.856250 -0.516561 0.000000
-0.979188 0.202955 -0.000000
-0.856250 0.516561 0.000000
-0.856250 0.516561 0.000000
-0.856250 0.516561 0.000000
-0.979188 0.202955 -0.000000
-0.979188 0.202955 -0.000000
0.979188 -0.202955 0.000000
0.979188 -0.202955 0.000000
0.856250 -0.516561 0.000000
0.856250 -0.516561 0.000000
0.856250 -0.516561 0.000000
0.979188 -0.202955 0.000000
-0.999660 0.026078 -0.000000
-0.979188 0.202955 -0.000000
-0.979188 0.202955 -0.000000
-0.979188 0.202955 -0.000000
-0.999660 0.026078 -0.000000
-0.999660 0.026078 -0.000000
0.999660 -0.026078 0.000000
0.999660 -0.026078 0.000000
0.979188 -0.202955 0.000000
0.979188 -0.202955 0.000000
0.979188 -0.202955 0.000000
0.999660 -0.026078 0.000000
-1.000000 0.000000 -0.000000
-0.999660 0.026078 -0.000000
-0.999660 0.026078 -0.000000
-0.999660 0.026078 -0.000000
-1.000000 0.000000 -0.000000
-1.000000 0.000000 -0.000000
1.000000 0.000000 0.000000
1.000000 0.000000 0.000000
0.999660 -0.026078 0.000000
0.999660 -0.026078 0.000000
0.999660 -0.026078 0.000000
1.000000 0.000000 0.000000
0.000000 1.000000 0.000000
0.000000 1.000000 0.000000
0.000000 1.000000 0.000000
0.000000 1.000000 0.000000
0.000000 1.000000 0.000000
0.000000 1.000000 0.000000
-0.000000 -1.000000 0.000000
-0.000000 -1.000000 0.000000
-0.000000 -1.000000 0.000000
-0.000000 -1.000000 0.000000
-0.000000 -1.000000 0.000000
-0.000000 -1.000000 0.000000
1.000000 0.000000 0.000000
0.999911 -0.013315 0.000000
0.999911 -0.013315 0.000000
0.999911 -0.013315 0.000000
1.000000 0.000000 0.000000
1.000000 0.000000 0.000000
-1.000000 0.000000 -0.000000
-1.000000 0.000000 -0.000000
-0.999911 0.013315 -0.000000
-0.999911 0.013315 -0.000000
-0.999911 0.013315 -0.000000
-1.000000 0.000000 -0.000000
0.999911 -0.013315 0.000000
0.997268 -0.073863 -0.000000
0.997268 -0.073863 -0.000000
0.997268 -0.073863 -0.000000
0.999911 -0.013315 0.000000
0.999911 -0.013315 0.000000
-0.999911 0.013315 -0.000000
-0.999911 0.013315 -0.000000
-0.997268 0.073863 0.000000
-0.997268 0.073863 0.000000
-0.997268 0.073863 0.000000
-0.999911 0.013315 -0.000000
0.997268 -0.073863 -0.000000
0.974954 -0.222408 0.000000
0.974954 -0.222408 0.000000
0.974954 -0.222408 0.000000
0.997268 -0.073863 -0.000000
0.997268 -0.073863 -0.000000
-0.997268 0.073863 0.000000
-0.997268 0.073863 0.000000
-0.974954 0.222408 -0.000000
-0.974954 0.222408 -0.000000
-0.974954 0.222408 -0.000000
-0.997268 0.073863 0.000000
0.974954 -0.222408 0.000000
0.899454 -0.437015 0.000000
0.899454 -0.437015 0.000000
0.899454 -0.437015 0.000000
0.974954 -0.222408 0.000000
0.974954 -0.222408 0.000000
-0.974954 0.222408 -0.000000
-0.974954 0.222408 -0.000000
-0.899454 0.437015 -0.000000
-0.899454 0.437015 -0.000000
-0.899454 0.437015 -0.000000
-0.974954 0.222408 -0.000000
0.899454 -0.437015 0.000000
0.758819 -0.651302 0.000000
0.758819 -0.651302 0.000000
0.758819 -0.651302 0.000000
0.899454 -0.437015 0.000000
0.899454 -0.437015 0.000000
-0.899454 0.437015 -0.000000
-0.899454 0.437015 -0.000000
-0.758819 0.651302 -0.000000
-0.758819 0.651302 -0.000000
-0.758819 0.651302 -0.000000
-0.899454 0.437015 -0.000000
0.758819 -0.651302 0.000000
0.573676 -0.819082 0.000000
0.758819 -0.651302 0.000000
0.573676 -0.819082 0.000000
0.758819 -0.651302 0.000000
0.573676 -0.819082 0.000000
-0.573676 0.819082 0.000000
-0.758819 0.651302 -0.000000
-0.573676 0.819082 0.000000
-0.758819 0.651302 -0.000000
-0.573676 0.819082 0.000000
-0.758819 0.651302 -0.000000
0.573676 -0.819082 0.000000
0.368353 -0.929686 0.000000
0.573676 -0.819082 0.000000
0.368353 -0.929686 0.000000
0.573676 -0.819082 0.000000
0.368353 -0.929686 0.000000
-0.368353 0.929686 -0.000000
-0.573676 0.819082 0.000000
-0.368353 0.929686 -0.000000
-0.573676 0.819082 0.000000
-0.368353 0.929686 -0.000000
-0.573676 0.819082 0.000000
0.368353 -0.929686 0.000000
0.165452 -0.986218 0.000000
0.368353 -0.929686 0.000000
0.165452 -0.986218 0.000000
0.368353 -0.929686 0.000000
0.165452 -0.986218 0.000000
-0.165452 0.986218 -0.000000
-0.368353 0.929686 -0.000000
-0.165452 0.986218 -0.000000
-0.368353 0.929686 -0.000000
-0.165452 0.986218 -0.000000
-0.368353 0.929686 -0.000000
0.165452 -0.986218 0.000000
0.002469 -0.999997 0.000000
0.165452 -0.986218 0.000000
0.002469 -0.999997 0.000000
0.165452 -0.986218 0.000000
0.002469 -0.999997 0.000000
-0.002469 0.999997 0.000000
-0.165452 0.986218 -0.000000
-0.002469 0.999997 0.000000
-0.165452 0.986218 -0.000000
-0.002469 0.999997 0.000000
-0.165452 0.986218 -0.000000
0.002469 -0.999997 0.000000
-0.164688 -0.986346 0.000000
0.002469 -0.999997 0.000000
-0.164688 -0.986346 0.000000
0.002469 -0.999997 0.000000
-0.164688 -0.986346 0.000000
0.164688 0.986346 -0.000000
-0.002469 0.999997 0.000000
0.164688 0.986346 -0.000000
-0.002469 0.999997 0.000000
0.164688 0.986346 -0.000000
-0.002469 0.999997 0.000000
-0.164688 -0.986346 0.000000
-0.383141 -0.923690 0.000000
-0.164688 -0.986346 0.000000
-0.383141 -0.923690 0.000000
-0.164688 -0.986346 0.000000
-0.383141 -0.923690 0.000000
0.383141 0.923690 -0.000000
0.164688 0.986346 -0.000000
0.383141 0.923690 -0.000000
0.164688 0.986346 -0.000000
0.383141 0.923690 -0.000000
0.164688 0.986346 -0.000000
-0.383141 -0.923690 0.000000
-0.596380 -0.802702 -0.000000
-0.383141 -0.923690 0.000000
-0.596380 -0.802702 -0.000000
-0.383141 -0.923690 0.000000
-0.596380 -0.802702 -0.000000
0.596380 0.802702 0.000000
0.383141 0.923690 -0.000000
0.596380 0.802702 0.000000
0.383141 0.923690 -0.000000
0.596380 0.802702 0.000000
0.383141 0.923690 -0.000000
-0.596380 -0.802702 -0.000000
-0.766104 -0.642717 -0.000000
-0.596380 -0.802702 -0.000000
-0.766104 -0.642717 -0.000000
-0.596380 -0.802702 -0.000000
-0.766104 -0.642717 -0.000000
0.766104 0.642717 0.000000
0.596380 0.802702 0.000000
0.766104 0.642717 0.000000
0.596380 0.802702 0.000000
0.766104 0.642717 0.000000
0.596380 0.802702 0.000000
-0.892364 -0.451316 -0.000000
-0.766104 -0.642717 -0.000000
-0.766104 -0.642717 -0.000000
-0.766104 -0.642717 -0.000000
-0.892364 -0.451316 -0.000000
-0.892364 -0.451316 -0.000000
0.892364 0.451316 0.000000
0.892364 0.451316 0.000000
0.766104 0.642717 0.000000
0.766104 0.642717 0.000000
0.766104 0.642717 0.000000
0.892364 0.451316 0.000000
-0.969791 -0.243935 -0.000000
-0.892364 -0.451316 -0.000000
-0.892364 -0.451316 -0.000000
-0.892364 -0.451316 -0.000000
-0.969791 -0.243935 -0.000000
-0.969791 -0.243935 -0.000000
0.969791 0.243935 0.000000
0.969791 0.243935 0.000000
0.892364 0.451316 0.000000
0.892364 0.451316 0.000000
0.892364 0.451316 0.000000
0.969791 0.243935 0.000000
-0.996301 -0.085935 -0.000000
-0.969791 -0.243935 -0.000000
-0.969791 -0.243935 -0.000000
-0.969791 -0.243935 -0.000000
-0.996301 -0.085935 -0.000000
-0.996301 -0.085935 -0.000000
0.996301 0.085935 0.000000
0.996301 0.085935 0.000000
0.969791 0.243935 0.000000
0.969791 0.243935 0.000000
0.969791 0.243935 0.000000
0.996301 0.085935 0.000000
-0.999859 -0.016775 -0.000000
-0.996301 -0.085935 -0.000000
-0.996301 -0.085935 -0.000000
-0.996301 -0.085935 -0.000000
-0.999859 -0.016775 -0.000000
-0.999859 -0.016775 -0.000000
0.999859 0.016775 0.000000
0.999859 0.016775 0.000000
0.996301 0.085935 0.000000
0.996301 0.085935 0.000000
0.996301 0.085935 0.000000
0.999859 0.016775 0.000000
-1.000000 0.000000 -0.000000
-0.999859 -0.016775 -0.000000
-0.999859 -0.016775 -0.000000
-0.999859 -0.016775 -0.000000
-1.000000 0.000000 -0.000000
-1.000000 0.000000 -0.000000
1.000000 0.000000 0.000000
1.000000 0.000000 0.000000
0.999859 0.016775 0.000000
0.999859 0.016775 0.000000
0.999859 0.016775 0.000000
1.000000 0.000000 0.000000
-0.000000 0.000000 1.000000
-0.000000 0.000000 1.000000
-0.000000 0.000000 1.000000
-0.000000 0.000000 1.000000
-0.000000 0.000000 1.000000
-0.000000 0.000000 1.000000
-0.000000 0.000000 1.000000
-0.000000 0.000000 1.000000
-0.000000 0.000000 1.000000
-0.000000 0.000000 1.000000
-0.000000 0.000000 1.000000
-0.000000 0.000000 1.000000
-0.000000 0.000000 1.000000
-0.000000 0.000000 1.000000
-0.000000 0.000000 1.000000
-0.000000 0.000000 1.000000
-0.000000 0.000000 1.000000
-0.000000 0.000000 1.000000
-0.000000 0.000000 1.000000
-0.000000 0.000000 1.000000
-0.000000 0.000000 1.000000
-0.000000 0.000000 1.000000
-0.000000 0.000000 1.000000
-0.000000 0.000000 1.000000
-0.000000 0.000000 1.000000
-0.000000 0.000000 1.000000
-0.000000 0.000000 1.000000
-0.000000 0.000000 1.000000
-0.000000 0.000000 1.000000
-0.000000 0.000000 1.000000
-0.000000 0.000000 1.000000
-0.000000 0.000000 1.000000
-0.000000 0.000000 1.000000
-0.000000 0.000000 1.000000
-0.000000 0.000000 1.000000
-0.000000 0.000000 1.000000
-0.000000 0.000000 1.000000
-0.000000 0.000000 1.000000
-0.000000 0.000000 1.000000
-0.000000 0.000000 1.000000
-0.000000 0.000000 1.000000
-0.000000 0.000000 1.000000
-0.000000 0.000000 1.000000
-0.000000 0.000000 1.000000
-0.000000 0.000000 1.000000
-0.000000 0.000000 1.000000
-0.000000 0.000000 1.000000
-0.000000 0.000000 1.000000
-0.000000 0.000000 1.000000
-0.000000 0.000000 1.000000
-0.000000 0.000000 1.000000
-0.000000 0.000000 1.000000
-0.000000 0.000000 1.000000
-0.000000 0.000000 1.000000
-0.000000 0.000000 1.000000
-0.000000 0.000000 1.000000
-0.000000 0.000000 1.000000
-0.000000 0.000000 1.000000
-0.000000 0.000000 1.000000
-0.000000 0.000000 1.000000
-0.000000 0.000000 1.000000
-0.000000 0.000000 1.000000
-0.000000 0.000000 1.000000
-0.000000 0.000000 1.000000
-0.000000 0.000000 1.000000
-0.000000 0.000000 1.000000
-0.000000 0.000000 1.000000
-0.000000 0.000000 1.000000
-0.000000 0.000000 1.000000
-0.000000 0.000000 1.000000
-0.000000 0.000000 1.000000
-0.000000 0.000000 1.000000
-0.000000 0.000000 1.000000
-0.000000 0.000000 1.000000
-0.000000 0.000000 1.000000
-0.000000 0.000000 1.000000
-0.000000 0.000000 1.000000
-0.000000 0.000000 1.000000
-0.000000 0.000000 1.000000
-0.000000 0.000000 1.000000
-0.000000 0.000000 1.000000
-0.000000 0.000000 1.000000
-0.000000 0.000000 1.000000
-0.000000 0.000000 1.000000
-0.000000 0.000000 1.000000
-0.000000 0.000000 1.000000
-0.000000 0.000000 1.000000
-0.000000 0.000000 1.000000
-0.000000 0.000000 1.000000
-0.000000 0.000000 1.000000
0.000000 0.000000 -1.000000
0.000000 0.000000 -1.000000
0.000000 0.000000 -1.000000
0.000000 0.000000 -1.000000
0.000000 0.000000 -1.000000
0.000000 0.000000 -1.000000
0.000000 0.000000 -1.000000
0.000000 0.000000 -1.000000
0.000000 0.000000 -1.000000
0.000000 0.000000 -1.000000
0.000000 0.000000 -1.000000
0.000000 0.000000 -1.000000
0.000000 0.000000 -1.000000
0.000000 0.000000 -1.000000
0.000000 0.000000 -1.000000
0.000000 0.000000 -1.000000
0.000000 0.000000 -1.000000
0.000000 0.000000 -1.000000
0.000000 0.000000 -1.000000
0.000000 0.000000 -1.000000
0.000000 0.000000 -1.000000
0.000000 0.000000 -1.000000
0.000000 0.000000 -1.000000
0.000000 0.000000 -1.000000
0.000000 0.000000 -1.000000
0.000000 0.000000 -1.000000
0.000000 0.000000 -1.000000
0.000000 0.000000 -1.000000
0.000000 0.000000 -1.000000
0.000000 0.000000 -1.000000
0.000000 0.000000 -1.000000
0.000000 0.000000 -1.000000
0.000000 0.000000 -1.000000
0.000000 0.000000 -1.000000
0.000000 0.000000 -1.000000
0.000000 0.000000 -1.000000
0.000000 0.000000 -1.000000
0.000000 0.000000 -1.000000
0.000000 0.000000 -1.000000
0.000000 0.000000 -1.000000
0.000000 0.000000 -1.000000
0.000000 0.000000 -1.000000
0.000000 0.000000 -1.000000
0.000000 0.000000 -1.000000
0.000000 0.000000 -1.000000
0.000000 0.000000 -1.000000
0.000000 0.000000 -1.000000
0.000000 0.000000 -1.000000
0.000000 0.000000 -1.000000
0.000000 0.000000 -1.000000
0.000000 0.000000 -1.000000
0.000000 0.000000 -1.000000
0.000000 0.000000 -1.000000
0.000000 0.000000 -1.000000
0.000000 0.000000 -1.000000
0.000000 0.000000 -1.000000
0.000000 0.000000 -1.000000
0.000000 0.000000 -1.000000
0.000000 0.000000 -1.000000
0.000000 0.000000 -1.000000
0.000000 0.000000 -1.000000
0.000000 0.000000 -1.000000
0.000000 0.000000 -1.000000
0.000000 0.000000 -1.000000
0.000000 0.000000 -1.000000
0.000000 0.000000 -1.000000
0.000000 0.000000 -1.000000
0.000000 0.000000 -1.000000
0.000000 0.000000 -1.000000
0.000000 0.000000 -1.000000
0.000000 0.000000 -1.000000
0.000000 0.000000 -1.000000
0.000000 0.000000 -1.000000
0.000000 0.000000 -1.000000
0.000000 0.000000 -1.000000
0.000000 0.000000 -1.000000
0.000000 0.000000 -1.000000
0.000000 0.000000 -1.000000
0.000000 0.000000 -1.000000
0.000000 0.000000 -1.000000
0.000000 0.000000 -1.000000
0.000000 0.000000 -1.000000
0.000000 0.000000 -1.000000
0.000000 0.000000 -1.000000
0.000000 0.000000 -1.000000
0.000000 0.000000 -1.000000
0.000000 0.000000 -1.000000
0.000000 0.000000 -1.000000
0.000000 0.000000 -1.000000
0.000000 0.000000 -1.000000
</float_array>
          <technique_common>
            <accessor source="#ID2462-Normal0-array" count="744" stride="3">
              <param name="X" type="float"/>
              <param name="Y" type="float"/>
              <param name="Z" type="float"/>
            </accessor>
          </technique_common>
        </source>
        <vertices id="ID2462-VERTEX">
          <input semantic="POSITION" source="#ID2462-POSITION"/>
        </vertices>
        <triangles count="248" material="MaterialFBXASC032FBXASC0352">
          <input semantic="VERTEX" offset="0" source="#ID2462-VERTEX"/>
          <input semantic="NORMAL" offset="1" source="#ID2462-Normal0"/>
          <p> 0 0 1 1 2 2 1 3 0 4 3 5 3 6 0 7 4 8 4 9 0 10 5 11 5 12 0 13 6 14 6 15 0 16 7 17 7 18 0 19 8 20 8 21 0 22 9 23 10 24 11 25 12 26 11 27 10 28 13 29 13 30 10 31 14 32 14 33 10 34 15 35 15 36 10 37 16 38 16 39 10 40 17 41 17 42 10 43 18 44 18 45 10 46 19 47 18 48 19 49 20 50 18 51 20 52 21 53 21 54 20 55 22 56 21 57 22 58 23 59 21 60 23 61 24 62 21 63 24 64 25 65 25 66 24 67 26 68 25 69 26 70 27 71 25 72 27 73 28 74 28 75 27 76 29 77 28 78 29 79 3 80 3 81 29 82 30 83 3 84 30 85 31 86 3 87 31 88 1 89 32 90 33 91 34 92 33 93 35 94 34 95 35 96 36 97 34 98 34 99 36 100 37 101 36 102 38 103 37 104 37 105 38 106 39 107 38 108 40 109 39 110 40 111 41 112 39 113 39 114 41 115 42 116 41 117 43 118 42 119 43 120 44 121 42 122 44 123 45 124 42 125 42 126 45 127 46 128 45 129 47 130 46 131 47 132 48 133 46 134 46 135 48 136 49 137 49 138 48 139 50 140 50 141 48 142 51 143 51 144 48 145 52 146 52 147 48 148 53 149 53 150 48 151 54 152 55 153 54 154 48 155 56 156 57 157 58 158 58 159 57 160 59 161 59 162 57 163 60 164 60 165 57 166 61 167 61 168 57 169 62 170 62 171 57 172 34 173 34 174 57 175 32 176 63 177 32 178 57 179 96 180 97 181 98 182 97 183 96 184 99 185 100 186 101 187 102 188 103 189 102 190 101 191 106 192 107 193 108 194 107 195 106 196 109 197 110 198 111 199 112 200 113 201 112 202 111 203 108 204 115 205 116 206 115 207 108 208 107 209 112 210 113 211 117 212 118 213 117 214 113 215 116 216 120 217 121 218 120 219 116 220 115 221 117 222 118 223 122 224 123 225 122 226 118 227 121 228 125 229 126 230 125 231 121 232 120 233 122 234 123 235 127 236 128 237 127 238 123 239 125 240 130 241 126 242 130 243 125 244 131 245 132 246 127 247 133 248 128 249 133 250 127 251 131 252 135 253 130 254 135 255 131 256 136 257 137 258 132 259 138 260 133 261 138 262 132 263 136 264 140 265 135 266 140 267 136 268 141 269 142 270 137 271 143 272 138 273 143 274 137 275 141 276 145 277 140 278 145 279 141 280 146 281 147 282 142 283 148 284 143 285 148 286 142 287 150 288 145 289 146 290 145 291 150 292 151 293 152 294 153 295 148 296 147 297 148 298 153 299 155 300 151 301 150 302 151 303 155 304 156 305 157 306 158 307 152 308 153 309 152 310 158 311 160 312 156 313 155 314 156 315 160 316 161 317 162 318 163 319 157 320 158 321 157 322 163 323 165 324 161 325 160 326 161 327 165 328 166 329 167 330 168 331 162 332 163 333 162 334 168 335 170 336 171 337 172 338 171 339 170 340 173 341 174 342 175 343 176 344 177 345 176 346 175 347 179 348 180 349 181 350 180 351 179 352 182 353 183 354 184 355 185 356 186 357 185 358 184 359 181 360 188 361 189 362 188 363 181 364 180 365 185 366 186 367 190 368 191 369 190 370 186 371 189 372 193 373 194 374 193 375 189 376 188 377 190 378 191 379 195 380 196 381 195 382 191 383 194 384 198 385 199 386 198 387 194 388 193 389 195 390 196 391 200 392 201 393 200 394 196 395 199 396 203 397 204 398 203 399 199 400 198 401 200 402 201 403 205 404 206 405 205 406 201 407 203 408 208 409 204 410 208 411 203 412 209 413 210 414 205 415 211 416 206 417 211 418 205 419 209 420 213 421 208 422 213 423 209 424 214 425 215 426 210 427 216 428 211 429 216 430 210 431 214 432 218 433 213 434 218 435 214 436 219 437 220 438 215 439 221 440 216 441 221 442 215 443 219 444 223 445 218 446 223 447 219 448 224 449 225 450 220 451 226 452 221 453 226 454 220 455 224 456 228 457 223 458 228 459 224 460 229 461 230 462 225 463 231 464 226 465 231 466 225 467 229 468 233 469 228 470 233 471 229 472 234 473 235 474 230 475 236 476 231 477 236 478 230 479 234 480 238 481 233 482 238 483 234 484 239 485 240 486 235 487 241 488 236 489 241 490 235 491 239 492 243 493 238 494 243 495 239 496 244 497 245 498 240 499 246 500 241 501 246 502 240 503 248 504 243 505 244 506 243 507 248 508 249 509 250 510 251 511 246 512 245 513 246 514 251 515 253 516 249 517 248 518 249 519 253 520 254 521 255 522 256 523 250 524 251 525 250 526 256 527 258 528 254 529 253 530 254 531 258 532 259 533 260 534 261 535 255 536 256 537 255 538 261 539 263 540 259 541 258 542 259 543 263 544 264 545 265 546 266 547 260 548 261 549 260 550 266 551 268 552 264 553 263 554 264 555 268 556 269 557 270 558 271 559 265 560 266 561 265 562 271 563 272 564 273 565 274 566 273 567 272 568 275 569 273 570 275 571 276 572 276 573 275 574 277 575 277 576 275 577 278 578 278 579 275 580 279 581 278 582 279 583 280 584 280 585 279 586 281 587 281 588 279 589 282 590 281 591 282 592 283 593 283 594 282 595 284 596 283 597 284 598 285 599 285 600 284 601 286 602 286 603 284 604 287 605 287 606 284 607 288 608 288 609 284 610 289 611 289 612 284 613 290 614 289 615 290 616 291 617 289 618 291 619 292 620 289 621 292 622 293 623 289 624 293 625 294 626 289 627 294 628 295 629 296 630 297 631 298 632 297 633 296 634 299 635 299 636 296 637 300 638 299 639 300 640 301 641 299 642 301 643 302 644 299 645 302 646 303 647 299 648 303 649 272 650 299 651 272 652 274 653 304 654 305 655 306 656 305 657 307 658 306 659 307 660 308 661 306 662 308 663 309 664 306 665 309 666 310 667 306 668 310 669 311 670 306 671 306 672 311 673 312 674 313 675 312 676 311 677 314 678 315 679 316 680 315 681 317 682 316 683 317 684 318 685 316 686 318 687 319 688 316 689 319 690 320 691 316 692 320 693 321 694 316 695 316 696 321 697 322 698 322 699 321 700 323 701 323 702 321 703 324 704 324 705 321 706 325 707 325 708 321 709 326 710 321 711 327 712 326 713 326 714 327 715 328 716 327 717 329 718 328 719 328 720 329 721 330 722 330 723 329 724 331 725 329 726 332 727 331 728 331 729 332 730 333 731 333 732 332 733 334 734 334 735 332 736 335 737 332 738 305 739 335 740 304 741 335 742 305 743</p>
        </triangles>
      </mesh>
    </geometry>
    <geometry id="ID2470-lib" name="ID2470Mesh">
      <mesh>
        <source id="ID2470-POSITION">
          <float_array id="ID2470-POSITION-array" count="546">
71.571159 9.849121 0.000000
73.386513 7.789519 0.000000
71.571159 0.171633 0.000000
74.495529 9.849121 0.000000
75.300888 0.171633 0.000000
76.251472 3.247833 0.000000
77.182251 0.171633 0.000000
77.987610 9.849121 0.000000
79.103233 7.789519 0.000000
80.918579 9.849121 0.000000
79.103233 0.171633 0.000000
80.918579 0.171633 0.000000
73.386513 0.171633 0.000000
73.386513 7.789519 0.000000
71.571159 0.171633 0.000000
73.386513 0.171633 0.000000
80.918579 0.171633 0.000000
80.918579 9.849121 0.000000
79.103233 0.171633 0.000000
79.103233 7.789519 0.000000
77.987610 9.849121 0.000000
77.182251 0.171633 0.000000
76.251472 3.247833 0.000000
75.300888 0.171633 0.000000
74.495529 9.849121 0.000000
71.571159 9.849121 0.000000
71.571159 0.171633 0.000000
71.571159 9.849121 0.000000
74.495529 9.849121 0.000000
76.251472 3.247833 0.000000
77.987610 9.849121 0.000000
80.918579 9.849121 0.000000
80.918579 0.171633 0.000000
79.103233 0.171633 0.000000
79.103233 7.789519 0.000000
77.182251 0.171633 0.000000
75.300888 0.171633 0.000000
73.386513 7.789519 0.000000
73.386513 0.171633 0.000000
71.571159 9.849121 1.181102
71.571159 0.171633 0.000000
71.571159 0.171633 1.181102
71.571159 9.849121 0.000000
71.571159 9.849121 0.000000
71.571159 9.849121 1.181102
71.571159 0.171633 0.000000
71.571159 0.171633 1.181102
71.571159 0.171633 1.181102
71.571159 9.849121 1.181102
71.571159 9.849121 1.181102
74.495529 9.849121 0.000000
71.571159 9.849121 0.000000
74.495529 9.849121 1.181102
74.495529 9.849121 1.181102
71.571159 9.849121 1.181102
74.495529 9.849121 0.000000
71.571159 9.849121 0.000000
74.495529 9.849121 1.181102
74.495529 9.849121 0.000000
76.251472 3.247833 1.181102
76.251472 3.247833 0.000000
74.495529 9.849121 1.181102
74.495529 9.849121 1.181102
74.495529 9.849121 0.000000
76.251472 3.247833 1.181102
76.251472 3.247833 0.000000
76.251472 3.247833 1.181102
77.987610 9.849121 1.181102
76.251472 3.247833 0.000000
76.251472 3.247833 1.181102
77.987610 9.849121 0.000000
77.987610 9.849121 0.000000
77.987610 9.849121 1.181102
76.251472 3.247833 0.000000
76.251472 3.247833 1.181102
77.987610 9.849121 1.181102
77.987610 9.849121 1.181102
80.918579 9.849121 0.000000
77.987610 9.849121 0.000000
80.918579 9.849121 1.181102
80.918579 9.849121 1.181102
77.987610 9.849121 1.181102
80.918579 9.849121 0.000000
77.987610 9.849121 0.000000
80.918579 9.849121 1.181102
80.918579 9.849121 0.000000
80.918579 0.171633 1.181102
80.918579 0.171633 0.000000
80.918579 9.849121 1.181102
80.918579 9.849121 1.181102
80.918579 9.849121 0.000000
80.918579 0.171633 1.181102
80.918579 0.171633 0.000000
80.918579 0.171633 1.181102
80.918579 0.171633 1.181102
79.103233 0.171633 0.000000
80.918579 0.171633 0.000000
79.103233 0.171633 1.181102
79.103233 0.171633 1.181102
80.918579 0.171633 1.181102
79.103233 0.171633 0.000000
80.918579 0.171633 0.000000
79.103233 0.171633 1.181102
79.103233 7.789519 1.181102
79.103233 0.171633 0.000000
79.103233 0.171633 1.181102
79.103233 7.789519 0.000000
79.103233 7.789519 0.000000
79.103233 7.789519 1.181102
79.103233 0.171633 0.000000
79.103233 0.171633 1.181102
79.103233 7.789519 1.181102
79.103233 7.789519 0.000000
77.182251 0.171633 1.181102
77.182251 0.171633 0.000000
79.103233 7.789519 1.181102
79.103233 7.789519 1.181102
79.103233 7.789519 0.000000
77.182251 0.171633 1.181102
77.182251 0.171633 0.000000
77.182251 0.171633 1.181102
77.182251 0.171633 1.181102
75.300888 0.171633 0.000000
77.182251 0.171633 0.000000
75.300888 0.171633 1.181102
75.300888 0.171633 1.181102
77.182251 0.171633 1.181102
75.300888 0.171633 0.000000
77.182251 0.171633 0.000000
75.300888 0.171633 1.181102
73.386513 7.789519 1.181102
75.300888 0.171633 0.000000
75.300888 0.171633 1.181102
73.386513 7.789519 0.000000
73.386513 7.789519 0.000000
73.386513 7.789519 1.181102
75.300888 0.171633 0.000000
75.300888 0.171633 1.181102
73.386513 7.789519 1.181102
73.386513 7.789519 0.000000
73.386513 0.171633 1.181102
73.386513 0.171633 0.000000
73.386513 7.789519 1.181102
73.386513 7.789519 1.181102
73.386513 7.789519 0.000000
73.386513 0.171633 1.181102
73.386513 0.171633 0.000000
73.386513 0.171633 1.181102
73.386513 0.171633 1.181102
71.571159 0.171633 0.000000
73.386513 0.171633 0.000000
71.571159 0.171633 1.181102
71.571159 0.171633 1.181102
73.386513 0.171633 1.181102
71.571159 0.171633 0.000000
73.386513 0.171633 0.000000
80.918579 0.171633 1.181102
79.103233 7.789519 1.181102
79.103233 0.171633 1.181102
73.386513 0.171633 1.181102
71.571159 9.849121 1.181102
71.571159 0.171633 1.181102
73.386513 7.789519 1.181102
74.495529 9.849121 1.181102
75.300888 0.171633 1.181102
76.251472 3.247833 1.181102
77.182251 0.171633 1.181102
77.987610 9.849121 1.181102
80.918579 9.849121 1.181102
80.918579 0.171633 1.181102
79.103233 7.789519 1.181102
80.918579 9.849121 1.181102
77.987610 9.849121 1.181102
77.182251 0.171633 1.181102
76.251472 3.247833 1.181102
75.300888 0.171633 1.181102
74.495529 9.849121 1.181102
73.386513 7.789519 1.181102
71.571159 9.849121 1.181102
73.386513 0.171633 1.181102
71.571159 0.171633 1.181102
79.103233 0.171633 1.181102
</float_array>
          <technique_common>
            <accessor source="#ID2470-POSITION-array" count="182" stride="3">
              <param name="X" type="float"/>
              <param name="Y" type="float"/>
              <param name="Z" type="float"/>
            </accessor>
          </technique_common>
        </source>
        <source id="ID2470-Normal0">
          <float_array id="ID2470-Normal0-array" count="864">
0.000000 0.000000 -1.000000
0.000000 0.000000 -1.000000
0.000000 0.000000 -1.000000
0.000000 0.000000 -1.000000
0.000000 0.000000 -1.000000
0.000000 0.000000 -1.000000
0.000000 0.000000 -1.000000
0.000000 0.000000 -1.000000
0.000000 0.000000 -1.000000
0.000000 0.000000 -1.000000
0.000000 0.000000 -1.000000
0.000000 0.000000 -1.000000
0.000000 0.000000 -1.000000
0.000000 0.000000 -1.000000
0.000000 0.000000 -1.000000
0.000000 0.000000 -1.000000
0.000000 0.000000 -1.000000
0.000000 0.000000 -1.000000
0.000000 0.000000 -1.000000
0.000000 0.000000 -1.000000
0.000000 0.000000 -1.000000
0.000000 0.000000 -1.000000
0.000000 0.000000 -1.000000
0.000000 0.000000 -1.000000
0.000000 0.000000 -1.000000
0.000000 0.000000 -1.000000
0.000000 0.000000 -1.000000
0.000000 0.000000 -1.000000
0.000000 0.000000 -1.000000
0.000000 0.000000 -1.000000
0.000000 0.000000 -1.000000
0.000000 0.000000 -1.000000
0.000000 0.000000 -1.000000
-0.000000 0.000000 1.000000
-0.000000 0.000000 1.000000
-0.000000 0.000000 1.000000
-0.000000 0.000000 1.000000
-0.000000 0.000000 1.000000
-0.000000 0.000000 1.000000
-0.000000 0.000000 1.000000
-0.000000 0.000000 1.000000
-0.000000 0.000000 1.000000
-0.000000 0.000000 1.000000
-0.000000 0.000000 1.000000
-0.000000 0.000000 1.000000
-0.000000 0.000000 1.000000
-0.000000 0.000000 1.000000
-0.000000 0.000000 1.000000
-0.000000 0.000000 1.000000
-0.000000 0.000000 1.000000
-0.000000 0.000000 1.000000
-0.000000 0.000000 1.000000
-0.000000 0.000000 1.000000
-0.000000 0.000000 1.000000
-0.000000 0.000000 1.000000
-0.000000 0.000000 1.000000
-0.000000 0.000000 1.000000
-0.000000 0.000000 1.000000
-0.000000 0.000000 1.000000
-0.000000 0.000000 1.000000
-0.000000 0.000000 1.000000
-0.000000 0.000000 1.000000
-0.000000 0.000000 1.000000
-0.000000 0.000000 1.000000
-0.000000 0.000000 1.000000
-0.000000 0.000000 1.000000
-1.000000 0.000000 -0.000000
-1.000000 0.000000 -0.000000
-1.000000 0.000000 -0.000000
-1.000000 0.000000 -0.000000
-1.000000 0.000000 -0.000000
-1.000000 0.000000 -0.000000
1.000000 0.000000 0.000000
1.000000 0.000000 0.000000
1.000000 0.000000 0.000000
1.000000 0.000000 0.000000
1.000000 0.000000 0.000000
1.000000 0.000000 0.000000
0.000000 1.000000 0.000000
0.000000 1.000000 0.000000
0.000000 1.000000 0.000000
0.000000 1.000000 0.000000
0.000000 1.000000 0.000000
0.000000 1.000000 0.000000
-0.000000 -1.000000 0.000000
-0.000000 -1.000000 0.000000
-0.000000 -1.000000 0.000000
-0.000000 -1.000000 0.000000
-0.000000 -1.000000 0.000000
-0.000000 -1.000000 0.000000
0.966395 0.257061 0.000000
0.966395 0.257061 0.000000
0.966395 0.257061 0.000000
0.966395 0.257061 0.000000
0.966395 0.257061 0.000000
0.966395 0.257061 0.000000
-0.966395 -0.257061 -0.000000
-0.966395 -0.257061 -0.000000
-0.966395 -0.257061 -0.000000
-0.966395 -0.257061 -0.000000
-0.966395 -0.257061 -0.000000
-0.966395 -0.257061 -0.000000
-0.967112 0.254351 -0.000000
-0.967112 0.254351 -0.000000
-0.967112 0.254351 -0.000000
-0.967112 0.254351 -0.000000
-0.967112 0.254351 -0.000000
-0.967112 0.254351 -0.000000
0.967112 -0.254351 0.000000
0.967112 -0.254351 0.000000
0.967112 -0.254351 0.000000
0.967112 -0.254351 0.000000
0.967112 -0.254351 0.000000
0.967112 -0.254351 0.000000
0.000000 1.000000 0.000000
0.000000 1.000000 0.000000
0.000000 1.000000 0.000000
0.000000 1.000000 0.000000
0.000000 1.000000 0.000000
0.000000 1.000000 0.000000
-0.000000 -1.000000 0.000000
-0.000000 -1.000000 0.000000
-0.000000 -1.000000 0.000000
-0.000000 -1.000000 0.000000
-0.000000 -1.000000 0.000000
-0.000000 -1.000000 0.000000
1.000000 0.000000 0.000000
1.000000 0.000000 0.000000
1.000000 0.000000 0.000000
1.000000 0.000000 0.000000
1.000000 0.000000 0.000000
1.000000 0.000000 0.000000
-1.000000 0.000000 -0.000000
-1.000000 0.000000 -0.000000
-1.000000 0.000000 -0.000000
-1.000000 0.000000 -0.000000
-1.000000 0.000000 -0.000000
-1.000000 0.000000 -0.000000
-0.000000 -1.000000 0.000000
-0.000000 -1.000000 0.000000
-0.000000 -1.000000 0.000000
-0.000000 -1.000000 0.000000
-0.000000 -1.000000 0.000000
-0.000000 -1.000000 0.000000
0.000000 1.000000 0.000000
0.000000 1.000000 0.000000
0.000000 1.000000 0.000000
0.000000 1.000000 0.000000
0.000000 1.000000 0.000000
0.000000 1.000000 0.000000
-1.000000 0.000000 -0.000000
-1.000000 0.000000 -0.000000
-1.000000 0.000000 -0.000000
-1.000000 0.000000 -0.000000
-1.000000 0.000000 -0.000000
-1.000000 0.000000 -0.000000
1.000000 0.000000 0.000000
1.000000 0.000000 0.000000
1.000000 0.000000 0.000000
1.000000 0.000000 0.000000
1.000000 0.000000 0.000000
1.000000 0.000000 0.000000
0.969646 -0.244512 0.000000
0.969646 -0.244512 0.000000
0.969646 -0.244512 0.000000
0.969646 -0.244512 0.000000
0.969646 -0.244512 0.000000
0.969646 -0.244512 0.000000
-0.969646 0.244512 -0.000000
-0.969646 0.244512 -0.000000
-0.969646 0.244512 -0.000000
-0.969646 0.244512 -0.000000
-0.969646 0.244512 -0.000000
-0.969646 0.244512 -0.000000
-0.000000 -1.000000 0.000000
-0.000000 -1.000000 0.000000
-0.000000 -1.000000 0.000000
-0.000000 -1.000000 0.000000
-0.000000 -1.000000 0.000000
-0.000000 -1.000000 0.000000
0.000000 1.000000 0.000000
0.000000 1.000000 0.000000
0.000000 1.000000 0.000000
0.000000 1.000000 0.000000
0.000000 1.000000 0.000000
0.000000 1.000000 0.000000
-0.969845 -0.243722 -0.000000
-0.969845 -0.243722 -0.000000
-0.969845 -0.243722 -0.000000
-0.969845 -0.243722 -0.000000
-0.969845 -0.243722 -0.000000
-0.969845 -0.243722 -0.000000
0.969845 0.243722 0.000000
0.969845 0.243722 0.000000
0.969845 0.243722 0.000000
0.969845 0.243722 0.000000
0.969845 0.243722 0.000000
0.969845 0.243722 0.000000
1.000000 0.000000 0.000000
1.000000 0.000000 0.000000
1.000000 0.000000 0.000000
1.000000 0.000000 0.000000
1.000000 0.000000 0.000000
1.000000 0.000000 0.000000
-1.000000 0.000000 -0.000000
-1.000000 0.000000 -0.000000
-1.000000 0.000000 -0.000000
-1.000000 0.000000 -0.000000
-1.000000 0.000000 -0.000000
-1.000000 0.000000 -0.000000
-0.000000 -1.000000 0.000000
-0.000000 -1.000000 0.000000
-0.000000 -1.000000 0.000000
-0.000000 -1.000000 0.000000
-0.000000 -1.000000 0.000000
-0.000000 -1.000000 0.000000
0.000000 1.000000 0.000000
0.000000 1.000000 0.000000
0.000000 1.000000 0.000000
0.000000 1.000000 0.000000
0.000000 1.000000 0.000000
0.000000 1.000000 0.000000
-0.000000 0.000000 1.000000
-0.000000 0.000000 1.000000
-0.000000 0.000000 1.000000
-0.000000 0.000000 1.000000
-0.000000 0.000000 1.000000
-0.000000 0.000000 1.000000
-0.000000 0.000000 1.000000
-0.000000 0.000000 1.000000
-0.000000 0.000000 1.000000
-0.000000 0.000000 1.000000
-0.000000 0.000000 1.000000
-0.000000 0.000000 1.000000
-0.000000 0.000000 1.000000
-0.000000 0.000000 1.000000
-0.000000 0.000000 1.000000
-0.000000 0.000000 1.000000
-0.000000 0.000000 1.000000
-0.000000 0.000000 1.000000
-0.000000 0.000000 1.000000
-0.000000 0.000000 1.000000
-0.000000 0.000000 1.000000
-0.000000 0.000000 1.000000
-0.000000 0.000000 1.000000
-0.000000 0.000000 1.000000
-0.000000 0.000000 1.000000
-0.000000 0.000000 1.000000
-0.000000 0.000000 1.000000
-0.000000 0.000000 1.000000
-0.000000 0.000000 1.000000
-0.000000 0.000000 1.000000
-0.000000 0.000000 1.000000
-0.000000 0.000000 1.000000
-0.000000 0.000000 1.000000
0.000000 0.000000 -1.000000
0.000000 0.000000 -1.000000
0.000000 0.000000 -1.000000
0.000000 0.000000 -1.000000
0.000000 0.000000 -1.000000
0.000000 0.000000 -1.000000
0.000000 0.000000 -1.000000
0.000000 0.000000 -1.000000
0.000000 0.000000 -1.000000
0.000000 0.000000 -1.000000
0.000000 0.000000 -1.000000
0.000000 0.000000 -1.000000
0.000000 0.000000 -1.000000
0.000000 0.000000 -1.000000
0.000000 0.000000 -1.000000
0.000000 0.000000 -1.000000
0.000000 0.000000 -1.000000
0.000000 0.000000 -1.000000
0.000000 0.000000 -1.000000
0.000000 0.000000 -1.000000
0.000000 0.000000 -1.000000
0.000000 0.000000 -1.000000
0.000000 0.000000 -1.000000
0.000000 0.000000 -1.000000
0.000000 0.000000 -1.000000
0.000000 0.000000 -1.000000
0.000000 0.000000 -1.000000
0.000000 0.000000 -1.000000
0.000000 0.000000 -1.000000
0.000000 0.000000 -1.000000
0.000000 0.000000 -1.000000
0.000000 0.000000 -1.000000
0.000000 0.000000 -1.000000
</float_array>
          <technique_common>
            <accessor source="#ID2470-Normal0-array" count="288" stride="3">
              <param name="X" type="float"/>
              <param name="Y" type="float"/>
              <param name="Z" type="float"/>
            </accessor>
          </technique_common>
        </source>
        <vertices id="ID2470-VERTEX">
          <input semantic="POSITION" source="#ID2470-POSITION"/>
        </vertices>
        <triangles count="96" material="MaterialFBXASC032FBXASC0352">
          <input semantic="VERTEX" offset="0" source="#ID2470-VERTEX"/>
          <input semantic="NORMAL" offset="1" source="#ID2470-Normal0"/>
          <p> 0 0 1 1 2 2 1 3 0 4 3 5 1 6 3 7 4 8 4 9 3 10 5 11 4 12 5 13 6 14 6 15 5 16 7 17 6 18 7 19 8 20 8 21 7 22 9 23 8 24 9 25 10 26 10 27 9 28 11 29 12 30 2 31 1 32 13 33 14 34 15 35 16 36 17 37 18 38 18 39 17 40 19 41 17 42 20 43 19 44 19 45 20 46 21 47 20 48 22 49 21 50 21 51 22 52 23 53 22 54 24 55 23 56 23 57 24 58 13 59 24 60 25 61 13 62 14 63 13 64 25 65 39 66 40 67 41 68 40 69 39 70 42 71 43 72 44 73 45 74 46 75 45 76 44 77 49 78 50 79 51 80 50 81 49 82 52 83 53 84 54 85 55 86 56 87 55 88 54 89 58 90 59 91 60 92 59 93 58 94 61 95 62 96 63 97 64 98 65 99 64 100 63 101 67 102 68 103 69 104 68 105 67 106 70 107 71 108 72 109 73 110 74 111 73 112 72 113 76 114 77 115 78 116 77 117 76 118 79 119 80 120 81 121 82 122 83 123 82 124 81 125 85 126 86 127 87 128 86 129 85 130 88 131 89 132 90 133 91 134 92 135 91 136 90 137 94 138 95 139 96 140 95 141 94 142 97 143 98 144 99 145 100 146 101 147 100 148 99 149 103 150 104 151 105 152 104 153 103 154 106 155 107 156 108 157 109 158 110 159 109 160 108 161 112 162 113 163 114 164 113 165 112 166 115 167 116 168 117 169 118 170 119 171 118 172 117 173 121 174 122 175 123 176 122 177 121 178 124 179 125 180 126 181 127 182 128 183 127 184 126 185 130 186 131 187 132 188 131 189 130 190 133 191 134 192 135 193 136 194 137 195 136 196 135 197 139 198 140 199 141 200 140 201 139 202 142 203 143 204 144 205 145 206 146 207 145 208 144 209 148 210 149 211 150 212 149 213 148 214 151 215 152 216 153 217 154 218 155 219 154 220 153 221 156 222 157 223 158 224 159 225 160 226 161 227 160 228 159 229 162 230 160 231 162 232 163 233 163 234 162 235 164 236 163 237 164 238 165 239 165 240 164 241 166 242 165 243 166 244 167 245 167 246 166 247 157 248 167 249 157 250 168 251 168 252 157 253 156 254 169 255 170 256 171 257 171 258 170 259 172 260 170 261 173 262 172 263 172 264 173 265 174 266 173 267 175 268 174 269 174 270 175 271 176 272 175 273 177 274 176 275 176 276 177 277 178 278 177 279 179 280 178 281 180 282 178 283 179 284 181 285 170 286 169 287</p>
        </triangles>
      </mesh>
    </geometry>
    <geometry id="ID2478-lib" name="ID2478Mesh">
      <mesh>
        <source id="ID2478-POSITION">
          <float_array id="ID2478-POSITION-array" count="504">
82.859360 9.849121 0.000000
84.813339 8.212002 0.000000
82.859360 0.171633 0.000000
90.034958 9.849121 0.000000
90.034958 8.212002 0.000000
89.671890 6.066583 0.000000
84.813339 4.436065 0.000000
84.813339 6.066583 0.000000
89.671890 4.436065 0.000000
84.813339 1.802151 0.000000
90.219803 0.171633 0.000000
90.219803 1.802151 0.000000
90.219803 1.802151 0.000000
84.813339 1.802151 0.000000
90.219803 0.171633 0.000000
84.813339 4.436065 0.000000
84.813339 6.066583 0.000000
84.813339 8.212002 0.000000
82.859360 0.171633 0.000000
89.671890 4.436065 0.000000
89.671890 6.066583 0.000000
90.034958 8.212002 0.000000
90.034958 9.849121 0.000000
82.859360 9.849121 0.000000
82.859360 0.171633 0.000000
82.859360 9.849121 0.000000
90.034958 9.849121 0.000000
90.034958 8.212002 0.000000
84.813339 8.212002 0.000000
84.813339 6.066583 0.000000
89.671890 6.066583 0.000000
89.671890 4.436065 0.000000
84.813339 4.436065 0.000000
84.813339 1.802151 0.000000
90.219803 1.802151 0.000000
90.219803 0.171633 0.000000
82.859360 9.849121 1.181102
82.859360 0.171633 0.000000
82.859360 0.171633 1.181102
82.859360 9.849121 0.000000
82.859360 9.849121 0.000000
82.859360 9.849121 1.181102
82.859360 0.171633 0.000000
82.859360 0.171633 1.181102
82.859360 0.171633 1.181102
82.859360 9.849121 1.181102
82.859360 9.849121 1.181102
90.034958 9.849121 0.000000
82.859360 9.849121 0.000000
90.034958 9.849121 1.181102
90.034958 9.849121 1.181102
82.859360 9.849121 1.181102
90.034958 9.849121 0.000000
82.859360 9.849121 0.000000
90.034958 9.849121 1.181102
90.034958 9.849121 0.000000
90.034958 8.212002 1.181102
90.034958 8.212002 0.000000
90.034958 9.849121 1.181102
90.034958 9.849121 1.181102
90.034958 9.849121 0.000000
90.034958 8.212002 1.181102
90.034958 8.212002 0.000000
90.034958 8.212002 1.181102
90.034958 8.212002 1.181102
84.813339 8.212002 0.000000
90.034958 8.212002 0.000000
84.813339 8.212002 1.181102
84.813339 8.212002 1.181102
90.034958 8.212002 1.181102
84.813339 8.212002 0.000000
90.034958 8.212002 0.000000
84.813339 8.212002 1.181102
84.813339 8.212002 0.000000
84.813339 6.066583 1.181102
84.813339 6.066583 0.000000
84.813339 8.212002 1.181102
84.813339 8.212002 1.181102
84.813339 8.212002 0.000000
84.813339 6.066583 1.181102
84.813339 6.066583 0.000000
84.813339 6.066583 1.181102
84.813339 6.066583 1.181102
89.671890 6.066583 0.000000
84.813339 6.066583 0.000000
89.671890 6.066583 1.181102
89.671890 6.066583 1.181102
84.813339 6.066583 1.181102
89.671890 6.066583 0.000000
84.813339 6.066583 0.000000
89.671890 6.066583 1.181102
89.671890 6.066583 0.000000
89.671890 4.436065 1.181102
89.671890 4.436065 0.000000
89.671890 6.066583 1.181102
89.671890 6.066583 1.181102
89.671890 6.066583 0.000000
89.671890 4.436065 1.181102
89.671890 4.436065 0.000000
89.671890 4.436065 1.181102
89.671890 4.436065 1.181102
84.813339 4.436065 0.000000
89.671890 4.436065 0.000000
84.813339 4.436065 1.181102
84.813339 4.436065 1.181102
89.671890 4.436065 1.181102
84.813339 4.436065 0.000000
89.671890 4.436065 0.000000
84.813339 4.436065 1.181102
84.813339 4.436065 0.000000
84.813339 1.802151 1.181102
84.813339 1.802151 0.000000
84.813339 4.436065 1.181102
84.813339 4.436065 1.181102
84.813339 4.436065 0.000000
84.813339 1.802151 1.181102
84.813339 1.802151 0.000000
84.813339 1.802151 1.181102
84.813339 1.802151 1.181102
90.219803 1.802151 0.000000
84.813339 1.802151 0.000000
90.219803 1.802151 1.181102
90.219803 1.802151 1.181102
84.813339 1.802151 1.181102
90.219803 1.802151 0.000000
84.813339 1.802151 0.000000
90.219803 1.802151 1.181102
90.219803 1.802151 0.000000
90.219803 0.171633 1.181102
90.219803 0.171633 0.000000
90.219803 1.802151 1.181102
90.219803 1.802151 1.181102
90.219803 1.802151 0.000000
90.219803 0.171633 1.181102
90.219803 0.171633 0.000000
90.219803 0.171633 1.181102
90.219803 0.171633 1.181102
82.859360 0.171633 0.000000
90.219803 0.171633 0.000000
82.859360 0.171633 1.181102
82.859360 0.171633 1.181102
90.219803 0.171633 1.181102
82.859360 0.171633 0.000000
90.219803 0.171633 0.000000
82.859360 0.171633 1.181102
84.813339 1.802151 1.181102
82.859360 9.849121 1.181102
90.219803 0.171633 1.181102
90.219803 1.802151 1.181102
89.671890 4.436065 1.181102
84.813339 6.066583 1.181102
84.813339 4.436065 1.181102
89.671890 6.066583 1.181102
84.813339 8.212002 1.181102
90.034958 9.849121 1.181102
90.034958 8.212002 1.181102
90.034958 8.212002 1.181102
84.813339 8.212002 1.181102
90.034958 9.849121 1.181102
84.813339 6.066583 1.181102
84.813339 4.436065 1.181102
84.813339 1.802151 1.181102
82.859360 9.849121 1.181102
89.671890 6.066583 1.181102
89.671890 4.436065 1.181102
90.219803 1.802151 1.181102
90.219803 0.171633 1.181102
82.859360 0.171633 1.181102
</float_array>
          <technique_common>
            <accessor source="#ID2478-POSITION-array" count="168" stride="3">
              <param name="X" type="float"/>
              <param name="Y" type="float"/>
              <param name="Z" type="float"/>
            </accessor>
          </technique_common>
        </source>
        <source id="ID2478-Normal0">
          <float_array id="ID2478-Normal0-array" count="792">
0.000000 0.000000 -1.000000
0.000000 0.000000 -1.000000
0.000000 0.000000 -1.000000
0.000000 0.000000 -1.000000
0.000000 0.000000 -1.000000
0.000000 0.000000 -1.000000
0.000000 0.000000 -1.000000
0.000000 0.000000 -1.000000
0.000000 0.000000 -1.000000
0.000000 0.000000 -1.000000
0.000000 0.000000 -1.000000
0.000000 0.000000 -1.000000
0.000000 0.000000 -1.000000
0.000000 0.000000 -1.000000
0.000000 0.000000 -1.000000
0.000000 0.000000 -1.000000
0.000000 0.000000 -1.000000
0.000000 0.000000 -1.000000
0.000000 0.000000 -1.000000
0.000000 0.000000 -1.000000
0.000000 0.000000 -1.000000
0.000000 0.000000 -1.000000
0.000000 0.000000 -1.000000
0.000000 0.000000 -1.000000
0.000000 0.000000 -1.000000
0.000000 0.000000 -1.000000
0.000000 0.000000 -1.000000
0.000000 0.000000 -1.000000
0.000000 0.000000 -1.000000
0.000000 0.000000 -1.000000
-0.000000 0.000000 1.000000
-0.000000 0.000000 1.000000
-0.000000 0.000000 1.000000
-0.000000 0.000000 1.000000
-0.000000 0.000000 1.000000
-0.000000 0.000000 1.000000
-0.000000 0.000000 1.000000
-0.000000 0.000000 1.000000
-0.000000 0.000000 1.000000
-0.000000 0.000000 1.000000
-0.000000 0.000000 1.000000
-0.000000 0.000000 1.000000
-0.000000 0.000000 1.000000
-0.000000 0.000000 1.000000
-0.000000 0.000000 1.000000
-0.000000 0.000000 1.000000
-0.000000 0.000000 1.000000
-0.000000 0.000000 1.000000
-0.000000 0.000000 1.000000
-0.000000 0.000000 1.000000
-0.000000 0.000000 1.000000
-0.000000 0.000000 1.000000
-0.000000 0.000000 1.000000
-0.000000 0.000000 1.000000
-0.000000 0.000000 1.000000
-0.000000 0.000000 1.000000
-0.000000 0.000000 1.000000
-0.000000 0.000000 1.000000
-0.000000 0.000000 1.000000
-0.000000 0.000000 1.000000
-1.000000 0.000000 -0.000000
-1.000000 0.000000 -0.000000
-1.000000 0.000000 -0.000000
-1.000000 0.000000 -0.000000
-1.000000 0.000000 -0.000000
-1.000000 0.000000 -0.000000
1.000000 0.000000 0.000000
1.000000 0.000000 0.000000
1.000000 0.000000 0.000000
1.000000 0.000000 0.000000
1.000000 0.000000 0.000000
1.000000 0.000000 0.000000
0.000000 1.000000 0.000000
0.000000 1.000000 0.000000
0.000000 1.000000 0.000000
0.000000 1.000000 0.000000
0.000000 1.000000 0.000000
0.000000 1.000000 0.000000
-0.000000 -1.000000 0.000000
-0.000000 -1.000000 0.000000
-0.000000 -1.000000 0.000000
-0.000000 -1.000000 0.000000
-0.000000 -1.000000 0.000000
-0.000000 -1.000000 0.000000
1.000000 0.000000 0.000000
1.000000 0.000000 0.000000
1.000000 0.000000 0.000000
1.000000 0.000000 0.000000
1.000000 0.000000 0.000000
1.000000 0.000000 0.000000
-1.000000 0.000000 -0.000000
-1.000000 0.000000 -0.000000
-1.000000 0.000000 -0.000000
-1.000000 0.000000 -0.000000
-1.000000 0.000000 -0.000000
-1.000000 0.000000 -0.000000
-0.000000 -1.000000 0.000000
-0.000000 -1.000000 0.000000
-0.000000 -1.000000 0.000000
-0.000000 -1.000000 0.000000
-0.000000 -1.000000 0.000000
-0.000000 -1.000000 0.000000
0.000000 1.000000 0.000000
0.000000 1.000000 0.000000
0.000000 1.000000 0.000000
0.000000 1.000000 0.000000
0.000000 1.000000 0.000000
0.000000 1.000000 0.000000
1.000000 0.000000 0.000000
1.000000 0.000000 0.000000
1.000000 0.000000 0.000000
1.000000 0.000000 0.000000
1.000000 0.000000 0.000000
1.000000 0.000000 0.000000
-1.000000 0.000000 -0.000000
-1.000000 0.000000 -0.000000
-1.000000 0.000000 -0.000000
-1.000000 0.000000 -0.000000
-1.000000 0.000000 -0.000000
-1.000000 0.000000 -0.000000
0.000000 1.000000 0.000000
0.000000 1.000000 0.000000
0.000000 1.000000 0.000000
0.000000 1.000000 0.000000
0.000000 1.000000 0.000000
0.000000 1.000000 0.000000
-0.000000 -1.000000 0.000000
-0.000000 -1.000000 0.000000
-0.000000 -1.000000 0.000000
-0.000000 -1.000000 0.000000
-0.000000 -1.000000 0.000000
-0.000000 -1.000000 0.000000
1.000000 0.000000 0.000000
1.000000 0.000000 0.000000
1.000000 0.000000 0.000000
1.000000 0.000000 0.000000
1.000000 0.000000 0.000000
1.000000 0.000000 0.000000
-1.000000 0.000000 -0.000000
-1.000000 0.000000 -0.000000
-1.000000 0.000000 -0.000000
-1.000000 0.000000 -0.000000
-1.000000 0.000000 -0.000000
-1.000000 0.000000 -0.000000
-0.000000 -1.000000 0.000000
-0.000000 -1.000000 0.000000
-0.000000 -1.000000 0.000000
-0.000000 -1.000000 0.000000
-0.000000 -1.000000 0.000000
-0.000000 -1.000000 0.000000
0.000000 1.000000 0.000000
0.000000 1.000000 0.000000
0.000000 1.000000 0.000000
0.000000 1.000000 0.000000
0.000000 1.000000 0.000000
0.000000 1.000000 0.000000
1.000000 0.000000 0.000000
1.000000 0.000000 0.000000
1.000000 0.000000 0.000000
1.000000 0.000000 0.000000
1.000000 0.000000 0.000000
1.000000 0.000000 0.000000
-1.000000 0.000000 -0.000000
-1.000000 0.000000 -0.000000
-1.000000 0.000000 -0.000000
-1.000000 0.000000 -0.000000
-1.000000 0.000000 -0.000000
-1.000000 0.000000 -0.000000
0.000000 1.000000 0.000000
0.000000 1.000000 0.000000
0.000000 1.000000 0.000000
0.000000 1.000000 0.000000
0.000000 1.000000 0.000000
0.000000 1.000000 0.000000
-0.000000 -1.000000 0.000000
-0.000000 -1.000000 0.000000
-0.000000 -1.000000 0.000000
-0.000000 -1.000000 0.000000
-0.000000 -1.000000 0.000000
-0.000000 -1.000000 0.000000
1.000000 0.000000 0.000000
1.000000 0.000000 0.000000
1.000000 0.000000 0.000000
1.000000 0.000000 0.000000
1.000000 0.000000 0.000000
1.000000 0.000000 0.000000
-1.000000 0.000000 -0.000000
-1.000000 0.000000 -0.000000
-1.000000 0.000000 -0.000000
-1.000000 0.000000 -0.000000
-1.000000 0.000000 -0.000000
-1.000000 0.000000 -0.000000
-0.000000 -1.000000 0.000000
-0.000000 -1.000000 0.000000
-0.000000 -1.000000 0.000000
-0.000000 -1.000000 0.000000
-0.000000 -1.000000 0.000000
-0.000000 -1.000000 0.000000
0.000000 1.000000 0.000000
0.000000 1.000000 0.000000
0.000000 1.000000 0.000000
0.000000 1.000000 0.000000
0.000000 1.000000 0.000000
0.000000 1.000000 0.000000
-0.000000 0.000000 1.000000
-0.000000 0.000000 1.000000
-0.000000 0.000000 1.000000
-0.000000 0.000000 1.000000
-0.000000 0.000000 1.000000
-0.000000 0.000000 1.000000
-0.000000 0.000000 1.000000
-0.000000 0.000000 1.000000
-0.000000 0.000000 1.000000
-0.000000 0.000000 1.000000
-0.000000 0.000000 1.000000
-0.000000 0.000000 1.000000
-0.000000 0.000000 1.000000
-0.000000 0.000000 1.000000
-0.000000 0.000000 1.000000
-0.000000 0.000000 1.000000
-0.000000 0.000000 1.000000
-0.000000 0.000000 1.000000
-0.000000 0.000000 1.000000
-0.000000 0.000000 1.000000
-0.000000 0.000000 1.000000
-0.000000 0.000000 1.000000
-0.000000 0.000000 1.000000
-0.000000 0.000000 1.000000
-0.000000 0.000000 1.000000
-0.000000 0.000000 1.000000
-0.000000 0.000000 1.000000
-0.000000 0.000000 1.000000
-0.000000 0.000000 1.000000
-0.000000 0.000000 1.000000
0.000000 0.000000 -1.000000
0.000000 0.000000 -1.000000
0.000000 0.000000 -1.000000
0.000000 0.000000 -1.000000
0.000000 0.000000 -1.000000
0.000000 0.000000 -1.000000
0.000000 0.000000 -1.000000
0.000000 0.000000 -1.000000
0.000000 0.000000 -1.000000
0.000000 0.000000 -1.000000
0.000000 0.000000 -1.000000
0.000000 0.000000 -1.000000
0.000000 0.000000 -1.000000
0.000000 0.000000 -1.000000
0.000000 0.000000 -1.000000
0.000000 0.000000 -1.000000
0.000000 0.000000 -1.000000
0.000000 0.000000 -1.000000
0.000000 0.000000 -1.000000
0.000000 0.000000 -1.000000
0.000000 0.000000 -1.000000
0.000000 0.000000 -1.000000
0.000000 0.000000 -1.000000
0.000000 0.000000 -1.000000
0.000000 0.000000 -1.000000
0.000000 0.000000 -1.000000
0.000000 0.000000 -1.000000
0.000000 0.000000 -1.000000
0.000000 0.000000 -1.000000
0.000000 0.000000 -1.000000
</float_array>
          <technique_common>
            <accessor source="#ID2478-Normal0-array" count="264" stride="3">
              <param name="X" type="float"/>
              <param name="Y" type="float"/>
              <param name="Z" type="float"/>
            </accessor>
          </technique_common>
        </source>
        <vertices id="ID2478-VERTEX">
          <input semantic="POSITION" source="#ID2478-POSITION"/>
        </vertices>
        <triangles count="88" material="MaterialFBXASC032FBXASC0352">
          <input semantic="VERTEX" offset="0" source="#ID2478-VERTEX"/>
          <input semantic="NORMAL" offset="1" source="#ID2478-Normal0"/>
          <p> 0 0 1 1 2 2 1 3 0 4 3 5 1 6 3 7 4 8 5 9 6 10 7 11 6 12 5 13 8 14 2 15 9 16 10 17 9 18 2 19 1 20 9 21 1 22 7 23 9 24 7 25 6 26 10 27 9 28 11 29 12 30 13 31 14 32 15 33 16 34 13 35 16 36 17 37 13 38 17 39 18 40 13 41 14 42 13 43 18 44 19 45 20 46 15 47 16 48 15 49 20 50 21 51 22 52 17 53 22 54 23 55 17 56 18 57 17 58 23 59 36 60 37 61 38 62 37 63 36 64 39 65 40 66 41 67 42 68 43 69 42 70 41 71 46 72 47 73 48 74 47 75 46 76 49 77 50 78 51 79 52 80 53 81 52 82 51 83 55 84 56 85 57 86 56 87 55 88 58 89 59 90 60 91 61 92 62 93 61 94 60 95 64 96 65 97 66 98 65 99 64 100 67 101 68 102 69 103 70 104 71 105 70 106 69 107 73 108 74 109 75 110 74 111 73 112 76 113 77 114 78 115 79 116 80 117 79 118 78 119 82 120 83 121 84 122 83 123 82 124 85 125 86 126 87 127 88 128 89 129 88 130 87 131 91 132 92 133 93 134 92 135 91 136 94 137 95 138 96 139 97 140 98 141 97 142 96 143 100 144 101 145 102 146 101 147 100 148 103 149 104 150 105 151 106 152 107 153 106 154 105 155 109 156 110 157 111 158 110 159 109 160 112 161 113 162 114 163 115 164 116 165 115 166 114 167 118 168 119 169 120 170 119 171 118 172 121 173 122 174 123 175 124 176 125 177 124 178 123 179 127 180 128 181 129 182 128 183 127 184 130 185 131 186 132 187 133 188 134 189 133 190 132 191 136 192 137 193 138 194 137 195 136 196 139 197 140 198 141 199 142 200 143 201 142 202 141 203 144 204 145 205 146 206 145 207 144 208 147 209 145 210 147 211 148 212 149 213 150 214 151 215 150 216 149 217 152 218 146 219 153 220 154 221 153 222 146 223 145 224 153 225 145 226 151 227 153 228 151 229 150 230 154 231 153 232 155 233 156 234 157 235 158 236 159 237 160 238 157 239 160 240 161 241 157 242 161 243 162 244 157 245 158 246 157 247 162 248 163 249 164 250 159 251 160 252 159 253 164 254 165 255 166 256 161 257 166 258 167 259 161 260 162 261 161 262 167 263</p>
        </triangles>
      </mesh>
    </geometry>
    <geometry id="ID2486-lib" name="ID2486Mesh">
      <mesh>
        <source id="ID2486-POSITION">
          <float_array id="ID2486-POSITION-array" count="504">
97.329376 9.849121 0.000000
96.583443 5.149004 0.000000
95.428207 6.739915 0.000000
99.593620 9.849121 0.000000
93.487427 9.849121 0.000000
94.200371 5.221618 0.000000
91.203392 9.849121 0.000000
95.388603 3.518486 0.000000
97.534019 0.171633 0.000000
99.890678 0.171633 0.000000
93.236580 0.171633 0.000000
90.893127 0.171633 0.000000
95.388603 3.518486 0.000000
94.200371 5.221618 0.000000
93.236580 0.171633 0.000000
90.893127 0.171633 0.000000
99.890678 0.171633 0.000000
96.583443 5.149004 0.000000
97.534019 0.171633 0.000000
95.428207 6.739915 0.000000
93.487427 9.849121 0.000000
91.203392 9.849121 0.000000
99.593620 9.849121 0.000000
97.329376 9.849121 0.000000
90.893127 0.171633 0.000000
94.200371 5.221618 0.000000
91.203392 9.849121 0.000000
93.487427 9.849121 0.000000
95.428207 6.739915 0.000000
97.329376 9.849121 0.000000
99.593620 9.849121 0.000000
96.583443 5.149004 0.000000
99.890678 0.171633 0.000000
97.534019 0.171633 0.000000
95.388603 3.518486 0.000000
93.236580 0.171633 0.000000
94.200371 5.221618 1.181102
90.893127 0.171633 0.000000
90.893127 0.171633 1.181102
94.200371 5.221618 0.000000
94.200371 5.221618 0.000000
94.200371 5.221618 1.181102
90.893127 0.171633 0.000000
90.893127 0.171633 1.181102
90.893127 0.171633 1.181102
94.200371 5.221618 1.181102
91.203392 9.849121 1.181102
94.200371 5.221618 0.000000
94.200371 5.221618 1.181102
91.203392 9.849121 0.000000
91.203392 9.849121 0.000000
91.203392 9.849121 1.181102
94.200371 5.221618 0.000000
94.200371 5.221618 1.181102
91.203392 9.849121 1.181102
91.203392 9.849121 1.181102
93.487427 9.849121 0.000000
91.203392 9.849121 0.000000
93.487427 9.849121 1.181102
93.487427 9.849121 1.181102
91.203392 9.849121 1.181102
93.487427 9.849121 0.000000
91.203392 9.849121 0.000000
93.487427 9.849121 1.181102
93.487427 9.849121 0.000000
95.428207 6.739915 1.181102
95.428207 6.739915 0.000000
93.487427 9.849121 1.181102
93.487427 9.849121 1.181102
93.487427 9.849121 0.000000
95.428207 6.739915 1.181102
95.428207 6.739915 0.000000
95.428207 6.739915 1.181102
97.329376 9.849121 1.181102
95.428207 6.739915 0.000000
95.428207 6.739915 1.181102
97.329376 9.849121 0.000000
97.329376 9.849121 0.000000
97.329376 9.849121 1.181102
95.428207 6.739915 0.000000
95.428207 6.739915 1.181102
97.329376 9.849121 1.181102
97.329376 9.849121 1.181102
99.593620 9.849121 0.000000
97.329376 9.849121 0.000000
99.593620 9.849121 1.181102
99.593620 9.849121 1.181102
97.329376 9.849121 1.181102
99.593620 9.849121 0.000000
97.329376 9.849121 0.000000
99.593620 9.849121 1.181102
99.593620 9.849121 0.000000
96.583443 5.149004 1.181102
96.583443 5.149004 0.000000
99.593620 9.849121 1.181102
99.593620 9.849121 1.181102
99.593620 9.849121 0.000000
96.583443 5.149004 1.181102
96.583443 5.149004 0.000000
96.583443 5.149004 1.181102
96.583443 5.149004 0.000000
99.890678 0.171633 1.181102
99.890678 0.171633 0.000000
96.583443 5.149004 1.181102
96.583443 5.149004 1.181102
96.583443 5.149004 0.000000
99.890678 0.171633 1.181102
99.890678 0.171633 0.000000
99.890678 0.171633 1.181102
99.890678 0.171633 1.181102
97.534019 0.171633 0.000000
99.890678 0.171633 0.000000
97.534019 0.171633 1.181102
97.534019 0.171633 1.181102
99.890678 0.171633 1.181102
97.534019 0.171633 0.000000
99.890678 0.171633 0.000000
97.534019 0.171633 1.181102
95.388603 3.518486 1.181102
97.534019 0.171633 0.000000
97.534019 0.171633 1.181102
95.388603 3.518486 0.000000
95.388603 3.518486 0.000000
95.388603 3.518486 1.181102
97.534019 0.171633 0.000000
97.534019 0.171633 1.181102
95.388603 3.518486 1.181102
95.388603 3.518486 0.000000
93.236580 0.171633 1.181102
93.236580 0.171633 0.000000
95.388603 3.518486 1.181102
95.388603 3.518486 1.181102
95.388603 3.518486 0.000000
93.236580 0.171633 1.181102
93.236580 0.171633 0.000000
93.236580 0.171633 1.181102
93.236580 0.171633 1.181102
90.893127 0.171633 0.000000
93.236580 0.171633 0.000000
90.893127 0.171633 1.181102
90.893127 0.171633 1.181102
93.236580 0.171633 1.181102
90.893127 0.171633 0.000000
93.236580 0.171633 0.000000
93.236580 0.171633 1.181102
94.200371 5.221618 1.181102
90.893127 0.171633 1.181102
95.388603 3.518486 1.181102
93.487427 9.849121 1.181102
91.203392 9.849121 1.181102
95.428207 6.739915 1.181102
97.534019 0.171633 1.181102
96.583443 5.149004 1.181102
99.890678 0.171633 1.181102
97.329376 9.849121 1.181102
99.593620 9.849121 1.181102
99.593620 9.849121 1.181102
96.583443 5.149004 1.181102
97.329376 9.849121 1.181102
95.428207 6.739915 1.181102
99.890678 0.171633 1.181102
97.534019 0.171633 1.181102
95.388603 3.518486 1.181102
94.200371 5.221618 1.181102
93.487427 9.849121 1.181102
91.203392 9.849121 1.181102
93.236580 0.171633 1.181102
90.893127 0.171633 1.181102
</float_array>
          <technique_common>
            <accessor source="#ID2486-POSITION-array" count="168" stride="3">
              <param name="X" type="float"/>
              <param name="Y" type="float"/>
              <param name="Z" type="float"/>
            </accessor>
          </technique_common>
        </source>
        <source id="ID2486-Normal0">
          <float_array id="ID2486-Normal0-array" count="792">
0.000000 0.000000 -1.000000
0.000000 0.000000 -1.000000
0.000000 0.000000 -1.000000
0.000000 0.000000 -1.000000
0.000000 0.000000 -1.000000
0.000000 0.000000 -1.000000
0.000000 0.000000 -1.000000
0.000000 0.000000 -1.000000
0.000000 0.000000 -1.000000
0.000000 0.000000 -1.000000
0.000000 0.000000 -1.000000
0.000000 0.000000 -1.000000
0.000000 0.000000 -1.000000
0.000000 0.000000 -1.000000
0.000000 0.000000 -1.000000
0.000000 0.000000 -1.000000
0.000000 0.000000 -1.000000
0.000000 0.000000 -1.000000
0.000000 0.000000 -1.000000
0.000000 0.000000 -1.000000
0.000000 0.000000 -1.000000
0.000000 0.000000 -1.000000
0.000000 0.000000 -1.000000
0.000000 0.000000 -1.000000
0.000000 0.000000 -1.000000
0.000000 0.000000 -1.000000
0.000000 0.000000 -1.000000
0.000000 0.000000 -1.000000
0.000000 0.000000 -1.000000
0.000000 0.000000 -1.000000
-0.000000 0.000000 1.000000
-0.000000 0.000000 1.000000
-0.000000 0.000000 1.000000
-0.000000 0.000000 1.000000
-0.000000 0.000000 1.000000
-0.000000 0.000000 1.000000
-0.000000 0.000000 1.000000
-0.000000 0.000000 1.000000
-0.000000 0.000000 1.000000
-0.000000 0.000000 1.000000
-0.000000 0.000000 1.000000
-0.000000 0.000000 1.000000
-0.000000 0.000000 1.000000
-0.000000 0.000000 1.000000
-0.000000 0.000000 1.000000
-0.000000 0.000000 1.000000
-0.000000 0.000000 1.000000
-0.000000 0.000000 1.000000
-0.000000 0.000000 1.000000
-0.000000 0.000000 1.000000
-0.000000 0.000000 1.000000
-0.000000 0.000000 1.000000
-0.000000 0.000000 1.000000
-0.000000 0.000000 1.000000
-0.000000 0.000000 1.000000
-0.000000 0.000000 1.000000
-0.000000 0.000000 1.000000
-0.000000 0.000000 1.000000
-0.000000 0.000000 1.000000
-0.000000 0.000000 1.000000
-0.836565 0.547868 -0.000000
-0.836565 0.547868 -0.000000
-0.836565 0.547868 -0.000000
-0.836565 0.547868 -0.000000
-0.836565 0.547868 -0.000000
-0.836565 0.547868 -0.000000
0.836565 -0.547868 0.000000
0.836565 -0.547868 0.000000
0.836565 -0.547868 0.000000
0.836565 -0.547868 0.000000
0.836565 -0.547868 0.000000
0.836565 -0.547868 0.000000
-0.839345 -0.543599 0.000000
-0.839345 -0.543599 0.000000
-0.839345 -0.543599 0.000000
-0.839345 -0.543599 0.000000
-0.839345 -0.543599 0.000000
-0.839345 -0.543599 0.000000
0.839345 0.543599 0.000000
0.839345 0.543599 0.000000
0.839345 0.543599 0.000000
0.839345 0.543599 0.000000
0.839345 0.543599 0.000000
0.839345 0.543599 0.000000
0.000000 1.000000 0.000000
0.000000 1.000000 0.000000
0.000000 1.000000 0.000000
0.000000 1.000000 0.000000
0.000000 1.000000 0.000000
0.000000 1.000000 0.000000
-0.000000 -1.000000 0.000000
-0.000000 -1.000000 0.000000
-0.000000 -1.000000 0.000000
-0.000000 -1.000000 0.000000
-0.000000 -1.000000 0.000000
-0.000000 -1.000000 0.000000
0.848302 0.529513 0.000000
0.848302 0.529513 0.000000
0.848302 0.529513 0.000000
0.848302 0.529513 0.000000
0.848302 0.529513 0.000000
0.848302 0.529513 0.000000
-0.848302 -0.529513 -0.000000
-0.848302 -0.529513 -0.000000
-0.848302 -0.529513 -0.000000
-0.848302 -0.529513 -0.000000
-0.848302 -0.529513 -0.000000
-0.848302 -0.529513 -0.000000
-0.853148 0.521670 -0.000000
-0.853148 0.521670 -0.000000
-0.853148 0.521670 -0.000000
-0.853148 0.521670 -0.000000
-0.853148 0.521670 -0.000000
-0.853148 0.521670 -0.000000
0.853148 -0.521670 0.000000
0.853148 -0.521670 0.000000
0.853148 -0.521670 0.000000
0.853148 -0.521670 0.000000
0.853148 -0.521670 0.000000
0.853148 -0.521670 0.000000
0.000000 1.000000 0.000000
0.000000 1.000000 0.000000
0.000000 1.000000 0.000000
0.000000 1.000000 0.000000
0.000000 1.000000 0.000000
0.000000 1.000000 0.000000
-0.000000 -1.000000 0.000000
-0.000000 -1.000000 0.000000
-0.000000 -1.000000 0.000000
-0.000000 -1.000000 0.000000
-0.000000 -1.000000 0.000000
-0.000000 -1.000000 0.000000
0.842099 -0.539322 0.000000
0.842099 -0.539322 0.000000
0.842099 -0.539322 0.000000
0.842099 -0.539322 0.000000
0.842099 -0.539322 0.000000
0.842099 -0.539322 0.000000
-0.842099 0.539322 -0.000000
-0.842099 0.539322 -0.000000
-0.842099 0.539322 -0.000000
-0.842099 0.539322 -0.000000
-0.842099 0.539322 -0.000000
-0.842099 0.539322 -0.000000
0.832899 0.553425 0.000000
0.832899 0.553425 0.000000
0.832899 0.553425 0.000000
0.832899 0.553425 0.000000
0.832899 0.553425 0.000000
0.832899 0.553425 0.000000
-0.832899 -0.553425 -0.000000
-0.832899 -0.553425 -0.000000
-0.832899 -0.553425 -0.000000
-0.832899 -0.553425 -0.000000
-0.832899 -0.553425 -0.000000
-0.832899 -0.553425 -0.000000
-0.000000 -1.000000 0.000000
-0.000000 -1.000000 0.000000
-0.000000 -1.000000 0.000000
-0.000000 -1.000000 0.000000
-0.000000 -1.000000 0.000000
-0.000000 -1.000000 0.000000
0.000000 1.000000 0.000000
0.000000 1.000000 0.000000
0.000000 1.000000 0.000000
0.000000 1.000000 0.000000
0.000000 1.000000 0.000000
0.000000 1.000000 0.000000
-0.841879 -0.539666 0.000000
-0.841879 -0.539666 0.000000
-0.841879 -0.539666 0.000000
-0.841879 -0.539666 0.000000
-0.841879 -0.539666 0.000000
-0.841879 -0.539666 0.000000
0.841879 0.539666 0.000000
0.841879 0.539666 0.000000
0.841879 0.539666 0.000000
0.841879 0.539666 0.000000
0.841879 0.539666 0.000000
0.841879 0.539666 0.000000
0.841125 -0.540841 -0.000000
0.841125 -0.540841 -0.000000
0.841125 -0.540841 -0.000000
0.841125 -0.540841 -0.000000
0.841125 -0.540841 -0.000000
0.841125 -0.540841 -0.000000
-0.841125 0.540841 0.000000
-0.841125 0.540841 0.000000
-0.841125 0.540841 0.000000
-0.841125 0.540841 0.000000
-0.841125 0.540841 0.000000
-0.841125 0.540841 0.000000
-0.000000 -1.000000 0.000000
-0.000000 -1.000000 0.000000
-0.000000 -1.000000 0.000000
-0.000000 -1.000000 0.000000
-0.000000 -1.000000 0.000000
-0.000000 -1.000000 0.000000
0.000000 1.000000 0.000000
0.000000 1.000000 0.000000
0.000000 1.000000 0.000000
0.000000 1.000000 0.000000
0.000000 1.000000 0.000000
0.000000 1.000000 0.000000
-0.000000 0.000000 1.000000
-0.000000 0.000000 1.000000
-0.000000 0.000000 1.000000
-0.000000 0.000000 1.000000
-0.000000 0.000000 1.000000
-0.000000 0.000000 1.000000
-0.000000 0.000000 1.000000
-0.000000 0.000000 1.000000
-0.000000 0.000000 1.000000
-0.000000 0.000000 1.000000
-0.000000 0.000000 1.000000
-0.000000 0.000000 1.000000
-0.000000 0.000000 1.000000
-0.000000 0.000000 1.000000
-0.000000 0.000000 1.000000
-0.000000 0.000000 1.000000
-0.000000 0.000000 1.000000
-0.000000 0.000000 1.000000
-0.000000 0.000000 1.000000
-0.000000 0.000000 1.000000
-0.000000 0.000000 1.000000
-0.000000 0.000000 1.000000
-0.000000 0.000000 1.000000
-0.000000 0.000000 1.000000
-0.000000 0.000000 1.000000
-0.000000 0.000000 1.000000
-0.000000 0.000000 1.000000
-0.000000 0.000000 1.000000
-0.000000 0.000000 1.000000
-0.000000 0.000000 1.000000
0.000000 0.000000 -1.000000
0.000000 0.000000 -1.000000
0.000000 0.000000 -1.000000
0.000000 0.000000 -1.000000
0.000000 0.000000 -1.000000
0.000000 0.000000 -1.000000
0.000000 0.000000 -1.000000
0.000000 0.000000 -1.000000
0.000000 0.000000 -1.000000
0.000000 0.000000 -1.000000
0.000000 0.000000 -1.000000
0.000000 0.000000 -1.000000
0.000000 0.000000 -1.000000
0.000000 0.000000 -1.000000
0.000000 0.000000 -1.000000
0.000000 0.000000 -1.000000
0.000000 0.000000 -1.000000
0.000000 0.000000 -1.000000
0.000000 0.000000 -1.000000
0.000000 0.000000 -1.000000
0.000000 0.000000 -1.000000
0.000000 0.000000 -1.000000
0.000000 0.000000 -1.000000
0.000000 0.000000 -1.000000
0.000000 0.000000 -1.000000
0.000000 0.000000 -1.000000
0.000000 0.000000 -1.000000
0.000000 0.000000 -1.000000
0.000000 0.000000 -1.000000
0.000000 0.000000 -1.000000
</float_array>
          <technique_common>
            <accessor source="#ID2486-Normal0-array" count="264" stride="3">
              <param name="X" type="float"/>
              <param name="Y" type="float"/>
              <param name="Z" type="float"/>
            </accessor>
          </technique_common>
        </source>
        <vertices id="ID2486-VERTEX">
          <input semantic="POSITION" source="#ID2486-POSITION"/>
        </vertices>
        <triangles count="88" material="MaterialFBXASC032FBXASC0352">
          <input semantic="VERTEX" offset="0" source="#ID2486-VERTEX"/>
          <input semantic="NORMAL" offset="1" source="#ID2486-Normal0"/>
          <p> 0 0 1 1 2 2 1 3 0 4 3 5 4 6 5 7 6 8 5 9 4 10 2 11 5 12 2 13 7 14 7 15 2 16 8 17 8 18 2 19 1 20 8 21 1 22 9 23 5 24 10 25 11 26 10 27 5 28 7 29 12 30 13 31 14 32 15 33 14 34 13 35 16 36 17 37 18 38 17 39 19 40 18 41 18 42 19 43 12 44 12 45 19 46 13 47 19 48 20 49 13 50 21 51 13 52 20 53 22 54 23 55 17 56 19 57 17 58 23 59 36 60 37 61 38 62 37 63 36 64 39 65 40 66 41 67 42 68 43 69 42 70 41 71 46 72 47 73 48 74 47 75 46 76 49 77 50 78 51 79 52 80 53 81 52 82 51 83 55 84 56 85 57 86 56 87 55 88 58 89 59 90 60 91 61 92 62 93 61 94 60 95 64 96 65 97 66 98 65 99 64 100 67 101 68 102 69 103 70 104 71 105 70 106 69 107 73 108 74 109 75 110 74 111 73 112 76 113 77 114 78 115 79 116 80 117 79 118 78 119 82 120 83 121 84 122 83 123 82 124 85 125 86 126 87 127 88 128 89 129 88 130 87 131 91 132 92 133 93 134 92 135 91 136 94 137 95 138 96 139 97 140 98 141 97 142 96 143 100 144 101 145 102 146 101 147 100 148 103 149 104 150 105 151 106 152 107 153 106 154 105 155 109 156 110 157 111 158 110 159 109 160 112 161 113 162 114 163 115 164 116 165 115 166 114 167 118 168 119 169 120 170 119 171 118 172 121 173 122 174 123 175 124 176 125 177 124 178 123 179 127 180 128 181 129 182 128 183 127 184 130 185 131 186 132 187 133 188 134 189 133 190 132 191 136 192 137 193 138 194 137 195 136 196 139 197 140 198 141 199 142 200 143 201 142 202 141 203 144 204 145 205 146 206 145 207 144 208 147 209 145 210 148 211 149 212 148 213 145 214 150 215 150 216 145 217 147 218 150 219 147 220 151 221 150 222 151 223 152 224 152 225 151 226 153 227 152 228 154 229 150 230 154 231 152 232 155 233 156 234 157 235 158 236 159 237 158 238 157 239 160 240 161 241 157 242 157 243 161 244 159 245 161 246 162 247 159 248 162 249 163 250 159 251 159 252 163 253 164 254 165 255 164 256 163 257 162 258 166 259 163 260 167 261 163 262 166 263</p>
        </triangles>
      </mesh>
    </geometry>
    <geometry id="ID2494-lib" name="ID2494Mesh">
      <mesh>
        <source id="ID2494-POSITION">
          <float_array id="ID2494-POSITION-array" count="576">
41.660728 5.016979 0.000000
41.708172 4.244834 1.181102
41.708172 4.244834 0.000000
41.660728 5.016979 1.181102
41.660728 5.016979 1.181102
41.660728 5.016979 0.000000
41.708172 4.244834 1.181102
41.708172 4.244834 0.000000
41.660728 5.016979 0.000000
41.708172 4.244834 0.000000
41.660728 5.016979 1.181102
41.708172 4.244834 1.181102
41.706928 5.799437 0.000000
41.706928 5.799437 1.181102
41.706928 5.799437 1.181102
41.706928 5.799437 0.000000
41.706928 5.799437 0.000000
41.706928 5.799437 1.181102
41.850510 3.572122 1.181102
41.850510 3.572122 0.000000
41.850510 3.572122 1.181102
41.850510 3.572122 0.000000
41.850510 3.572122 0.000000
41.850510 3.572122 1.181102
41.845558 6.476688 0.000000
41.845558 6.476688 1.181102
41.845558 6.476688 1.181102
41.845558 6.476688 0.000000
41.845558 6.476688 0.000000
41.845558 6.476688 1.181102
42.087749 2.998841 1.181102
42.087749 2.998841 0.000000
42.087749 2.998841 1.181102
42.087749 2.998841 0.000000
42.087749 2.998841 0.000000
42.087749 2.998841 1.181102
42.076611 7.048731 0.000000
42.076611 7.048731 1.181102
42.076611 7.048731 1.181102
42.076611 7.048731 0.000000
42.076611 7.048731 0.000000
42.076611 7.048731 1.181102
42.419868 2.524992 1.181102
42.419868 2.524992 0.000000
42.419868 2.524992 1.181102
42.419868 2.524992 0.000000
42.419868 2.524992 0.000000
42.419868 2.524992 1.181102
42.400070 7.515566 0.000000
42.400070 7.515566 1.181102
42.400070 7.515566 1.181102
42.400070 7.515566 0.000000
42.400070 7.515566 0.000000
42.400070 7.515566 1.181102
42.825031 2.153876 0.000000
42.825031 2.153876 1.181102
42.825031 2.153876 1.181102
42.825031 2.153876 0.000000
42.825031 2.153876 0.000000
42.825031 2.153876 1.181102
42.799042 7.878018 1.181102
42.799042 7.878018 0.000000
42.799042 7.878018 1.181102
42.799042 7.878018 0.000000
42.799042 7.878018 0.000000
42.799042 7.878018 1.181102
43.281342 1.888793 0.000000
43.281342 1.888793 1.181102
43.281342 1.888793 1.181102
43.281342 1.888793 0.000000
43.281342 1.888793 0.000000
43.281342 1.888793 1.181102
43.256592 8.136912 1.181102
43.256592 8.136912 0.000000
43.256592 8.136912 1.181102
43.256592 8.136912 0.000000
43.256592 8.136912 0.000000
43.256592 8.136912 1.181102
43.788818 1.729744 0.000000
43.788818 1.729744 1.181102
43.788818 1.729744 1.181102
43.788818 1.729744 0.000000
43.788818 1.729744 0.000000
43.788818 1.729744 1.181102
43.772720 8.292249 1.181102
43.772720 8.292249 0.000000
43.772720 8.292249 1.181102
43.772720 8.292249 0.000000
43.772720 8.292249 0.000000
43.772720 8.292249 1.181102
44.347450 1.676727 0.000000
44.347450 1.676727 1.181102
44.347450 1.676727 1.181102
44.347450 1.676727 0.000000
44.347450 1.676727 0.000000
44.347450 1.676727 1.181102
44.347450 8.344027 1.181102
44.347450 8.344027 0.000000
44.347450 8.344027 1.181102
44.347450 8.344027 0.000000
44.347450 8.344027 0.000000
44.347450 8.344027 1.181102
44.905460 1.729331 0.000000
44.905460 1.729331 1.181102
44.905460 1.729331 1.181102
44.905460 1.729331 0.000000
44.905460 1.729331 0.000000
44.905460 1.729331 1.181102
44.921558 8.292867 1.181102
44.921558 8.292867 0.000000
44.921558 8.292867 1.181102
44.921558 8.292867 0.000000
44.921558 8.292867 0.000000
44.921558 8.292867 1.181102
45.411079 1.887143 0.000000
45.411079 1.887143 1.181102
45.411079 1.887143 1.181102
45.411079 1.887143 0.000000
45.411079 1.887143 0.000000
45.411079 1.887143 1.181102
45.435841 8.139388 1.181102
45.435841 8.139388 0.000000
45.435841 8.139388 1.181102
45.435841 8.139388 0.000000
45.435841 8.139388 0.000000
45.435841 8.139388 1.181102
45.864300 2.150163 0.000000
45.864300 2.150163 1.181102
45.864300 2.150163 1.181102
45.864300 2.150163 0.000000
45.864300 2.150163 0.000000
45.864300 2.150163 1.181102
45.890289 7.883588 1.181102
45.890289 7.883588 0.000000
45.890289 7.883588 1.181102
45.890289 7.883588 0.000000
45.890289 7.883588 0.000000
45.890289 7.883588 1.181102
46.265121 2.518391 0.000000
46.265121 2.518391 1.181102
46.265121 2.518391 1.181102
46.265121 2.518391 0.000000
46.265121 2.518391 0.000000
46.265121 2.518391 1.181102
46.284931 7.525468 1.181102
46.284931 7.525468 0.000000
46.284931 7.525468 1.181102
46.284931 7.525468 0.000000
46.284931 7.525468 0.000000
46.284931 7.525468 1.181102
46.592918 2.991827 1.181102
46.592918 2.991827 0.000000
46.592918 2.991827 0.000000
46.592918 2.991827 1.181102
46.592918 2.991827 0.000000
46.592918 2.991827 1.181102
46.604061 7.063378 0.000000
46.604061 7.063378 1.181102
46.604061 7.063378 0.000000
46.604061 7.063378 1.181102
46.604061 7.063378 0.000000
46.604061 7.063378 1.181102
46.827061 3.570471 0.000000
46.827061 3.570471 1.181102
46.827061 3.570471 1.181102
46.827061 3.570471 0.000000
46.827061 3.570471 0.000000
46.827061 3.570471 1.181102
46.832008 6.495667 0.000000
46.832008 6.495667 1.181102
46.832008 6.495667 0.000000
46.832008 6.495667 1.181102
46.832008 6.495667 0.000000
46.832008 6.495667 1.181102
46.967541 4.254324 0.000000
46.967541 4.254324 1.181102
46.967541 4.254324 1.181102
46.967541 4.254324 0.000000
46.967541 4.254324 0.000000
46.967541 4.254324 1.181102
46.968781 5.822336 0.000000
46.968781 5.822336 1.181102
46.968781 5.822336 0.000000
46.968781 5.822336 1.181102
46.968781 5.822336 0.000000
46.968781 5.822336 1.181102
47.014370 5.043384 1.181102
47.014370 5.043384 0.000000
47.014370 5.043384 0.000000
47.014370 5.043384 1.181102
47.014370 5.043384 0.000000
47.014370 5.043384 1.181102
</float_array>
          <technique_common>
            <accessor source="#ID2494-POSITION-array" count="192" stride="3">
              <param name="X" type="float"/>
              <param name="Y" type="float"/>
              <param name="Z" type="float"/>
            </accessor>
          </technique_common>
        </source>
        <source id="ID2494-Normal0">
          <float_array id="ID2494-Normal0-array" count="1152">
0.999999 0.001192 0.000000
0.990909 0.134534 0.000000
0.990909 0.134534 0.000000
0.990909 0.134534 0.000000
0.999999 0.001192 0.000000
0.999999 0.001192 0.000000
-0.999999 -0.001192 -0.000000
-0.999999 -0.001192 -0.000000
-0.990909 -0.134534 -0.000000
-0.990909 -0.134534 -0.000000
-0.990909 -0.134534 -0.000000
-0.999999 -0.001192 -0.000000
0.991504 -0.130075 0.000000
0.999999 0.001192 0.000000
0.999999 0.001192 0.000000
0.999999 0.001192 0.000000
0.991504 -0.130075 0.000000
0.991504 -0.130075 0.000000
-0.991504 0.130075 -0.000000
-0.991504 0.130075 -0.000000
-0.999999 -0.001192 -0.000000
-0.999999 -0.001192 -0.000000
-0.999999 -0.001192 -0.000000
-0.991504 0.130075 -0.000000
0.990909 0.134534 0.000000
0.955207 0.295939 0.000000
0.955207 0.295939 0.000000
0.955207 0.295939 0.000000
0.990909 0.134534 0.000000
0.990909 0.134534 0.000000
-0.990909 -0.134534 -0.000000
-0.990909 -0.134534 -0.000000
-0.955207 -0.295939 -0.000000
-0.955207 -0.295939 -0.000000
-0.955207 -0.295939 -0.000000
-0.990909 -0.134534 -0.000000
0.957416 -0.288711 0.000000
0.991504 -0.130075 0.000000
0.991504 -0.130075 0.000000
0.991504 -0.130075 0.000000
0.957416 -0.288711 0.000000
0.957416 -0.288711 0.000000
-0.957416 0.288711 -0.000000
-0.957416 0.288711 -0.000000
-0.991504 0.130075 -0.000000
-0.991504 0.130075 -0.000000
-0.991504 0.130075 -0.000000
-0.957416 0.288711 -0.000000
0.955207 0.295939 0.000000
0.876694 0.481048 0.000000
0.876694 0.481048 0.000000
0.876694 0.481048 0.000000
0.955207 0.295939 0.000000
0.955207 0.295939 0.000000
-0.955207 -0.295939 -0.000000
-0.955207 -0.295939 -0.000000
-0.876694 -0.481048 -0.000000
-0.876694 -0.481048 -0.000000
-0.876694 -0.481048 -0.000000
-0.955207 -0.295939 -0.000000
0.880018 -0.474941 0.000000
0.957416 -0.288711 0.000000
0.957416 -0.288711 0.000000
0.957416 -0.288711 0.000000
0.880018 -0.474941 0.000000
0.880018 -0.474941 0.000000
-0.880018 0.474941 -0.000000
-0.880018 0.474941 -0.000000
-0.957416 0.288711 -0.000000
-0.957416 0.288711 -0.000000
-0.957416 0.288711 -0.000000
-0.880018 0.474941 -0.000000
0.876694 0.481048 0.000000
0.751622 0.659594 0.000000
0.751622 0.659594 0.000000
0.751622 0.659594 0.000000
0.876694 0.481048 0.000000
0.876694 0.481048 0.000000
-0.876694 -0.481048 -0.000000
-0.876694 -0.481048 -0.000000
-0.751622 -0.659594 -0.000000
-0.751622 -0.659594 -0.000000
-0.751622 -0.659594 -0.000000
-0.876694 -0.481048 -0.000000
0.752053 -0.659103 0.000000
0.880018 -0.474941 0.000000
0.880018 -0.474941 0.000000
0.880018 -0.474941 0.000000
0.752053 -0.659103 0.000000
0.752053 -0.659103 0.000000
-0.752053 0.659103 0.000000
-0.752053 0.659103 0.000000
-0.880018 0.474941 -0.000000
-0.880018 0.474941 -0.000000
-0.880018 0.474941 -0.000000
-0.752053 0.659103 0.000000
0.751622 0.659594 0.000000
0.592313 0.805708 0.000000
0.751622 0.659594 0.000000
0.592313 0.805708 0.000000
0.751622 0.659594 0.000000
0.592313 0.805708 0.000000
-0.592313 -0.805708 -0.000000
-0.751622 -0.659594 -0.000000
-0.592313 -0.805708 -0.000000
-0.751622 -0.659594 -0.000000
-0.592313 -0.805708 -0.000000
-0.751622 -0.659594 -0.000000
0.586067 -0.810263 0.000000
0.752053 -0.659103 0.000000
0.586067 -0.810263 0.000000
0.752053 -0.659103 0.000000
0.586067 -0.810263 0.000000
0.752053 -0.659103 0.000000
-0.752053 0.659103 0.000000
-0.586067 0.810263 -0.000000
-0.752053 0.659103 0.000000
-0.586067 0.810263 -0.000000
-0.752053 0.659103 0.000000
-0.586067 0.810263 -0.000000
0.592313 0.805708 0.000000
0.403186 0.915118 -0.000000
0.592313 0.805708 0.000000
0.403186 0.915118 -0.000000
0.592313 0.805708 0.000000
0.403186 0.915118 -0.000000
-0.403186 -0.915118 0.000000
-0.592313 -0.805708 -0.000000
-0.403186 -0.915118 0.000000
-0.592313 -0.805708 -0.000000
-0.403186 -0.915118 0.000000
-0.592313 -0.805708 -0.000000
0.392754 -0.919644 0.000000
0.586067 -0.810263 0.000000
0.392754 -0.919644 0.000000
0.586067 -0.810263 0.000000
0.392754 -0.919644 0.000000
0.586067 -0.810263 0.000000
-0.586067 0.810263 -0.000000
-0.392754 0.919644 -0.000000
-0.586067 0.810263 -0.000000
-0.392754 0.919644 -0.000000
-0.586067 0.810263 -0.000000
-0.392754 0.919644 -0.000000
0.403186 0.915118 -0.000000
0.197855 0.980231 -0.000000
0.403186 0.915118 -0.000000
0.197855 0.980231 -0.000000
0.403186 0.915118 -0.000000
0.197855 0.980231 -0.000000
-0.197855 -0.980231 0.000000
-0.403186 -0.915118 0.000000
-0.197855 -0.980231 0.000000
-0.403186 -0.915118 0.000000
-0.197855 -0.980231 0.000000
-0.403186 -0.915118 0.000000
0.189933 -0.981797 0.000000
0.392754 -0.919644 0.000000
0.189933 -0.981797 0.000000
0.392754 -0.919644 0.000000
0.189933 -0.981797 0.000000
0.392754 -0.919644 0.000000
-0.392754 0.919644 -0.000000
-0.189933 0.981797 -0.000000
-0.392754 0.919644 -0.000000
-0.189933 0.981797 -0.000000
-0.392754 0.919644 -0.000000
-0.189933 0.981797 -0.000000
0.197855 0.980231 -0.000000
0.000314 1.000000 0.000000
0.197855 0.980231 -0.000000
0.000314 1.000000 0.000000
0.197855 0.980231 -0.000000
0.000314 1.000000 0.000000
-0.000314 -1.000000 0.000000
-0.197855 -0.980231 0.000000
-0.000314 -1.000000 0.000000
-0.197855 -0.980231 0.000000
-0.000314 -1.000000 0.000000
-0.197855 -0.980231 0.000000
0.000487 -1.000000 0.000000
0.189933 -0.981797 0.000000
0.000487 -1.000000 0.000000
0.189933 -0.981797 0.000000
0.000487 -1.000000 0.000000
0.189933 -0.981797 0.000000
-0.189933 0.981797 -0.000000
-0.000487 1.000000 -0.000000
-0.189933 0.981797 -0.000000
-0.000487 1.000000 -0.000000
-0.189933 0.981797 -0.000000
-0.000487 1.000000 -0.000000
0.000314 1.000000 0.000000
-0.196968 0.980410 -0.000000
0.000314 1.000000 0.000000
-0.196968 0.980410 -0.000000
0.000314 1.000000 0.000000
-0.196968 0.980410 -0.000000
0.196968 -0.980410 0.000000
-0.000314 -1.000000 0.000000
0.196968 -0.980410 0.000000
-0.000314 -1.000000 0.000000
0.196968 -0.980410 0.000000
-0.000314 -1.000000 0.000000
-0.188318 -0.982108 0.000000
0.000487 -1.000000 0.000000
-0.188318 -0.982108 0.000000
0.000487 -1.000000 0.000000
-0.188318 -0.982108 0.000000
0.000487 -1.000000 0.000000
-0.000487 1.000000 -0.000000
0.188318 0.982108 -0.000000
-0.000487 1.000000 -0.000000
0.188318 0.982108 -0.000000
-0.000487 1.000000 -0.000000
0.188318 0.982108 -0.000000
-0.196968 0.980410 -0.000000
-0.402445 0.915444 -0.000000
-0.196968 0.980410 -0.000000
-0.402445 0.915444 -0.000000
-0.196968 0.980410 -0.000000
-0.402445 0.915444 -0.000000
0.402445 -0.915444 0.000000
0.196968 -0.980410 0.000000
0.402445 -0.915444 0.000000
0.196968 -0.980410 0.000000
0.402445 -0.915444 0.000000
0.196968 -0.980410 0.000000
-0.390657 -0.920536 -0.000000
-0.188318 -0.982108 0.000000
-0.390657 -0.920536 -0.000000
-0.188318 -0.982108 0.000000
-0.390657 -0.920536 -0.000000
-0.188318 -0.982108 0.000000
0.188318 0.982108 -0.000000
0.390657 0.920536 0.000000
0.188318 0.982108 -0.000000
0.390657 0.920536 0.000000
0.188318 0.982108 -0.000000
0.390657 0.920536 0.000000
-0.402445 0.915444 -0.000000
-0.592726 0.805404 0.000000
-0.402445 0.915444 -0.000000
-0.592726 0.805404 0.000000
-0.402445 0.915444 -0.000000
-0.592726 0.805404 0.000000
0.592726 -0.805404 0.000000
0.402445 -0.915444 0.000000
0.592726 -0.805404 0.000000
0.402445 -0.915444 0.000000
0.592726 -0.805404 0.000000
0.402445 -0.915444 0.000000
-0.584935 -0.811080 0.000000
-0.390657 -0.920536 -0.000000
-0.584935 -0.811080 0.000000
-0.390657 -0.920536 -0.000000
-0.584935 -0.811080 0.000000
-0.390657 -0.920536 -0.000000
0.390657 0.920536 0.000000
0.584935 0.811080 0.000000
0.390657 0.920536 0.000000
0.584935 0.811080 0.000000
0.390657 0.920536 0.000000
0.584935 0.811080 0.000000
-0.592726 0.805404 0.000000
-0.753996 0.656879 -0.000000
-0.592726 0.805404 0.000000
-0.753996 0.656879 -0.000000
-0.592726 0.805404 0.000000
-0.753996 0.656879 -0.000000
0.753996 -0.656879 0.000000
0.592726 -0.805404 0.000000
0.753996 -0.656879 0.000000
0.592726 -0.805404 0.000000
0.753996 -0.656879 0.000000
0.592726 -0.805404 0.000000
-0.752375 -0.658735 0.000000
-0.584935 -0.811080 0.000000
-0.752375 -0.658735 0.000000
-0.584935 -0.811080 0.000000
-0.752375 -0.658735 0.000000
-0.584935 -0.811080 0.000000
0.584935 0.811080 0.000000
0.752375 0.658735 0.000000
0.584935 0.811080 0.000000
0.752375 0.658735 0.000000
0.584935 0.811080 0.000000
0.752375 0.658735 0.000000
-0.879948 0.475069 -0.000000
-0.753996 0.656879 -0.000000
-0.753996 0.656879 -0.000000
-0.753996 0.656879 -0.000000
-0.879948 0.475069 -0.000000
-0.879948 0.475069 -0.000000
0.879948 -0.475069 0.000000
0.879948 -0.475069 0.000000
0.753996 -0.656879 0.000000
0.753996 -0.656879 0.000000
0.753996 -0.656879 0.000000
0.879948 -0.475069 0.000000
-0.752375 -0.658735 0.000000
-0.880863 -0.473371 -0.000000
-0.880863 -0.473371 -0.000000
-0.880863 -0.473371 -0.000000
-0.752375 -0.658735 0.000000
-0.752375 -0.658735 0.000000
0.752375 0.658735 0.000000
0.752375 0.658735 0.000000
0.880863 0.473371 0.000000
0.880863 0.473371 0.000000
0.880863 0.473371 0.000000
0.752375 0.658735 0.000000
-0.879948 0.475069 -0.000000
-0.957222 0.289355 -0.000000
-0.879948 0.475069 -0.000000
-0.957222 0.289355 -0.000000
-0.879948 0.475069 -0.000000
-0.957222 0.289355 -0.000000
0.957222 -0.289355 0.000000
0.879948 -0.475069 0.000000
0.957222 -0.289355 0.000000
0.879948 -0.475069 0.000000
0.957222 -0.289355 0.000000
0.879948 -0.475069 0.000000
-0.880863 -0.473371 -0.000000
-0.957926 -0.287016 0.000000
-0.957926 -0.287016 0.000000
-0.957926 -0.287016 0.000000
-0.880863 -0.473371 -0.000000
-0.880863 -0.473371 -0.000000
0.880863 0.473371 0.000000
0.880863 0.473371 0.000000
0.957926 0.287016 -0.000000
0.957926 0.287016 -0.000000
0.957926 0.287016 -0.000000
0.880863 0.473371 0.000000
-0.957222 0.289355 -0.000000
-0.991439 0.130570 -0.000000
-0.957222 0.289355 -0.000000
-0.991439 0.130570 -0.000000
-0.957222 0.289355 -0.000000
-0.991439 0.130570 -0.000000
0.991439 -0.130570 0.000000
0.957222 -0.289355 0.000000
0.991439 -0.130570 0.000000
0.957222 -0.289355 0.000000
0.991439 -0.130570 0.000000
0.957222 -0.289355 0.000000
-0.957926 -0.287016 0.000000
-0.991636 -0.129069 -0.000000
-0.991636 -0.129069 -0.000000
-0.991636 -0.129069 -0.000000
-0.957926 -0.287016 0.000000
-0.957926 -0.287016 0.000000
0.957926 0.287016 -0.000000
0.957926 0.287016 -0.000000
0.991636 0.129069 0.000000
0.991636 0.129069 0.000000
0.991636 0.129069 0.000000
0.957926 0.287016 -0.000000
-1.000000 0.000408 -0.000000
-0.991439 0.130570 -0.000000
-0.991439 0.130570 -0.000000
-0.991439 0.130570 -0.000000
-1.000000 0.000408 -0.000000
-1.000000 0.000408 -0.000000
1.000000 -0.000408 0.000000
1.000000 -0.000408 0.000000
0.991439 -0.130570 0.000000
0.991439 -0.130570 0.000000
0.991439 -0.130570 0.000000
1.000000 -0.000408 0.000000
-0.991636 -0.129069 -0.000000
-1.000000 0.000408 -0.000000
-1.000000 0.000408 -0.000000
-1.000000 0.000408 -0.000000
-0.991636 -0.129069 -0.000000
-0.991636 -0.129069 -0.000000
0.991636 0.129069 0.000000
0.991636 0.129069 0.000000
1.000000 -0.000408 0.000000
1.000000 -0.000408 0.000000
1.000000 -0.000408 0.000000
0.991636 0.129069 0.000000
</float_array>
          <technique_common>
            <accessor source="#ID2494-Normal0-array" count="384" stride="3">
              <param name="X" type="float"/>
              <param name="Y" type="float"/>
              <param name="Z" type="float"/>
            </accessor>
          </technique_common>
        </source>
        <vertices id="ID2494-VERTEX">
          <input semantic="POSITION" source="#ID2494-POSITION"/>
        </vertices>
        <triangles count="128" material="MaterialFBXASC032FBXASC0352">
          <input semantic="VERTEX" offset="0" source="#ID2494-VERTEX"/>
          <input semantic="NORMAL" offset="1" source="#ID2494-Normal0"/>
          <p> 0 0 1 1 2 2 1 3 0 4 3 5 4 6 5 7 6 8 7 9 6 10 5 11 12 12 3 13 0 14 3 15 12 16 13 17 14 18 15 19 4 20 5 21 4 22 15 23 2 24 18 25 19 26 18 27 2 28 1 29 6 30 7 31 20 32 21 33 20 34 7 35 24 36 13 37 12 38 13 39 24 40 25 41 26 42 27 43 14 44 15 45 14 46 27 47 19 48 30 49 31 50 30 51 19 52 18 53 20 54 21 55 32 56 33 57 32 58 21 59 36 60 25 61 24 62 25 63 36 64 37 65 38 66 39 67 26 68 27 69 26 70 39 71 31 72 42 73 43 74 42 75 31 76 30 77 32 78 33 79 44 80 45 81 44 82 33 83 48 84 37 85 36 86 37 87 48 88 49 89 50 90 51 91 38 92 39 93 38 94 51 95 42 96 54 97 43 98 54 99 42 100 55 101 56 102 44 103 57 104 45 105 57 106 44 107 60 108 48 109 61 110 48 111 60 112 49 113 50 114 62 115 51 116 63 117 51 118 62 119 55 120 66 121 54 122 66 123 55 124 67 125 68 126 56 127 69 128 57 129 69 130 56 131 72 132 61 133 73 134 61 135 72 136 60 137 62 138 74 139 63 140 75 141 63 142 74 143 67 144 78 145 66 146 78 147 67 148 79 149 80 150 68 151 81 152 69 153 81 154 68 155 84 156 73 157 85 158 73 159 84 160 72 161 74 162 86 163 75 164 87 165 75 166 86 167 79 168 90 169 78 170 90 171 79 172 91 173 92 174 80 175 93 176 81 177 93 178 80 179 96 180 85 181 97 182 85 183 96 184 84 185 86 186 98 187 87 188 99 189 87 190 98 191 91 192 102 193 90 194 102 195 91 196 103 197 104 198 92 199 105 200 93 201 105 202 92 203 108 204 97 205 109 206 97 207 108 208 96 209 98 210 110 211 99 212 111 213 99 214 110 215 103 216 114 217 102 218 114 219 103 220 115 221 116 222 104 223 117 224 105 225 117 226 104 227 120 228 109 229 121 230 109 231 120 232 108 233 110 234 122 235 111 236 123 237 111 238 122 239 115 240 126 241 114 242 126 243 115 244 127 245 128 246 116 247 129 248 117 249 129 250 116 251 132 252 121 253 133 254 121 255 132 256 120 257 122 258 134 259 123 260 135 261 123 262 134 263 127 264 138 265 126 266 138 267 127 268 139 269 140 270 128 271 141 272 129 273 141 274 128 275 144 276 133 277 145 278 133 279 144 280 132 281 134 282 146 283 135 284 147 285 135 286 146 287 150 288 138 289 139 290 138 291 150 292 151 293 152 294 153 295 141 296 140 297 141 298 153 299 144 300 156 301 157 302 156 303 144 304 145 305 147 306 146 307 158 308 159 309 158 310 146 311 150 312 162 313 151 314 162 315 150 316 163 317 164 318 153 319 165 320 152 321 165 322 153 323 157 324 168 325 169 326 168 327 157 328 156 329 158 330 159 331 170 332 171 333 170 334 159 335 163 336 174 337 162 338 174 339 163 340 175 341 176 342 164 343 177 344 165 345 177 346 164 347 169 348 180 349 181 350 180 351 169 352 168 353 170 354 171 355 182 356 183 357 182 358 171 359 186 360 174 361 175 362 174 363 186 364 187 365 188 366 189 367 177 368 176 369 177 370 189 371 181 372 187 373 186 374 187 375 181 376 180 377 182 378 183 379 188 380 189 381 188 382 183 383</p>
        </triangles>
      </mesh>
    </geometry>
  </library_geometries>
  <library_visual_scenes>
    <visual_scene id="letras" name="letras">
      <node name="MUSEO_JUMEX_1" id="MUSEO_JUMEX_1" sid="MUSEO_JUMEX_1">
        <matrix sid="matrix">0.000000 0.000000 0.215000 27.225332 -0.000000 0.215000 -0.000000 19.406439 -0.215000 0.000000 0.000000 119.014038 0.000000 0.000000 0.000000 1.000000</matrix>
        <instance_geometry url="#MUSEO_JUMEX_1-lib">
          <bind_material>
            <technique_common>
              <instance_material symbol="MaterialFBXASC032FBXASC0352" target="#MaterialFBXASC032FBXASC0352"/>
            </technique_common>
          </bind_material>
        </instance_geometry>
        <extra>
          <technique profile="FCOLLADA">
            <visibility>1.000000</visibility>
          </technique>
        </extra>
        <node name="ID2422" id="ID2422" sid="ID2422">
          <matrix sid="matrix">1.000000 -0.000000 -0.000000 0.000000 0.000000 1.000000 0.000000 0.000000 0.000000 -0.000000 1.000000 0.000000 0.000000 0.000000 0.000000 1.000000</matrix>
          <instance_geometry url="#ID2422-lib">
            <bind_material>
              <technique_common>
                <instance_material symbol="MaterialFBXASC032FBXASC0352" target="#MaterialFBXASC032FBXASC0352"/>
              </technique_common>
            </bind_material>
          </instance_geometry>
          <extra>
            <technique profile="FCOLLADA">
              <visibility>1.000000</visibility>
            </technique>
          </extra>
        </node>
        <node name="ID2430" id="ID2430" sid="ID2430">
          <matrix sid="matrix">1.000000 -0.000000 -0.000000 0.000000 0.000000 1.000000 0.000000 0.000000 0.000000 -0.000000 1.000000 0.000000 0.000000 0.000000 0.000000 1.000000</matrix>
          <instance_geometry url="#ID2430-lib">
            <bind_material>
              <technique_common>
                <instance_material symbol="MaterialFBXASC032FBXASC0352" target="#MaterialFBXASC032FBXASC0352"/>
              </technique_common>
            </bind_material>
          </instance_geometry>
          <extra>
            <technique profile="FCOLLADA">
              <visibility>1.000000</visibility>
            </technique>
          </extra>
        </node>
        <node name="ID2438" id="ID2438" sid="ID2438">
          <matrix sid="matrix">1.000000 -0.000000 -0.000000 0.000000 0.000000 1.000000 0.000000 0.000000 0.000000 -0.000000 1.000000 0.000000 0.000000 0.000000 0.000000 1.000000</matrix>
          <instance_geometry url="#ID2438-lib">
            <bind_material>
              <technique_common>
                <instance_material symbol="MaterialFBXASC032FBXASC0352" target="#MaterialFBXASC032FBXASC0352"/>
              </technique_common>
            </bind_material>
          </instance_geometry>
          <extra>
            <technique profile="FCOLLADA">
              <visibility>1.000000</visibility>
            </technique>
          </extra>
        </node>
        <node name="ID2446" id="ID2446" sid="ID2446">
          <matrix sid="matrix">1.000000 -0.000000 -0.000000 0.000000 0.000000 1.000000 0.000000 0.000000 0.000000 -0.000000 1.000000 0.000000 0.000000 0.000000 0.000000 1.000000</matrix>
          <instance_geometry url="#ID2446-lib">
            <bind_material>
              <technique_common>
                <instance_material symbol="MaterialFBXASC032FBXASC0352" target="#MaterialFBXASC032FBXASC0352"/>
              </technique_common>
            </bind_material>
          </instance_geometry>
          <extra>
            <technique profile="FCOLLADA">
              <visibility>1.000000</visibility>
            </technique>
          </extra>
        </node>
        <node name="ID2454" id="ID2454" sid="ID2454">
          <matrix sid="matrix">1.000000 -0.000000 -0.000000 0.000000 0.000000 1.000000 0.000000 0.000000 0.000000 -0.000000 1.000000 0.000000 0.000000 0.000000 0.000000 1.000000</matrix>
          <instance_geometry url="#ID2454-lib">
            <bind_material>
              <technique_common>
                <instance_material symbol="MaterialFBXASC032FBXASC0352" target="#MaterialFBXASC032FBXASC0352"/>
              </technique_common>
            </bind_material>
          </instance_geometry>
          <extra>
            <technique profile="FCOLLADA">
              <visibility>1.000000</visibility>
            </technique>
          </extra>
        </node>
        <node name="ID2462" id="ID2462" sid="ID2462">
          <matrix sid="matrix">1.000000 -0.000000 -0.000000 0.000000 0.000000 1.000000 0.000000 0.000000 0.000000 -0.000000 1.000000 0.000000 0.000000 0.000000 0.000000 1.000000</matrix>
          <instance_geometry url="#ID2462-lib">
            <bind_material>
              <technique_common>
                <instance_material symbol="MaterialFBXASC032FBXASC0352" target="#MaterialFBXASC032FBXASC0352"/>
              </technique_common>
            </bind_material>
          </instance_geometry>
          <extra>
            <technique profile="FCOLLADA">
              <visibility>1.000000</visibility>
            </technique>
          </extra>
        </node>
        <node name="ID2470" id="ID2470" sid="ID2470">
          <matrix sid="matrix">1.000000 -0.000000 -0.000000 0.000000 0.000000 1.000000 0.000000 0.000000 0.000000 -0.000000 1.000000 0.000000 0.000000 0.000000 0.000000 1.000000</matrix>
          <instance_geometry url="#ID2470-lib">
            <bind_material>
              <technique_common>
                <instance_material symbol="MaterialFBXASC032FBXASC0352" target="#MaterialFBXASC032FBXASC0352"/>
              </technique_common>
            </bind_material>
          </instance_geometry>
          <extra>
            <technique profile="FCOLLADA">
              <visibility>1.000000</visibility>
            </technique>
          </extra>
        </node>
        <node name="ID2478" id="ID2478" sid="ID2478">
          <matrix sid="matrix">1.000000 -0.000000 -0.000000 0.000000 0.000000 1.000000 0.000000 0.000000 0.000000 -0.000000 1.000000 0.000000 0.000000 0.000000 0.000000 1.000000</matrix>
          <instance_geometry url="#ID2478-lib">
            <bind_material>
              <technique_common>
                <instance_material symbol="MaterialFBXASC032FBXASC0352" target="#MaterialFBXASC032FBXASC0352"/>
              </technique_common>
            </bind_material>
          </instance_geometry>
          <extra>
            <technique profile="FCOLLADA">
              <visibility>1.000000</visibility>
            </technique>
          </extra>
        </node>
        <node name="ID2486" id="ID2486" sid="ID2486">
          <matrix sid="matrix">1.000000 -0.000000 -0.000000 0.000000 0.000000 1.000000 0.000000 0.000000 0.000000 -0.000000 1.000000 0.000000 0.000000 0.000000 0.000000 1.000000</matrix>
          <instance_geometry url="#ID2486-lib">
            <bind_material>
              <technique_common>
                <instance_material symbol="MaterialFBXASC032FBXASC0352" target="#MaterialFBXASC032FBXASC0352"/>
              </technique_common>
            </bind_material>
          </instance_geometry>
          <extra>
            <technique profile="FCOLLADA">
              <visibility>1.000000</visibility>
            </technique>
          </extra>
        </node>
        <node name="ID2494" id="ID2494" sid="ID2494">
          <matrix sid="matrix">1.000000 -0.000000 -0.000000 0.000000 0.000000 1.000000 0.000000 0.000000 0.000000 -0.000000 1.000000 0.000000 0.000000 0.000000 0.000000 1.000000</matrix>
          <instance_geometry url="#ID2494-lib">
            <bind_material>
              <technique_common>
                <instance_material symbol="MaterialFBXASC032FBXASC0352" target="#MaterialFBXASC032FBXASC0352"/>
              </technique_common>
            </bind_material>
          </instance_geometry>
          <extra>
            <technique profile="FCOLLADA">
              <visibility>1.000000</visibility>
            </technique>
          </extra>
        </node>
      </node>
      <extra>
        <technique profile="MAX3D">
          <frame_rate>30.000000</frame_rate>
        </technique>
        <technique profile="FCOLLADA">
          <start_time>0.000000</start_time>
          <end_time>3.333333</end_time>
        </technique>
      </extra>
    </visual_scene>
  </library_visual_scenes>
  <scene>
    <instance_visual_scene url="#letras"/>
  </scene>
</COLLADA>
