<?xml version="1.0" encoding="utf-8"?>
<COLLADA xmlns="http://www.collada.org/2005/11/COLLADASchema" version="1.4.1">
  <asset>
    <contributor>
      <author/>
      <authoring_tool>FBX COLLADA exporter</authoring_tool>
      <comments/>
    </contributor>
    <created>2025-10-29T20:45:29Z</created>
    <keywords/>
    <modified>2025-10-29T20:45:29Z</modified>
    <revision/>
    <subject/>
    <title/>
    <unit meter="0.025400" name="centimeter"/>
    <up_axis>Y_UP</up_axis>
  </asset>
  <library_images>
    <image id="ID2162-image" name="ID2162">
      <init_from>WALL.jpg</init_from>
    </image>
  </library_images>
  <library_materials>
    <material id="CARTON_1" name="CARTON_1">
      <instance_effect url="#CARTON_1-fx"/>
    </material>
    <material id="CARTULINA" name="CARTULINA">
      <instance_effect url="#CARTULINA-fx"/>
    </material>
    <material id="material" name="material">
      <instance_effect url="#material-fx"/>
    </material>
    <material id="material_0" name="material_0">
      <instance_effect url="#material_0-fx"/>
    </material>
    <material id="material_2" name="material_2">
      <instance_effect url="#material_2-fx"/>
    </material>
  </library_materials>
  <library_effects>
    <effect id="CARTON_1-fx" name="CARTON_1">
      <profile_COMMON>
        <technique sid="standard">
          <phong>
            <emission>
              <color sid="emission">0.000000  0.000000 0.000000 1.000000</color>
            </emission>
            <ambient>
              <color sid="ambient">0.800000  0.800000 0.800000 1.000000</color>
            </ambient>
            <diffuse>
              <texture texture="ID2162-image" texcoord="CHANNEL0">
                <extra>
                  <technique profile="MAYA">
                    <wrapU sid="wrapU0">TRUE</wrapU>
                    <wrapV sid="wrapV0">TRUE</wrapV>
                    <blend_mode>ADD</blend_mode>
                  </technique>
                </extra>
              </texture>
            </diffuse>
            <specular>
              <color sid="specular">0.000000  0.000000 0.000000 1.000000</color>
            </specular>
            <shininess>
              <float sid="shininess">1024.000000</float>
            </shininess>
            <transparency>
              <float sid="transparency">0.000000</float>
            </transparency>
          </phong>
        </technique>
      </profile_COMMON>
    </effect>
    <effect id="CARTULINA-fx" name="CARTULINA">
      <profile_COMMON>
        <technique sid="standard">
          <phong>
            <emission>
              <color sid="emission">0.000000  0.000000 0.000000 1.000000</color>
            </emission>
            <ambient>
              <color sid="ambient">0.886275  0.874510 0.843137 1.000000</color>
            </ambient>
            <diffuse>
              <color sid="diffuse">0.886275  0.874510 0.843137 1.000000</color>
            </diffuse>
            <specular>
              <color sid="specular">0.000000  0.000000 0.000000 1.000000</color>
            </specular>
            <shininess>
              <float sid="shininess">1024.000000</float>
            </shininess>
            <transparency>
              <float sid="transparency">0.000000</float>
            </transparency>
          </phong>
        </technique>
      </profile_COMMON>
    </effect>
    <effect id="material-fx" name="material">
      <profile_COMMON>
        <technique sid="standard">
          <phong>
            <emission>
              <color sid="emission">0.000000  0.000000 0.000000 1.000000</color>
            </emission>
            <ambient>
              <color sid="ambient">1.000000  1.000000 1.000000 1.000000</color>
            </ambient>
            <diffuse>
              <color sid="diffuse">1.000000  1.000000 1.000000 1.000000</color>
            </diffuse>
            <specular>
              <color sid="specular">0.000000  0.000000 0.000000 1.000000</color>
            </specular>
            <shininess>
              <float sid="shininess">1024.000000</float>
            </shininess>
            <transparency>
              <float sid="transparency">0.000000</float>
            </transparency>
          </phong>
        </technique>
      </profile_COMMON>
    </effect>
    <effect id="material_0-fx" name="material_0">
      <profile_COMMON>
        <technique sid="standard">
          <phong>
            <emission>
              <color sid="emission">0.000000  0.000000 0.000000 1.000000</color>
            </emission>
            <ambient>
              <color sid="ambient">0.670588  0.690196 0.800000 1.000000</color>
            </ambient>
            <diffuse>
              <color sid="diffuse">0.670588  0.690196 0.800000 1.000000</color>
            </diffuse>
            <specular>
              <color sid="specular">0.000000  0.000000 0.000000 1.000000</color>
            </specular>
            <shininess>
              <float sid="shininess">1024.000000</float>
            </shininess>
            <transparency>
              <float sid="transparency">0.000000</float>
            </transparency>
          </phong>
        </technique>
      </profile_COMMON>
    </effect>
    <effect id="material_2-fx" name="material_2">
      <profile_COMMON>
        <technique sid="standard">
          <phong>
            <emission>
              <color sid="emission">0.000000  0.000000 0.000000 1.000000</color>
            </emission>
            <ambient>
              <color sid="ambient">0.113725  0.113725 0.113725 1.000000</color>
            </ambient>
            <diffuse>
              <color sid="diffuse">0.113725  0.113725 0.113725 1.000000</color>
            </diffuse>
            <specular>
              <color sid="specular">0.000000  0.000000 0.000000 1.000000</color>
            </specular>
            <shininess>
              <float sid="shininess">1024.000000</float>
            </shininess>
            <transparency>
              <float sid="transparency">0.005767</float>
            </transparency>
          </phong>
        </technique>
      </profile_COMMON>
    </effect>
  </library_effects>
  <library_geometries>
    <geometry id="ID3006-lib" name="ID3006Mesh">
      <mesh>
        <source id="ID3006-POSITION">
          <float_array id="ID3006-POSITION-array" count="12933">
-3.489455 158.615891 -105.555084
3.576142 89.852303 -106.934105
3.597115 158.614227 -105.580399
-3.510428 89.853966 -106.908791
-3.510428 89.853966 -106.908791
-3.489455 158.615891 -105.555084
3.576142 89.852303 -106.934105
3.597115 158.614227 -105.580399
-3.489455 158.615891 -105.555084
-3.510428 89.853966 -106.908791
3.576142 89.852303 -106.934105
3.597115 158.614227 -105.580399
-3.510428 89.853966 -106.908791
-3.511328 154.326645 -111.396698
-3.531410 88.485352 -112.692909
-3.489455 158.615891 -105.555084
-4.020316 196.801620 -256.677277
-4.013610 202.356506 -255.164948
-4.013610 202.356506 -255.164948
-3.489455 158.615891 -105.555084
-4.020316 196.801620 -256.677277
-3.511328 154.326645 -111.396698
-3.510428 89.853966 -106.908791
-3.531410 88.485352 -112.692909
-4.020316 196.801620 -256.677277
-4.013610 202.356506 -255.164948
-3.511328 154.326645 -111.396698
-3.531410 88.485352 -112.692909
-3.531410 88.485352 -112.692909
3.576142 89.852303 -106.934105
-3.510428 89.853966 -106.908791
3.555159 88.483688 -112.718224
2.767762 88.483871 -112.715416
2.767762 88.483871 -112.715416
-3.531410 88.485352 -112.692909
3.555159 88.483688 -112.718224
3.576142 89.852303 -106.934105
-3.510428 89.853966 -106.908791
2.767762 88.483871 -112.715416
3.555159 88.483688 -112.718224
3.072959 202.354843 -255.190262
-3.489455 158.615891 -105.555084
3.597115 158.614227 -105.580399
-4.013610 202.356506 -255.164948
-4.013610 202.356506 -255.164948
3.072959 202.354843 -255.190262
-3.489455 158.615891 -105.555084
3.597115 158.614227 -105.580399
3.072959 202.354843 -255.190262
0.310364 196.800613 -256.692749
3.072959 202.354843 -255.190262
3.066253 196.799957 -256.702606
-4.013610 202.356506 -255.164948
-4.020316 196.801620 -256.677277
-4.020316 196.801620 -256.677277
0.310364 196.800613 -256.692749
-4.013610 202.356506 -255.164948
3.072959 202.354843 -255.190262
3.066253 196.799957 -256.702606
3.066253 196.799957 -256.702606
0.310364 196.800613 -256.692749
-4.020316 196.801620 -256.677277
0.819353 154.325638 -111.412170
-3.511328 154.326645 -111.396698
0.310364 196.800613 -256.692749
0.310364 196.800613 -256.692749
-4.020316 196.801620 -256.677277
0.819353 154.325638 -111.412170
-3.511328 154.326645 -111.396698
0.819353 154.325638 -111.412170
-3.531410 88.485352 -112.692909
2.768278 90.174858 -112.682121
2.767762 88.483871 -112.715416
1.980882 90.175041 -112.679306
1.981530 92.300926 -112.637459
1.390983 92.301071 -112.635345
1.391631 94.426956 -112.593491
0.801083 94.427094 -112.591385
-3.511328 154.326645 -111.396698
0.819353 154.325638 -111.412170
-3.531410 88.485352 -112.692909
0.801083 94.427094 -112.591385
-3.511328 154.326645 -111.396698
0.819353 154.325638 -111.412170
1.391631 94.426956 -112.593491
1.390983 92.301071 -112.635345
1.981530 92.300926 -112.637459
1.980882 90.175041 -112.679306
2.768278 90.174858 -112.682121
2.767762 88.483871 -112.715416
0.801083 94.427094 -112.591385
1.391631 94.426956 -112.593491
1.390983 92.301071 -112.635345
1.981530 92.300926 -112.637459
1.980882 90.175041 -112.679306
2.768278 90.174858 -112.682121
2.602527 13.326555 -374.467072
2.686349 220.715302 -364.627014
3.036135 45.391617 -255.186554
2.670312 235.561935 -370.091949
3.039121 55.182430 -254.993790
3.200316 65.696480 -210.558334
3.343538 75.038155 -171.077560
3.550105 88.511581 -114.134781
3.571088 89.880196 -108.350662
3.048517 186.424545 -260.986176
3.048629 186.414734 -260.954132
3.592061 158.642105 -106.996956
3.051506 188.812927 -260.306213
2.928645 199.546829 -295.406219
2.689726 231.788040 -364.409027
2.886209 217.545349 -308.468414
2.882911 214.910202 -309.218597
3.067905 202.382736 -256.606842
3.061200 196.827850 -258.119171
3.196182 52.142677 -210.825165
3.197203 55.488480 -210.759308
3.197203 55.488480 -210.759308
3.036135 45.391617 -255.186554
3.196182 52.142677 -210.825165
2.602527 13.326555 -374.467072
3.061200 196.827850 -258.119171
3.048629 186.414734 -260.954132
3.067905 202.382736 -256.606842
3.592061 158.642105 -106.996956
2.670312 235.561935 -370.091949
2.689726 231.788040 -364.409027
2.886209 217.545349 -308.468414
2.882911 214.910202 -309.218597
2.686349 220.715302 -364.627014
2.928645 199.546829 -295.406219
3.051506 188.812927 -260.306213
3.048517 186.424545 -260.986176
3.571088 89.880196 -108.350662
3.550105 88.511581 -114.134781
3.343538 75.038155 -171.077560
3.200316 65.696480 -210.558334
3.039121 55.182430 -254.993790
3.039121 55.182430 -254.993790
3.036135 45.391617 -255.186554
3.197203 55.488480 -210.759308
3.196182 52.142677 -210.825165
2.602527 13.326555 -374.467072
2.670312 235.561935 -370.091949
2.886209 217.545349 -308.468414
2.882911 214.910202 -309.218597
2.689726 231.788040 -364.409027
2.686349 220.715302 -364.627014
2.928645 199.546829 -295.406219
3.051506 188.812927 -260.306213
3.048517 186.424545 -260.986176
3.048629 186.414734 -260.954132
3.061200 196.827850 -258.119171
3.067905 202.382736 -256.606842
3.592061 158.642105 -106.996956
3.571088 89.880196 -108.350662
3.550105 88.511581 -114.134781
3.343538 75.038155 -171.077560
3.200316 65.696480 -210.558334
0.283232 55.183075 -254.983932
3.036135 45.391617 -255.186554
3.039121 55.182430 -254.993790
0.280246 45.392262 -255.176697
0.280246 45.392262 -255.176697
0.283232 55.183075 -254.983932
3.036135 45.391617 -255.186554
3.039121 55.182430 -254.993790
0.283232 55.183075 -254.983932
0.280246 45.392262 -255.176697
3.039121 55.182430 -254.993790
3.197203 55.488480 -210.759308
3.036135 45.391617 -255.186554
3.200316 65.696480 -210.558334
3.200316 65.696480 -210.558334
3.039121 55.182430 -254.993790
3.197203 55.488480 -210.759308
3.036135 45.391617 -255.186554
0.280246 45.392262 -255.176697
3.197203 55.488480 -210.759308
3.036135 45.391617 -255.186554
3.036135 45.391617 -255.186554
3.197203 55.488480 -210.759308
0.280246 45.392262 -255.176697
2.928645 199.546829 -295.406219
0.295617 188.813583 -260.296356
3.051506 188.812927 -260.306213
3.051506 188.812927 -260.306213
0.295617 188.813583 -260.296356
2.928645 199.546829 -295.406219
0.295617 188.813583 -260.296356
3.048629 186.414734 -260.954132
3.051506 188.812927 -260.306213
3.061200 196.827850 -258.119171
3.048517 186.424545 -260.986176
2.928645 199.546829 -295.406219
3.067905 202.382736 -256.606842
2.945003 212.638962 -291.686829
2.945003 212.638962 -291.686829
2.928645 199.546829 -295.406219
3.067905 202.382736 -256.606842
3.061200 196.827850 -258.119171
3.051506 188.812927 -260.306213
3.048517 186.424545 -260.986176
3.048629 186.414734 -260.954132
2.945003 212.638962 -291.686829
3.048517 186.424545 -260.986176
0.292740 186.415390 -260.944275
3.048629 186.414734 -260.954132
0.292628 186.425201 -260.976318
0.292628 186.425201 -260.976318
3.048517 186.424545 -260.986176
0.292740 186.415390 -260.944275
3.048629 186.414734 -260.954132
0.292740 186.415390 -260.944275
0.292628 186.425201 -260.976318
3.048629 186.414734 -260.954132
0.305311 196.828506 -258.109314
3.061200 196.827850 -258.119171
0.292740 186.415390 -260.944275
0.292740 186.415390 -260.944275
3.048629 186.414734 -260.954132
0.305311 196.828506 -258.109314
3.061200 196.827850 -258.119171
0.305311 196.828506 -258.109314
2.556141 75.038338 -171.074738
3.550105 88.511581 -114.134781
2.762708 88.511765 -114.131973
3.343538 75.038155 -171.077560
3.343538 75.038155 -171.077560
2.556141 75.038338 -171.074738
3.550105 88.511581 -114.134781
2.762708 88.511765 -114.131973
2.762708 88.511765 -114.131973
2.556141 75.038338 -171.074738
3.039121 55.182430 -254.993790
3.200316 65.696480 -210.558334
0.283232 55.183075 -254.983932
0.283232 55.183075 -254.983932
3.200316 65.696480 -210.558334
3.039121 55.182430 -254.993790
0.283232 55.183075 -254.983932
0.144601 46.140846 -293.199188
0.280246 45.392262 -255.176697
0.305311 196.828506 -258.109314
0.292740 186.415390 -260.944275
0.814299 154.353531 -112.828728
-0.131222 18.488466 -368.598389
-0.070327 218.135132 -364.667969
0.146414 52.083603 -293.082214
0.589462 80.981560 -170.950699
0.796029 94.454987 -114.007942
0.292628 186.425201 -260.976318
0.814299 154.353531 -112.828728
0.796029 94.454987 -114.007942
0.292740 186.415390 -260.944275
0.292628 186.425201 -260.976318
-0.070327 218.135132 -364.667969
0.589462 80.981560 -170.950699
0.146414 52.083603 -293.082214
0.144601 46.140846 -293.199188
0.280246 45.392262 -255.176697
-0.131222 18.488466 -368.598389
0.305311 196.828506 -258.109314
0.283232 55.183075 -254.983932
0.814299 154.353531 -112.828728
-0.070327 218.135132 -364.667969
-0.131222 18.488466 -368.598389
0.144601 46.140846 -293.199188
0.146414 52.083603 -293.082214
0.589462 80.981560 -170.950699
0.796029 94.454987 -114.007942
3.197203 55.488480 -210.759308
0.283232 55.183075 -254.983932
0.280246 45.392262 -255.176697
3.200316 65.696480 -210.558334
3.200316 65.696480 -210.558334
3.197203 55.488480 -210.759308
0.283232 55.183075 -254.983932
0.280246 45.392262 -255.176697
0.312001 202.384796 -256.601471
0.295617 188.813583 -260.296356
2.928645 199.546829 -295.406219
2.928645 199.546829 -295.406219
0.295617 188.813583 -260.296356
0.312001 202.384796 -256.601471
0.312001 202.384796 -256.601471
2.762708 88.511765 -114.131973
2.556655 76.722755 -171.041580
2.556141 75.038338 -171.074738
2.763224 90.202751 -114.098679
2.763224 90.202751 -114.098679
2.762708 88.511765 -114.131973
2.556655 76.722755 -171.041580
2.556141 75.038338 -171.074738
2.763224 90.202751 -114.098679
2.556655 76.722755 -171.041580
0.589462 80.981560 -170.950699
1.386578 94.454849 -114.010048
0.796029 94.454987 -114.007942
1.180010 80.981422 -170.952820
1.180010 80.981422 -170.952820
0.589462 80.981560 -170.950699
1.386578 94.454849 -114.010048
0.796029 94.454987 -114.007942
1.180010 80.981422 -170.952820
1.386578 94.454849 -114.010048
2.945003 212.638962 -291.686829
0.312001 202.384796 -256.601471
2.928645 199.546829 -295.406219
2.928645 199.546829 -295.406219
0.312001 202.384796 -256.601471
2.945003 212.638962 -291.686829
1.769259 76.722939 -171.038773
2.763224 90.202751 -114.098679
1.975828 90.202934 -114.095863
2.556655 76.722755 -171.041580
2.556655 76.722755 -171.041580
1.769259 76.722939 -171.038773
2.763224 90.202751 -114.098679
1.975828 90.202934 -114.095863
1.975828 90.202934 -114.095863
1.769259 76.722939 -171.038773
1.385929 92.328964 -114.051903
1.180010 80.981422 -170.952820
1.179360 78.848976 -170.994812
1.386578 94.454849 -114.010048
1.386578 94.454849 -114.010048
1.385929 92.328964 -114.051903
1.180010 80.981422 -170.952820
1.179360 78.848976 -170.994812
1.179360 78.848976 -170.994812
1.385929 92.328964 -114.051903
2.945003 212.638962 -291.686829
3.067905 202.382736 -256.606842
0.312001 202.384796 -256.601471
0.312001 202.384796 -256.601471
3.067905 202.382736 -256.606842
2.945003 212.638962 -291.686829
1.975828 90.202934 -114.095863
1.769907 78.848831 -170.996918
1.769259 76.722939 -171.038773
1.976477 92.328819 -114.054016
1.976477 92.328819 -114.054016
1.975828 90.202934 -114.095863
1.769907 78.848831 -170.996918
1.769259 76.722939 -171.038773
1.976477 92.328819 -114.054016
1.769907 78.848831 -170.996918
1.179360 78.848976 -170.994812
1.976477 92.328819 -114.054016
1.385929 92.328964 -114.051903
1.769907 78.848831 -170.996918
1.769907 78.848831 -170.996918
1.179360 78.848976 -170.994812
1.976477 92.328819 -114.054016
1.385929 92.328964 -114.051903
-55.486382 39.319939 -352.493195
-10.500299 211.706055 -349.259735
-10.552883 39.309391 -352.653687
-55.433800 211.716599 -349.099243
-55.482960 50.542507 -352.272278
-55.482960 50.542507 -352.272278
-55.486382 39.319939 -352.493195
-55.433800 211.716599 -349.099243
-10.500299 211.706055 -349.259735
-10.552883 39.309391 -352.653687
-55.486382 39.319939 -352.493195
-55.482960 50.542507 -352.272278
-55.433800 211.716599 -349.099243
-10.500299 211.706055 -349.259735
-10.552883 39.309391 -352.653687
-9.945605 165.085846 -190.911469
-30.320417 171.065002 -211.131256
-54.879105 165.096390 -190.750961
-10.500299 211.706055 -349.259735
-30.506149 186.675201 -264.152069
-54.521744 186.680847 -264.066284
-54.336010 171.070648 -211.045471
-55.433800 211.716599 -349.099243
-10.500299 211.706055 -349.259735
-54.521744 186.680847 -264.066284
-55.433800 211.716599 -349.099243
-54.336010 171.070648 -211.045471
-30.320417 171.065002 -211.131256
-54.879105 165.096390 -190.750961
-30.506149 186.675201 -264.152069
-9.945605 165.085846 -190.911469
-9.945605 165.085846 -190.911469
-54.879105 165.096390 -190.750961
-54.336010 171.070648 -211.045471
-54.521744 186.680847 -264.066284
-30.506149 186.675201 -264.152069
-30.320417 171.065002 -211.131256
-55.486382 39.319939 -352.493195
-54.350006 75.573540 -208.688965
-54.905163 79.671356 -192.432709
-54.603767 57.956196 -278.571045
-30.588171 57.950558 -278.656830
-10.552883 39.309391 -352.653687
-9.971661 79.660812 -192.593216
-30.334412 75.567909 -208.774750
-30.588171 57.950558 -278.656830
-30.334412 75.567909 -208.774750
-10.552883 39.309391 -352.653687
-54.350006 75.573540 -208.688965
-54.905163 79.671356 -192.432709
-9.971661 79.660812 -192.593216
-55.486382 39.319939 -352.493195
-54.603767 57.956196 -278.571045
-9.971661 79.660812 -192.593216
-54.905163 79.671356 -192.432709
-30.588171 57.950558 -278.656830
-54.603767 57.956196 -278.571045
-54.350006 75.573540 -208.688965
-30.334412 75.567909 -208.774750
-54.879105 165.096390 -190.750961
-30.252756 153.868103 -191.059891
-9.945605 165.085846 -190.911469
-54.882526 153.873886 -190.971909
-9.971661 79.660812 -192.593216
-30.271965 90.888145 -192.299759
-54.905163 79.671356 -192.432709
-54.901737 90.893921 -192.211777
-54.901737 90.893921 -192.211777
-30.271965 90.888145 -192.299759
-54.905163 79.671356 -192.432709
-30.252756 153.868103 -191.059891
-9.945605 165.085846 -190.911469
-9.971661 79.660812 -192.593216
-54.882526 153.873886 -190.971909
-54.879105 165.096390 -190.750961
-54.882526 153.873886 -190.971909
-30.252756 153.868103 -191.059891
-30.271965 90.888145 -192.299759
-54.901737 90.893921 -192.211777
-54.349373 160.683456 -214.103592
-30.252756 153.868103 -191.059891
-54.882526 153.873886 -190.971909
-30.273720 155.630051 -197.044556
-25.549341 155.628952 -197.061432
-25.609400 160.676712 -214.206253
-25.609400 160.676712 -214.206253
-54.349373 160.683456 -214.103592
-25.549341 155.628952 -197.061432
-30.273720 155.630051 -197.044556
-30.252756 153.868103 -191.059891
-54.882526 153.873886 -190.971909
-54.349373 160.683456 -214.103592
-25.609400 160.676712 -214.206253
-25.549341 155.628952 -197.061432
-30.273720 155.630051 -197.044556
-30.271965 90.888145 -192.299759
-30.273720 155.630051 -197.044556
-30.293932 89.363091 -198.349152
-30.252756 153.868103 -191.059891
-30.252756 153.868103 -191.059891
-30.271965 90.888145 -192.299759
-30.273720 155.630051 -197.044556
-30.293932 89.363091 -198.349152
-30.293932 89.363091 -198.349152
-25.617023 86.066383 -211.438553
-30.293932 89.363091 -198.349152
-25.569553 89.361977 -198.366028
-54.901737 90.893921 -192.211777
-30.271965 90.888145 -192.299759
-54.356998 86.073128 -211.335892
-25.617023 86.066383 -211.438553
-30.293932 89.363091 -198.349152
-54.356998 86.073128 -211.335892
-54.901737 90.893921 -192.211777
-30.271965 90.888145 -192.299759
-25.569553 89.361977 -198.366028
-54.356998 86.073128 -211.335892
-25.569553 89.361977 -198.366028
-25.617023 86.066383 -211.438553
-54.349373 160.683456 -214.103592
-25.602720 165.870316 -212.677200
-25.609400 160.676712 -214.206253
-30.327099 165.871414 -212.660324
-30.320417 171.065002 -211.131256
-54.336010 171.070648 -211.045471
-54.336010 171.070648 -211.045471
-54.349373 160.683456 -214.103592
-30.320417 171.065002 -211.131256
-30.327099 165.871414 -212.660324
-25.602720 165.870316 -212.677200
-25.609400 160.676712 -214.206253
-30.327099 165.871414 -212.660324
-25.602720 165.870316 -212.677200
-30.293932 89.363091 -198.349152
-25.549341 155.628952 -197.061432
-25.569553 89.361977 -198.366028
-30.273720 155.630051 -197.044556
-30.273720 155.630051 -197.044556
-30.293932 89.363091 -198.349152
-25.549341 155.628952 -197.061432
-25.569553 89.361977 -198.366028
-54.350006 75.573540 -208.688965
-30.337908 80.817703 -210.098206
-30.334412 75.567909 -208.774750
-25.617023 86.066383 -211.438553
-25.613529 80.816589 -210.115082
-54.356998 86.073128 -211.335892
-54.350006 75.573540 -208.688965
-30.337908 80.817703 -210.098206
-54.356998 86.073128 -211.335892
-25.617023 86.066383 -211.438553
-25.613529 80.816589 -210.115082
-30.334412 75.567909 -208.774750
-25.613529 80.816589 -210.115082
-30.337908 80.817703 -210.098206
-30.320417 171.065002 -211.131256
-30.512831 181.481491 -265.681122
-30.327099 165.871414 -212.660324
-30.506149 186.675201 -264.152069
-30.506149 186.675201 -264.152069
-30.320417 171.065002 -211.131256
-30.512831 181.481491 -265.681122
-30.327099 165.871414 -212.660324
-30.512831 181.481491 -265.681122
-30.512831 181.481491 -265.681122
-25.602720 165.870316 -212.677200
-30.327099 165.871414 -212.660324
-25.788452 181.480392 -265.697998
-25.788452 181.480392 -265.697998
-30.512831 181.481491 -265.681122
-25.602720 165.870316 -212.677200
-30.327099 165.871414 -212.660324
-25.788452 181.480392 -265.697998
-25.867289 63.199242 -279.997192
-30.337908 80.817703 -210.098206
-25.613529 80.816589 -210.115082
-30.591667 63.200348 -279.980316
-30.591667 63.200348 -279.980316
-25.867289 63.199242 -279.997192
-30.337908 80.817703 -210.098206
-25.613529 80.816589 -210.115082
-25.867289 63.199242 -279.997192
-30.591667 63.200348 -279.980316
-30.334412 75.567909 -208.774750
-30.591667 63.200348 -279.980316
-30.588171 57.950558 -278.656830
-30.337908 80.817703 -210.098206
-30.337908 80.817703 -210.098206
-30.334412 75.567909 -208.774750
-30.591667 63.200348 -279.980316
-30.588171 57.950558 -278.656830
-54.521744 186.680847 -264.066284
-30.512831 181.481491 -265.681122
-30.506149 186.675201 -264.152069
-54.535107 176.293549 -267.124390
-25.795132 176.286804 -267.227051
-25.788452 181.480392 -265.697998
-54.535107 176.293549 -267.124390
-30.512831 181.481491 -265.681122
-25.795132 176.286804 -267.227051
-25.788452 181.480392 -265.697998
-54.521744 186.680847 -264.066284
-30.506149 186.675201 -264.152069
-25.795132 176.286804 -267.227051
-54.535107 176.293549 -267.124390
-25.870785 68.449020 -281.320648
-30.591667 63.200348 -279.980316
-25.867289 63.199242 -279.997192
-54.610756 68.455765 -281.217987
-30.588171 57.950558 -278.656830
-54.603767 57.956196 -278.571045
-54.603767 57.956196 -278.571045
-54.610756 68.455765 -281.217987
-30.588171 57.950558 -278.656830
-30.591667 63.200348 -279.980316
-25.870785 68.449020 -281.320648
-25.867289 63.199242 -279.997192
-25.870785 68.449020 -281.320648
-54.610756 68.455765 -281.217987
-26.083073 200.487183 -349.425049
-54.535107 176.293549 -267.124390
-25.795132 176.286804 -267.227051
-54.823044 200.493927 -349.322388
-54.823044 200.493927 -349.322388
-26.083073 200.487183 -349.425049
-54.535107 176.293549 -267.124390
-25.795132 176.286804 -267.227051
-54.823044 200.493927 -349.322388
-26.083073 200.487183 -349.425049
-55.482960 50.542507 -352.272278
-25.870785 68.449020 -281.320648
-54.610756 68.455765 -281.217987
-26.128809 50.535618 -352.377136
-26.128809 50.535618 -352.377136
-55.482960 50.542507 -352.272278
-25.870785 68.449020 -281.320648
-54.610756 68.455765 -281.217987
-26.128809 50.535618 -352.377136
-56.117409 36.972782 -354.357300
-87.910408 214.143188 -350.755737
-56.063374 214.135712 -350.869507
-87.964447 36.980255 -354.243530
-87.964447 36.980255 -354.243530
-56.117409 36.972782 -354.357300
-87.910408 214.143188 -350.755737
-56.063374 214.135712 -350.869507
-56.063374 214.135712 -350.869507
-56.117409 36.972782 -354.357300
-87.964447 36.980255 -354.243530
-87.910408 214.143188 -350.755737
-56.063374 214.135712 -350.869507
-56.063019 54.661404 -340.292725
-56.117409 36.972782 -354.357300
-56.019936 195.907242 -337.512024
-55.522903 78.246513 -190.638367
-55.568626 88.984802 -204.143372
-55.496002 166.449875 -188.901917
-55.548107 156.251556 -202.819092
-56.063374 214.135712 -350.869507
-56.019936 195.907242 -337.512024
-55.496002 166.449875 -188.901917
-55.548107 156.251556 -202.819092
-55.568626 88.984802 -204.143372
-55.522903 78.246513 -190.638367
-56.063019 54.661404 -340.292725
-56.117409 36.972782 -354.357300
-55.496002 166.449875 -188.901917
-55.522903 78.246513 -190.638367
-55.548107 156.251556 -202.819092
-55.568626 88.984802 -204.143372
-56.019936 195.907242 -337.512024
-56.063019 54.661404 -340.292725
-87.369942 78.253983 -190.524612
-56.117409 36.972782 -354.357300
-55.522903 78.246513 -190.638367
-87.964447 36.980255 -354.243530
-87.964447 36.980255 -354.243530
-87.369942 78.253983 -190.524612
-56.117409 36.972782 -354.357300
-55.522903 78.246513 -190.638367
-87.369942 78.253983 -190.524612
-56.063374 214.135712 -350.869507
-87.343033 166.457352 -188.788162
-55.496002 166.449875 -188.901917
-87.910408 214.143188 -350.755737
-87.910408 214.143188 -350.755737
-56.063374 214.135712 -350.869507
-87.343033 166.457352 -188.788162
-55.496002 166.449875 -188.901917
-87.343033 166.457352 -188.788162
-87.343033 166.457352 -188.788162
-55.522903 78.246513 -190.638367
-55.496002 166.449875 -188.901917
-87.369942 78.253983 -190.524612
-87.369942 78.253983 -190.524612
-87.343033 166.457352 -188.788162
-55.522903 78.246513 -190.638367
-55.496002 166.449875 -188.901917
-170.160446 55.750347 -272.126587
-133.722244 192.197235 -269.570190
-133.763870 55.741802 -272.256592
-170.118820 192.205765 -269.440186
-170.118820 192.205765 -269.440186
-170.160446 55.750347 -272.126587
-133.722244 192.197235 -269.570190
-133.763870 55.741802 -272.256592
-133.763870 55.741802 -272.256592
-133.722244 192.197235 -269.570190
-170.160446 55.750347 -272.126587
-170.118820 192.205765 -269.440186
-133.763870 55.741802 -272.256592
-147.211258 65.446938 -287.341888
-161.511841 61.322712 -303.663727
-133.722244 192.197235 -269.570190
-147.175369 183.101578 -285.025635
-161.473236 187.873779 -301.172333
-170.312393 45.201344 -313.970947
-170.263840 204.393677 -310.836975
-133.722244 192.197235 -269.570190
-161.473236 187.873779 -301.172333
-170.263840 204.393677 -310.836975
-161.511841 61.322712 -303.663727
-133.763870 55.741802 -272.256592
-170.312393 45.201344 -313.970947
-147.175369 183.101578 -285.025635
-147.211258 65.446938 -287.341888
-170.263840 204.393677 -310.836975
-170.312393 45.201344 -313.970947
-147.175369 183.101578 -285.025635
-161.473236 187.873779 -301.172333
-147.211258 65.446938 -287.341888
-161.511841 61.322712 -303.663727
-170.008499 66.299370 -230.282196
-87.964165 76.829147 -188.730331
-133.459976 76.839821 -188.567825
-133.611923 66.290825 -230.412216
-88.571960 34.633102 -356.107849
-133.763870 55.741802 -272.256592
-170.160446 55.750347 -272.126587
-133.915817 45.192799 -314.100952
-170.312393 45.201344 -313.970947
-170.464340 34.652325 -355.815308
-170.464340 34.652325 -355.815308
-133.915817 45.192799 -314.100952
-88.571960 34.633102 -356.107849
-170.312393 45.201344 -313.970947
-133.763870 55.741802 -272.256592
-170.160446 55.750347 -272.126587
-133.611923 66.290825 -230.412216
-87.964165 76.829147 -188.730331
-170.008499 66.299370 -230.282196
-133.459976 76.839821 -188.567825
-87.964165 76.829147 -188.730331
-133.459976 76.839821 -188.567825
-170.008499 66.299370 -230.282196
-133.611923 66.290825 -230.412216
-133.915817 45.192799 -314.100952
-170.464340 34.652325 -355.815308
-88.571960 34.633102 -356.107849
-133.611923 66.290825 -230.412216
-147.059982 73.802269 -245.540741
-162.781036 69.268387 -263.483795
-133.577240 180.009399 -228.173447
-147.029694 173.107407 -243.585724
-162.747772 178.353607 -261.336273
-170.160446 55.750347 -272.126587
-170.118820 192.205765 -269.440186
-133.577240 180.009399 -228.173447
-162.747772 178.353607 -261.336273
-170.118820 192.205765 -269.440186
-162.781036 69.268387 -263.483795
-133.611923 66.290825 -230.412216
-170.160446 55.750347 -272.126587
-147.029694 173.107407 -243.585724
-147.059982 73.802269 -245.540741
-133.577240 180.009399 -228.173447
-147.029694 173.107407 -243.585724
-162.747772 178.353607 -261.336273
-147.059982 73.802269 -245.540741
-162.781036 69.268387 -263.483795
-88.516472 216.562302 -352.526245
-133.577240 180.009399 -228.173447
-87.936417 167.810898 -186.939194
-133.722244 192.197235 -269.570190
-133.867264 204.385147 -310.966980
-170.408844 216.581512 -352.233704
-170.263840 204.393677 -310.836975
-170.118820 192.205765 -269.440186
-169.973816 180.017929 -228.043427
-133.432220 167.821579 -186.776688
-133.577240 180.009399 -228.173447
-87.936417 167.810898 -186.939194
-169.973816 180.017929 -228.043427
-133.432220 167.821579 -186.776688
-133.722244 192.197235 -269.570190
-170.118820 192.205765 -269.440186
-133.867264 204.385147 -310.966980
-170.263840 204.393677 -310.836975
-170.408844 216.581512 -352.233704
-88.516472 216.562302 -352.526245
-169.973816 180.017929 -228.043427
-133.432220 167.821579 -186.776688
-87.936417 167.810898 -186.939194
-88.516472 216.562302 -352.526245
-170.408844 216.581512 -352.233704
-133.867264 204.385147 -310.966980
-170.312393 45.201344 -313.970947
-133.867264 204.385147 -310.966980
-133.915817 45.192799 -314.100952
-170.263840 204.393677 -310.836975
-170.263840 204.393677 -310.836975
-170.312393 45.201344 -313.970947
-133.867264 204.385147 -310.966980
-133.915817 45.192799 -314.100952
-133.432220 167.821579 -186.776688
-87.964165 76.829147 -188.730331
-87.936417 167.810898 -186.939194
-133.459976 76.839821 -188.567825
-133.459976 76.839821 -188.567825
-133.432220 167.821579 -186.776688
-87.964165 76.829147 -188.730331
-87.936417 167.810898 -186.939194
-133.459976 76.839821 -188.567825
-151.235077 81.870415 -208.658875
-163.427902 78.354065 -222.575012
-137.216934 86.359009 -192.650772
-133.432220 167.821579 -186.776688
-137.194962 158.392303 -191.232666
-139.276535 158.439468 -193.595901
-151.210159 163.596420 -207.049957
-163.400650 167.665192 -220.816757
-170.008499 66.299370 -230.282196
-169.973816 180.017929 -228.043427
-139.298492 86.406174 -195.014008
-139.276535 158.439468 -193.595901
-139.298492 86.406174 -195.014008
-151.210159 163.596420 -207.049957
-137.216934 86.359009 -192.650772
-151.235077 81.870415 -208.658875
-133.432220 167.821579 -186.776688
-163.400650 167.665192 -220.816757
-169.973816 180.017929 -228.043427
-163.427902 78.354065 -222.575012
-133.459976 76.839821 -188.567825
-170.008499 66.299370 -230.282196
-137.194962 158.392303 -191.232666
-139.276535 158.439468 -193.595901
-139.298492 86.406174 -195.014008
-137.194962 158.392303 -191.232666
-137.216934 86.359009 -192.650772
-151.210159 163.596420 -207.049957
-163.400650 167.665192 -220.816757
-151.235077 81.870415 -208.658875
-163.427902 78.354065 -222.575012
-170.008499 66.299370 -230.282196
-133.577240 180.009399 -228.173447
-133.611923 66.290825 -230.412216
-169.973816 180.017929 -228.043427
-169.973816 180.017929 -228.043427
-170.008499 66.299370 -230.282196
-133.577240 180.009399 -228.173447
-133.611923 66.290825 -230.412216
-133.915817 45.192799 -314.100952
-147.363174 54.992306 -329.184418
-161.602600 50.885715 -345.436554
-133.867264 204.385147 -310.966980
-147.320419 195.195114 -326.424286
-161.557129 199.946838 -342.501984
-170.464340 34.652325 -355.815308
-170.408844 216.581512 -352.233704
-133.867264 204.385147 -310.966980
-161.557129 199.946838 -342.501984
-170.408844 216.581512 -352.233704
-161.602600 50.885715 -345.436554
-133.915817 45.192799 -314.100952
-170.464340 34.652325 -355.815308
-147.320419 195.195114 -326.424286
-147.363174 54.992306 -329.184418
-147.320419 195.195114 -326.424286
-161.557129 199.946838 -342.501984
-147.363174 54.992306 -329.184418
-161.602600 50.885715 -345.436554
-88.571960 34.633102 -356.107849
-170.408844 216.581512 -352.233704
-88.516472 216.562302 -352.526245
-170.464340 34.652325 -355.815308
-170.464340 34.652325 -355.815308
-88.571960 34.633102 -356.107849
-170.408844 216.581512 -352.233704
-88.516472 216.562302 -352.526245
-88.516472 216.562302 -352.526245
-88.564743 36.980404 -354.241394
-88.571960 34.633102 -356.107849
-88.510704 214.143326 -350.753601
-87.964165 76.829147 -188.730331
-87.970238 78.254143 -190.522461
-87.936417 167.810898 -186.939194
-87.943329 166.457504 -188.786011
-88.516472 216.562302 -352.526245
-88.510704 214.143326 -350.753601
-87.936417 167.810898 -186.939194
-87.943329 166.457504 -188.786011
-87.970238 78.254143 -190.522461
-87.964165 76.829147 -188.730331
-88.564743 36.980404 -354.241394
-88.571960 34.633102 -356.107849
-87.943329 166.457504 -188.786011
-88.510704 214.143326 -350.753601
-88.564743 36.980404 -354.241394
-87.970238 78.254143 -190.522461
-26.156858 81.192207 -209.557526
-26.414114 68.824646 -280.763062
-26.410618 63.574852 -279.439606
-26.331781 181.856003 -265.140411
-26.338461 176.662415 -266.669464
-26.146049 166.245926 -212.119644
-26.626402 200.862808 -348.867462
-26.672138 50.911236 -351.819550
-26.160353 86.441994 -210.881012
-26.112885 89.737595 -197.808456
-26.092672 156.004562 -196.503876
-26.152729 161.052322 -213.648697
-26.146049 166.245926 -212.119644
-26.152729 161.052322 -213.648697
-26.338461 176.662415 -266.669464
-26.626402 200.862808 -348.867462
-26.092672 156.004562 -196.503876
-26.112885 89.737595 -197.808456
-26.160353 86.441994 -210.881012
-26.156858 81.192207 -209.557526
-26.414114 68.824646 -280.763062
-26.672138 50.911236 -351.819550
-26.331781 181.856003 -265.140411
-26.410618 63.574852 -279.439606
-26.146049 166.245926 -212.119644
-26.152729 161.052322 -213.648697
-26.331781 181.856003 -265.140411
-26.338461 176.662415 -266.669464
-26.626402 200.862808 -348.867462
-26.672138 50.911236 -351.819550
-26.414114 68.824646 -280.763062
-26.410618 63.574852 -279.439606
-26.156858 81.192207 -209.557526
-26.160353 86.441994 -210.881012
-26.112885 89.737595 -197.808456
-26.092672 156.004562 -196.503876
-26.434460 133.228256 -286.567596
-26.358887 99.691078 -263.207581
-26.444546 100.163803 -287.218536
-26.348803 132.755524 -262.556641
-26.348803 132.755524 -262.556641
-26.434460 133.228256 -286.567596
-26.358887 99.691078 -263.207581
-26.444546 100.163803 -287.218536
-26.358887 99.691078 -263.207581
-26.348803 132.755524 -262.556641
-26.444546 100.163803 -287.218536
-26.434460 133.228256 -286.567596
-55.702942 132.762421 -262.451782
-26.358887 99.691078 -263.207581
-26.348803 132.755524 -262.556641
-55.713028 99.697968 -263.102722
-55.713028 99.697968 -263.102722
-55.702942 132.762421 -262.451782
-26.358887 99.691078 -263.207581
-26.348803 132.755524 -262.556641
-55.702942 132.762421 -262.451782
-55.713028 99.697968 -263.102722
-55.798687 100.170692 -287.113678
-26.358887 99.691078 -263.207581
-55.713028 99.697968 -263.102722
-26.444546 100.163803 -287.218536
-26.444546 100.163803 -287.218536
-55.798687 100.170692 -287.113678
-26.358887 99.691078 -263.207581
-55.713028 99.697968 -263.102722
-55.798687 100.170692 -287.113678
-55.798687 100.170692 -287.113678
-26.434460 133.228256 -286.567596
-26.444546 100.163803 -287.218536
-55.788601 133.235153 -286.462738
-55.788601 133.235153 -286.462738
-55.798687 100.170692 -287.113678
-26.434460 133.228256 -286.567596
-26.444546 100.163803 -287.218536
-55.788601 133.235153 -286.462738
-26.434460 133.228256 -286.567596
-55.702942 132.762421 -262.451782
-26.348803 132.755524 -262.556641
-55.788601 133.235153 -286.462738
-55.788601 133.235153 -286.462738
-26.434460 133.228256 -286.567596
-55.702942 132.762421 -262.451782
-26.348803 132.755524 -262.556641
-55.702942 132.762421 -262.451782
-55.798687 100.170692 -287.113678
-55.713028 99.697968 -263.102722
-55.788601 133.235153 -286.462738
-55.788601 133.235153 -286.462738
-55.702942 132.762421 -262.451782
-55.798687 100.170692 -287.113678
-55.713028 99.697968 -263.102722
-3.737978 75.011925 -169.635681
-4.179213 52.056732 -291.650177
-4.181026 46.113976 -291.767151
-3.736165 80.954681 -169.518677
-3.736165 80.954681 -169.518677
-3.737978 75.011925 -169.635681
-4.179213 52.056732 -291.650177
-4.181026 46.113976 -291.767151
-3.737978 75.011925 -169.635681
-4.181026 46.113976 -291.767151
-3.736165 80.954681 -169.518677
-4.179213 52.056732 -291.650177
-4.181026 46.113976 -291.767151
2.561195 75.010445 -169.658173
-3.737978 75.011925 -169.635681
3.348592 75.010262 -169.660995
3.205370 65.668587 -209.141769
0.288286 55.155186 -253.567383
0.149655 46.112957 -291.782623
0.149655 46.112957 -291.782623
-4.181026 46.113976 -291.767151
0.288286 55.155186 -253.567383
3.205370 65.668587 -209.141769
3.348592 75.010262 -169.660995
2.561195 75.010445 -169.658173
-3.737978 75.011925 -169.635681
0.288286 55.155186 -253.567383
0.149655 46.112957 -291.782623
3.205370 65.668587 -209.141769
3.348592 75.010262 -169.660995
2.561195 75.010445 -169.658173
0.594516 80.953667 -169.534134
1.184414 78.821083 -169.578247
1.185064 80.953529 -169.536255
1.774312 76.695045 -169.622208
2.561195 75.010445 -169.658173
2.561708 76.694862 -169.625015
-3.737978 75.011925 -169.635681
1.774961 78.820938 -169.580353
-3.736165 80.954681 -169.518677
-3.736165 80.954681 -169.518677
0.594516 80.953667 -169.534134
-3.737978 75.011925 -169.635681
1.184414 78.821083 -169.578247
1.774961 78.820938 -169.580353
1.774312 76.695045 -169.622208
2.561195 75.010445 -169.658173
2.561708 76.694862 -169.625015
1.185064 80.953529 -169.536255
2.561708 76.694862 -169.625015
1.774312 76.695045 -169.622208
1.774961 78.820938 -169.580353
1.184414 78.821083 -169.578247
1.185064 80.953529 -169.536255
0.594516 80.953667 -169.534134
0.151468 52.055714 -291.665649
-3.736165 80.954681 -169.518677
0.594516 80.953667 -169.534134
-4.179213 52.056732 -291.650177
-4.179213 52.056732 -291.650177
0.151468 52.055714 -291.665649
-3.736165 80.954681 -169.518677
0.594516 80.953667 -169.534134
0.151468 52.055714 -291.665649
0.149655 46.112957 -291.782623
-4.179213 52.056732 -291.650177
0.151468 52.055714 -291.665649
-4.181026 46.113976 -291.767151
-4.181026 46.113976 -291.767151
0.149655 46.112957 -291.782623
-4.179213 52.056732 -291.650177
0.151468 52.055714 -291.665649
-4.478988 13.300328 -373.025177
2.675365 235.534042 -368.675385
2.607580 13.298665 -373.050507
-4.411203 235.535706 -368.650055
-4.411203 235.535706 -368.650055
-4.478988 13.300328 -373.025177
2.675365 235.534042 -368.675385
2.607580 13.298665 -373.050507
2.607580 13.298665 -373.050507
2.675365 235.534042 -368.675385
-4.478988 13.300328 -373.025177
-4.411203 235.535706 -368.650055
-4.478988 13.300328 -373.025177
3.201235 52.114784 -209.408600
-3.885333 52.116447 -209.383286
2.607580 13.298665 -373.050507
2.607580 13.298665 -373.050507
-4.478988 13.300328 -373.025177
3.201235 52.114784 -209.408600
-3.885333 52.116447 -209.383286
3.201235 52.114784 -209.408600
-3.885333 52.116447 -209.383286
-4.030009 188.786682 -258.864349
-4.395954 218.108231 -363.235962
-4.032999 186.398315 -259.544281
-4.395166 220.689056 -363.185150
-4.195306 217.519104 -307.026520
-4.391789 231.761795 -362.967163
-4.198605 214.883972 -307.776733
-4.411203 235.535706 -368.650055
-4.456848 18.461592 -367.166382
-4.478988 13.300328 -373.025177
-3.885333 52.116447 -209.383286
-4.045381 45.365387 -253.744690
-3.884312 55.462250 -209.317429
-3.884312 55.462250 -209.317429
-3.885333 52.116447 -209.383286
-4.045381 45.365387 -253.744690
-4.456848 18.461592 -367.166382
-4.478988 13.300328 -373.025177
-4.391789 231.761795 -362.967163
-4.395166 220.689056 -363.185150
-4.411203 235.535706 -368.650055
-4.395954 218.108231 -363.235962
-4.195306 217.519104 -307.026520
-4.198605 214.883972 -307.776733
-4.030009 188.786682 -258.864349
-4.032999 186.398315 -259.544281
-4.395954 218.108231 -363.235962
-4.456848 18.461592 -367.166382
-4.032999 186.398315 -259.544281
-4.030009 188.786682 -258.864349
-4.395166 220.689056 -363.185150
-4.391789 231.761795 -362.967163
-4.198605 214.883972 -307.776733
-4.195306 217.519104 -307.026520
-3.884312 55.462250 -209.317429
-4.045381 45.365387 -253.744690
2.675365 235.534042 -368.675385
-4.195306 217.519104 -307.026520
2.891262 217.517441 -307.051849
-4.411203 235.535706 -368.650055
-4.411203 235.535706 -368.650055
2.675365 235.534042 -368.675385
-4.195306 217.519104 -307.026520
2.891262 217.517441 -307.051849
2.891262 217.517441 -307.051849
-3.884312 55.462250 -209.317429
3.201235 52.114784 -209.408600
3.202256 55.460587 -209.342743
-3.885333 52.116447 -209.383286
-3.885333 52.116447 -209.383286
-3.884312 55.462250 -209.317429
3.201235 52.114784 -209.408600
3.202256 55.460587 -209.342743
3.202256 55.460587 -209.342743
-0.065274 218.107224 -363.251434
-4.456848 18.461592 -367.166382
-0.126168 18.460575 -367.181854
-4.395954 218.108231 -363.235962
-4.395954 218.108231 -363.235962
-0.065274 218.107224 -363.251434
-4.456848 18.461592 -367.166382
-0.126168 18.460575 -367.181854
-0.065274 218.107224 -363.251434
-0.126168 18.460575 -367.181854
-4.395954 218.108231 -363.235962
0.297682 186.397308 -259.559753
-4.032999 186.398315 -259.544281
-0.065274 218.107224 -363.251434
-0.065274 218.107224 -363.251434
-4.395954 218.108231 -363.235962
0.297682 186.397308 -259.559753
-4.032999 186.398315 -259.544281
0.297682 186.397308 -259.559753
3.056559 188.785019 -258.889679
0.297682 186.397308 -259.559753
3.053570 186.396652 -259.569611
0.300671 188.785675 -258.879822
-4.030009 188.786682 -258.864349
-4.032999 186.398315 -259.544281
-4.032999 186.398315 -259.544281
-4.030009 188.786682 -258.864349
0.297682 186.397308 -259.559753
0.300671 188.785675 -258.879822
3.056559 188.785019 -258.889679
3.053570 186.396652 -259.569611
0.300671 188.785675 -258.879822
3.053570 186.396652 -259.569611
3.056559 188.785019 -258.889679
2.933698 199.518936 -293.989655
-4.030009 188.786682 -258.864349
0.300671 188.785675 -258.879822
-4.395166 220.689056 -363.185150
2.691402 220.687393 -363.210480
2.691402 220.687393 -363.210480
2.933698 199.518936 -293.989655
-4.395166 220.689056 -363.185150
-4.030009 188.786682 -258.864349
0.300671 188.785675 -258.879822
2.933698 199.518936 -293.989655
2.691402 220.687393 -363.210480
-4.391789 231.761795 -362.967163
2.691402 220.687393 -363.210480
2.694779 231.760132 -362.992493
-4.395166 220.689056 -363.185150
-4.395166 220.689056 -363.185150
-4.391789 231.761795 -362.967163
2.691402 220.687393 -363.210480
2.694779 231.760132 -362.992493
2.694779 231.760132 -362.992493
-4.391789 231.761795 -362.967163
2.887964 214.882309 -307.802063
-4.198605 214.883972 -307.776733
2.694779 231.760132 -362.992493
2.694779 231.760132 -362.992493
-4.391789 231.761795 -362.967163
2.887964 214.882309 -307.802063
-4.198605 214.883972 -307.776733
2.887964 214.882309 -307.802063
-4.195306 217.519104 -307.026520
2.887964 214.882309 -307.802063
2.891262 217.517441 -307.051849
-4.198605 214.883972 -307.776733
-4.198605 214.883972 -307.776733
-4.195306 217.519104 -307.026520
2.887964 214.882309 -307.802063
2.891262 217.517441 -307.051849
0.285299 45.364368 -253.760147
-3.884312 55.462250 -209.317429
3.202256 55.460587 -209.342743
-4.045381 45.365387 -253.744690
-4.045381 45.365387 -253.744690
0.285299 45.364368 -253.760147
-3.884312 55.462250 -209.317429
3.202256 55.460587 -209.342743
0.285299 45.364368 -253.760147
-0.126168 18.460575 -367.181854
-4.045381 45.365387 -253.744690
0.285299 45.364368 -253.760147
-4.456848 18.461592 -367.166382
-4.456848 18.461592 -367.166382
-0.126168 18.460575 -367.181854
-4.045381 45.365387 -253.744690
0.285299 45.364368 -253.760147
-55.941528 195.907166 -337.512329
-55.490219 88.984734 -204.143677
-55.912056 70.006454 -320.989868
-55.913063 73.118385 -321.475647
-55.917847 75.876495 -322.996490
-55.925835 77.948135 -325.368866
-55.936066 79.083412 -328.306732
-55.947296 79.145409 -331.455719
-55.958183 78.126648 -334.436005
-55.967407 76.149994 -336.888092
-55.973854 73.453880 -338.516296
-55.976753 70.363487 -339.124146
-55.975746 67.251564 -338.638397
-55.970963 64.493446 -337.117554
-55.962975 62.421822 -334.745178
-55.952744 61.286537 -331.807343
-55.941513 61.224541 -328.658325
-55.930626 62.243305 -325.678040
-55.921402 64.219948 -323.225952
-55.914955 66.916054 -321.597748
-55.984612 54.661331 -340.293030
-55.469700 156.251495 -202.819412
-55.469700 156.251495 -202.819412
-55.941528 195.907166 -337.512329
-55.490219 88.984734 -204.143677
-55.984612 54.661331 -340.293030
-55.912056 70.006454 -320.989868
-55.914955 66.916054 -321.597748
-55.921402 64.219948 -323.225952
-55.930626 62.243305 -325.678040
-55.941513 61.224541 -328.658325
-55.952744 61.286537 -331.807343
-55.962975 62.421822 -334.745178
-55.970963 64.493446 -337.117554
-55.975746 67.251564 -338.638397
-55.976753 70.363487 -339.124146
-55.973854 73.453880 -338.516296
-55.967407 76.149994 -336.888092
-55.958183 78.126648 -334.436005
-55.947296 79.145409 -331.455719
-55.936066 79.083412 -328.306732
-55.925835 77.948135 -325.368866
-55.917847 75.876495 -322.996490
-55.913063 73.118385 -321.475647
-11.045511 211.705048 -349.204010
-10.516872 79.659851 -192.537521
-11.098094 39.308411 -352.597900
-10.490816 165.084885 -190.855759
-10.490816 165.084885 -190.855759
-11.045511 211.705048 -349.204010
-10.516872 79.659851 -192.537521
-11.098094 39.308411 -352.597900
-11.098094 39.308411 -352.597900
-10.516872 79.659851 -192.537521
-11.045511 211.705048 -349.204010
-10.490816 165.084885 -190.855759
-10.121125 74.280952 -238.805542
0.115414 75.167290 -238.902191
0.115420 74.278549 -238.842117
-10.121132 75.169693 -238.865616
-10.121132 75.169693 -238.865616
-10.121125 74.280952 -238.805542
0.115414 75.167290 -238.902191
0.115420 74.278549 -238.842117
-10.121132 75.169693 -238.865616
-10.121125 74.280952 -238.805542
0.115414 75.167290 -238.902191
0.115420 74.278549 -238.842117
0.116233 76.041298 -238.730209
-10.120312 76.043701 -238.693634
-10.120312 76.043701 -238.693634
0.116233 76.041298 -238.730209
-10.120312 76.043701 -238.693634
0.116233 76.041298 -238.730209
-10.120295 73.438057 -238.517487
0.115575 74.121300 -238.788376
0.116251 73.435654 -238.554062
-10.120971 74.123703 -238.751801
-10.120971 74.123703 -238.751801
-10.120295 73.438057 -238.517487
0.115575 74.121300 -238.788376
0.116251 73.435654 -238.554062
-10.120971 74.123703 -238.751801
-10.120295 73.438057 -238.517487
0.115575 74.121300 -238.788376
0.116251 73.435654 -238.554062
-10.118723 76.843399 -238.301300
0.117822 76.840996 -238.337875
-10.118723 76.843399 -238.301300
0.117822 76.840996 -238.337875
-10.118723 76.843399 -238.301300
0.117822 76.840996 -238.337875
0.117850 72.696022 -238.057663
-10.118695 72.698425 -238.021088
-10.118695 72.698425 -238.021088
0.117850 72.696022 -238.057663
-10.118695 72.698425 -238.021088
0.117850 72.696022 -238.057663
0.120073 77.511909 -237.751938
-10.116472 77.514313 -237.715363
-10.116472 77.514313 -237.715363
0.120073 77.511909 -237.751938
-10.116472 77.514313 -237.715363
0.120073 77.511909 -237.751938
0.120109 72.110069 -237.386765
-10.116436 72.112473 -237.350189
0.120109 72.110069 -237.386765
-10.116436 72.112473 -237.350189
-10.116436 72.112473 -237.350189
0.120109 72.110069 -237.386765
-10.113714 78.010712 -236.975723
0.122831 78.008308 -237.012299
-10.113714 78.010712 -236.975723
0.122831 78.008308 -237.012299
-10.113714 78.010712 -236.975723
0.122831 78.008308 -237.012299
0.122874 71.717743 -236.587067
-10.113671 71.720146 -236.550491
0.122874 71.717743 -236.587067
-10.113671 71.720146 -236.550491
-10.113671 71.720146 -236.550491
0.122874 71.717743 -236.587067
-10.110636 78.298759 -236.132828
0.125910 78.296356 -236.169403
-10.110636 78.298759 -236.132828
0.125910 78.296356 -236.169403
-10.110636 78.298759 -236.132828
0.125910 78.296356 -236.169403
0.125956 71.545731 -235.713058
-10.110590 71.548134 -235.676483
0.125956 71.545731 -235.713058
-10.110590 71.548134 -235.676483
-10.110590 71.548134 -235.676483
0.125956 71.545731 -235.713058
0.128563 78.346352 -235.430023
-10.107447 78.358841 -235.244110
0.129098 78.356438 -235.280685
-10.107983 78.348755 -235.393448
-10.107983 78.348755 -235.393448
0.128563 78.346352 -235.430023
-10.107447 78.358841 -235.244110
0.129098 78.356438 -235.280685
-10.107983 78.348755 -235.393448
-10.107447 78.358841 -235.244110
0.129098 78.356438 -235.280685
0.128563 78.346352 -235.430023
0.129144 71.605812 -234.824341
-10.107401 71.608215 -234.787766
0.129144 71.605812 -234.824341
-10.107401 71.608215 -234.787766
-10.107401 71.608215 -234.787766
0.129144 71.605812 -234.824341
-10.104365 78.186859 -234.370102
0.132180 78.184456 -234.406677
-10.104365 78.186859 -234.370102
0.132180 78.184456 -234.406677
-10.104365 78.186859 -234.370102
0.132180 78.184456 -234.406677
0.132223 71.893867 -233.981445
-10.104322 71.896271 -233.944870
0.132223 71.893867 -233.981445
-10.104322 71.896271 -233.944870
-10.104322 71.896271 -233.944870
0.132223 71.893867 -233.981445
-10.101601 77.794518 -233.570404
0.134945 77.792114 -233.606979
-10.101601 77.794518 -233.570404
0.134945 77.792114 -233.606979
-10.101601 77.794518 -233.570404
0.134945 77.792114 -233.606979
0.134981 72.390274 -233.241791
-10.101563 72.392677 -233.205215
0.134981 72.390274 -233.241791
-10.101563 72.392677 -233.205215
-10.101563 72.392677 -233.205215
0.134981 72.390274 -233.241791
-10.099341 77.208557 -232.899506
0.137204 77.206154 -232.936081
-10.099341 77.208557 -232.899506
0.137204 77.206154 -232.936081
-10.099341 77.208557 -232.899506
0.137204 77.206154 -232.936081
-10.099314 73.063583 -232.619278
0.137232 73.061180 -232.655853
-10.099314 73.063583 -232.619278
0.137232 73.061180 -232.655853
-10.099314 73.063583 -232.619278
0.137232 73.061180 -232.655853
-10.097742 76.468948 -232.403107
0.138803 76.466545 -232.439682
-10.097742 76.468948 -232.403107
0.138803 76.466545 -232.439682
-10.097742 76.468948 -232.403107
0.138803 76.466545 -232.439682
-10.097724 73.863304 -232.226959
0.138821 73.860901 -232.263535
-10.097724 73.863304 -232.226959
0.138821 73.860901 -232.263535
-10.097724 73.863304 -232.226959
0.138821 73.860901 -232.263535
0.139479 75.780884 -232.205368
0.139634 75.623642 -232.151627
-10.096910 75.626045 -232.115051
-10.097066 75.783287 -232.168793
-10.097066 75.783287 -232.168793
-10.096910 75.626045 -232.115051
0.139634 75.623642 -232.151627
0.139479 75.780884 -232.205368
0.139634 75.623642 -232.151627
0.139479 75.780884 -232.205368
-10.097066 75.783287 -232.168793
-10.096910 75.626045 -232.115051
-10.096905 74.737305 -232.054962
0.139640 74.734901 -232.091537
-10.096905 74.737305 -232.054962
0.139640 74.734901 -232.091537
-10.096905 74.737305 -232.054962
0.139640 74.734901 -232.091537
0.263076 87.689919 -198.387360
-9.973126 87.700302 -198.255173
0.263419 87.697899 -198.291748
-9.973470 87.692322 -198.350784
0.260231 87.623833 -199.179428
-9.976315 87.626236 -199.142853
-9.976315 87.626236 -199.142853
0.260231 87.623833 -199.179428
-9.973470 87.692322 -198.350784
0.263076 87.689919 -198.387360
-9.973126 87.700302 -198.255173
0.263419 87.697899 -198.291748
0.263419 87.697899 -198.291748
0.263076 87.689919 -198.387360
0.260231 87.623833 -199.179428
-9.976315 87.626236 -199.142853
-9.973470 87.692322 -198.350784
-9.973126 87.700302 -198.255173
0.257166 87.322540 -200.017685
-9.979380 87.324944 -199.981110
-9.979380 87.324944 -199.981110
0.257166 87.322540 -200.017685
-9.979380 87.324944 -199.981110
0.257166 87.322540 -200.017685
-9.970032 87.542091 -197.378586
0.266513 87.539688 -197.415161
-9.970032 87.542091 -197.378586
0.266513 87.539688 -197.415161
-9.970032 87.542091 -197.378586
0.266513 87.539688 -197.415161
0.254433 86.814575 -200.749390
-9.982113 86.816978 -200.712814
-9.982113 86.816978 -200.712814
0.254433 86.814575 -200.749390
-9.982113 86.816978 -200.712814
0.254433 86.814575 -200.749390
-9.967243 87.162384 -196.572800
0.269302 87.159981 -196.609375
-9.967243 87.162384 -196.572800
0.269302 87.159981 -196.609375
-9.967243 87.162384 -196.572800
0.269302 87.159981 -196.609375
0.252218 86.134514 -201.324707
-9.984327 86.136917 -201.288132
-9.984327 86.136917 -201.288132
0.252218 86.134514 -201.324707
-9.984327 86.136917 -201.288132
0.252218 86.134514 -201.324707
-9.964949 86.587059 -195.892746
0.271597 86.584656 -195.929321
-9.964949 86.587059 -195.892746
0.271597 86.584656 -195.929321
-9.964949 86.587059 -195.892746
0.271597 86.584656 -195.929321
-9.985872 85.331139 -201.667847
0.250673 85.328735 -201.704422
-9.985872 85.331139 -201.667847
0.250673 85.328735 -201.704422
-9.985872 85.331139 -201.667847
0.250673 85.328735 -201.704422
0.273239 85.852936 -195.421341
-9.963305 85.855339 -195.384766
-9.963305 85.855339 -195.384766
0.273239 85.852936 -195.421341
-9.963305 85.855339 -195.384766
0.273239 85.852936 -195.421341
-9.986644 84.454529 -201.826035
0.249902 84.452126 -201.862610
-9.986644 84.454529 -201.826035
0.249902 84.452126 -201.862610
-9.986644 84.454529 -201.826035
0.249902 84.452126 -201.862610
0.274119 85.014679 -195.120071
-9.962426 85.017082 -195.083496
-9.962426 85.017082 -195.083496
0.274119 85.014679 -195.120071
-9.962426 85.017082 -195.083496
0.274119 85.014679 -195.120071
-9.986588 83.566856 -201.751968
0.249958 83.564453 -201.788544
-9.986588 83.566856 -201.751968
0.249958 83.564453 -201.788544
-9.986588 83.566856 -201.751968
0.249958 83.564453 -201.788544
0.274175 84.126999 -195.046005
-9.962370 84.129402 -195.009430
-9.962370 84.129402 -195.009430
0.274175 84.126999 -195.046005
-9.962370 84.129402 -195.009430
0.274175 84.126999 -195.046005
-9.985708 82.728592 -201.450699
0.250069 83.458595 -201.750504
0.250837 82.726189 -201.487274
-9.986476 83.460999 -201.713928
-9.986476 83.460999 -201.713928
-9.985708 82.728592 -201.450699
0.250069 83.458595 -201.750504
0.250837 82.726189 -201.487274
0.250069 83.458595 -201.750504
0.250837 82.726189 -201.487274
-9.985708 82.728592 -201.450699
-9.986476 83.460999 -201.713928
0.273404 83.250397 -195.204208
-9.963141 83.252800 -195.167633
-9.963141 83.252800 -195.167633
0.273404 83.250397 -195.204208
-9.963141 83.252800 -195.167633
0.273404 83.250397 -195.204208
-9.984065 81.996872 -200.942734
0.252480 81.994469 -200.979309
-9.984065 81.996872 -200.942734
0.252480 81.994469 -200.979309
-9.984065 81.996872 -200.942734
0.252480 81.994469 -200.979309
0.271859 82.444611 -195.583893
-9.964686 82.447014 -195.547318
-9.964686 82.447014 -195.547318
0.271859 82.444611 -195.583893
-9.964686 82.447014 -195.547318
0.271859 82.444611 -195.583893
0.254774 81.419151 -200.299240
-9.981771 81.421555 -200.262665
0.254774 81.419151 -200.299240
-9.981771 81.421555 -200.262665
-9.981771 81.421555 -200.262665
0.254774 81.419151 -200.299240
-9.966901 81.766968 -196.122650
0.269644 81.764565 -196.159225
-9.966901 81.766968 -196.122650
0.269644 81.764565 -196.159225
-9.966901 81.766968 -196.122650
0.269644 81.764565 -196.159225
0.257564 81.039444 -199.493484
-9.978982 81.041847 -199.456909
0.257564 81.039444 -199.493484
-9.978982 81.041847 -199.456909
-9.978982 81.041847 -199.456909
0.257564 81.039444 -199.493484
-9.969634 81.258980 -196.854385
0.266911 81.256577 -196.890961
0.266911 81.256577 -196.890961
-9.969634 81.258980 -196.854385
-9.969634 81.258980 -196.854385
0.266911 81.256577 -196.890961
0.260658 80.881241 -198.616867
-9.975887 80.883644 -198.580292
0.260658 80.881241 -198.616867
-9.975887 80.883644 -198.580292
-9.975887 80.883644 -198.580292
0.260658 80.881241 -198.616867
-9.972699 80.957703 -197.692627
0.263846 80.955299 -197.729202
0.263846 80.955299 -197.729202
-9.972699 80.957703 -197.692627
-9.972699 80.957703 -197.692627
0.263846 80.955299 -197.729202
-9.975027 122.556892 -201.077271
0.262203 123.435173 -200.980209
0.261519 122.554489 -201.113846
-9.974342 123.437576 -200.943634
-9.974342 123.437576 -200.943634
-9.975027 122.556892 -201.077271
0.262203 123.435173 -200.980209
0.261519 122.554489 -201.113846
-9.974342 123.437576 -200.943634
-9.975027 122.556892 -201.077271
0.262203 123.435173 -200.980209
0.261519 122.554489 -201.113846
0.263669 124.251259 -200.623215
-9.972876 124.253662 -200.586639
-9.972876 124.253662 -200.586639
0.263669 124.251259 -200.623215
-9.972876 124.253662 -200.586639
0.263669 124.251259 -200.623215
-9.974881 121.671631 -200.978394
0.261664 121.669228 -201.014969
-9.974881 121.671631 -200.978394
0.261664 121.669228 -201.014969
-9.974881 121.671631 -200.978394
0.261664 121.669228 -201.014969
0.265819 124.947136 -200.067154
-9.970726 124.949539 -200.030579
-9.970726 124.949539 -200.030579
0.265819 124.947136 -200.067154
-9.970726 124.949539 -200.030579
0.265819 124.947136 -200.067154
-9.973916 120.842117 -200.653793
0.262629 120.839714 -200.690369
-9.973916 120.842117 -200.653793
0.262629 120.839714 -200.690369
-9.973916 120.842117 -200.653793
0.262629 120.839714 -200.690369
-9.968040 125.477798 -199.313339
0.268505 125.475395 -199.349915
-9.968040 125.477798 -199.313339
0.268505 125.475395 -199.349915
-9.968040 125.477798 -199.313339
0.268505 125.475395 -199.349915
-9.972198 120.124893 -200.125549
0.264347 120.122490 -200.162125
-9.972198 120.124893 -200.125549
0.264347 120.122490 -200.162125
-9.972198 120.124893 -200.125549
0.264347 120.122490 -200.162125
-9.965001 125.802414 -198.483841
0.271544 125.800011 -198.520416
-9.965001 125.802414 -198.483841
0.271544 125.800011 -198.520416
-9.965001 125.802414 -198.483841
0.271544 125.800011 -198.520416
0.266703 119.566422 -199.466248
-9.969843 119.568825 -199.429672
0.266703 119.566422 -199.466248
-9.969843 119.568825 -199.429672
-9.969843 119.568825 -199.429672
0.266703 119.566422 -199.466248
-9.961816 125.901268 -197.598572
0.274730 125.898865 -197.635147
-9.961816 125.901268 -197.598572
0.274730 125.898865 -197.635147
-9.961816 125.901268 -197.598572
0.274730 125.898865 -197.635147
0.269534 119.209412 -198.650162
-9.967011 119.211815 -198.613586
0.269534 119.209412 -198.650162
-9.967011 119.211815 -198.613586
-9.967011 119.211815 -198.613586
0.269534 119.209412 -198.650162
-9.958701 125.767647 -196.717896
0.277844 125.765244 -196.754471
-9.958701 125.767647 -196.717896
0.277844 125.765244 -196.754471
-9.958701 125.767647 -196.717896
0.277844 125.765244 -196.754471
0.272649 119.075775 -197.769470
-9.963897 119.078178 -197.732895
0.272649 119.075775 -197.769470
-9.963897 119.078178 -197.732895
-9.963897 119.078178 -197.732895
0.272649 119.075775 -197.769470
-9.955870 125.410629 -195.901825
0.280676 125.408226 -195.938400
-9.955870 125.410629 -195.901825
0.280676 125.408226 -195.938400
-9.955870 125.410629 -195.901825
0.280676 125.408226 -195.938400
0.275834 119.174644 -196.884232
-9.960711 119.177048 -196.847656
0.275834 119.174644 -196.884232
-9.960711 119.177048 -196.847656
-9.960711 119.177048 -196.847656
0.275834 119.174644 -196.884232
-9.953514 124.854553 -195.205948
0.283031 124.852150 -195.242523
-9.953514 124.854553 -195.205948
0.283031 124.852150 -195.242523
-9.953514 124.854553 -195.205948
0.283031 124.852150 -195.242523
0.278873 119.499252 -196.054733
-9.957672 119.501656 -196.018158
0.278873 119.499252 -196.054733
-9.957672 119.501656 -196.018158
-9.957672 119.501656 -196.018158
0.278873 119.499252 -196.054733
-9.951796 124.137329 -194.677689
0.284749 124.134926 -194.714264
-9.951796 124.137329 -194.677689
0.284749 124.134926 -194.714264
-9.951796 124.137329 -194.677689
0.284749 124.134926 -194.714264
0.281559 120.027504 -195.337494
-9.954986 120.029907 -195.300919
0.281559 120.027504 -195.337494
-9.954986 120.029907 -195.300919
-9.954986 120.029907 -195.300919
0.281559 120.027504 -195.337494
0.285714 123.305420 -194.389679
-9.950830 123.307823 -194.353104
-9.950830 123.307823 -194.353104
0.285714 123.305420 -194.389679
-9.950830 123.307823 -194.353104
0.285714 123.305420 -194.389679
-9.952836 120.725784 -194.744858
0.283709 120.723381 -194.781433
-9.952836 120.725784 -194.744858
0.283709 120.723381 -194.781433
-9.952836 120.725784 -194.744858
0.283709 120.723381 -194.781433
0.285860 122.420158 -194.290802
-9.950686 122.422562 -194.254227
-9.950686 122.422562 -194.254227
0.285860 122.420158 -194.290802
-9.950686 122.422562 -194.254227
0.285860 122.420158 -194.290802
0.285176 121.539474 -194.424423
-9.951369 121.541878 -194.387848
-9.951369 121.541878 -194.387848
0.285176 121.539474 -194.424423
-9.951369 121.541878 -194.387848
0.285176 121.539474 -194.424423
-9.940145 162.335114 -193.925705
0.297365 161.503159 -193.637680
0.296400 162.332703 -193.962280
-9.939180 161.505569 -193.601105
-9.939180 161.505569 -193.601105
-9.940145 162.335114 -193.925705
0.297365 161.503159 -193.637680
0.296400 162.332703 -193.962280
-9.939180 161.505569 -193.601105
-9.940145 162.335114 -193.925705
0.297365 161.503159 -193.637680
0.296400 162.332703 -193.962280
0.297511 160.617920 -193.538803
-9.939034 160.620331 -193.502228
-9.939034 160.620331 -193.502228
0.297511 160.617920 -193.538803
-9.939034 160.620331 -193.502228
0.297511 160.617920 -193.538803
-9.941864 163.052353 -194.453949
0.294682 163.049942 -194.490524
-9.941864 163.052353 -194.453949
0.294682 163.049942 -194.490524
-9.941864 163.052353 -194.453949
0.294682 163.049942 -194.490524
0.296826 159.737198 -193.672440
-9.939719 159.739609 -193.635864
-9.939719 159.739609 -193.635864
0.296826 159.737198 -193.672440
-9.939719 159.739609 -193.635864
0.296826 159.737198 -193.672440
0.292326 163.605942 -195.186401
-9.944219 163.608353 -195.149826
-9.944219 163.608353 -195.149826
0.292326 163.605942 -195.186401
-9.944219 163.608353 -195.149826
0.292326 163.605942 -195.186401
0.295360 158.921158 -194.029449
-9.941186 158.923569 -193.992874
-9.941186 158.923569 -193.992874
0.295360 158.921158 -194.029449
-9.941186 158.923569 -193.992874
0.295360 158.921158 -194.029449
0.289495 163.962997 -196.002502
-9.947050 163.965408 -195.965927
-9.947050 163.965408 -195.965927
0.289495 163.962997 -196.002502
-9.947050 163.965408 -195.965927
0.289495 163.962997 -196.002502
0.293210 158.225281 -194.585510
-9.943336 158.227692 -194.548935
-9.943336 158.227692 -194.548935
0.293210 158.225281 -194.585510
-9.943336 158.227692 -194.548935
0.293210 158.225281 -194.585510
0.286381 164.096619 -196.883163
-9.950165 164.099030 -196.846588
-9.950165 164.099030 -196.846588
0.286381 164.096619 -196.883163
-9.950165 164.099030 -196.846588
0.286381 164.096619 -196.883163
-9.946021 157.699402 -195.266159
0.290524 157.696991 -195.302734
0.290524 157.696991 -195.302734
-9.946021 157.699402 -195.266159
-9.946021 157.699402 -195.266159
0.290524 157.696991 -195.302734
0.283195 163.997757 -197.768433
-9.953350 164.000168 -197.731857
-9.953350 164.000168 -197.731857
0.283195 163.997757 -197.768433
-9.953350 164.000168 -197.731857
0.283195 163.997757 -197.768433
-9.949060 157.374786 -196.095673
0.287485 157.372375 -196.132248
0.287485 157.372375 -196.132248
-9.949060 157.374786 -196.095673
-9.949060 157.374786 -196.095673
0.287485 157.372375 -196.132248
0.280156 163.673111 -198.597931
-9.956389 163.675522 -198.561356
-9.956389 163.675522 -198.561356
0.280156 163.673111 -198.597931
-9.956389 163.675522 -198.561356
0.280156 163.673111 -198.597931
-9.952246 157.275986 -196.980911
0.284299 157.273575 -197.017487
0.284299 157.273575 -197.017487
-9.952246 157.275986 -196.980911
-9.952246 157.275986 -196.980911
0.284299 157.273575 -197.017487
0.277470 163.144928 -199.315155
-9.959075 163.147339 -199.278580
-9.959075 163.147339 -199.278580
0.277470 163.144928 -199.315155
-9.959075 163.147339 -199.278580
0.277470 163.144928 -199.315155
-9.955360 157.409546 -197.861603
0.281185 157.407135 -197.898178
0.281185 157.407135 -197.898178
-9.955360 157.409546 -197.861603
-9.955360 157.409546 -197.861603
0.281185 157.407135 -197.898178
0.275320 162.449036 -199.871216
-9.961225 162.451447 -199.834641
-9.961225 162.451447 -199.834641
0.275320 162.449036 -199.871216
-9.961225 162.451447 -199.834641
0.275320 162.449036 -199.871216
-9.958192 157.766571 -198.677689
0.278354 157.764160 -198.714264
0.278354 157.764160 -198.714264
-9.958192 157.766571 -198.677689
-9.958192 157.766571 -198.677689
0.278354 157.764160 -198.714264
-9.962692 161.635330 -200.191650
0.273881 161.648193 -200.221542
0.273853 161.632919 -200.228226
-9.962665 161.650604 -200.184967
-9.962665 161.650604 -200.184967
-9.962692 161.635330 -200.191650
0.273881 161.648193 -200.221542
0.273853 161.632919 -200.228226
0.273881 161.648193 -200.221542
0.273853 161.632919 -200.228226
-9.962692 161.635330 -200.191650
-9.962665 161.650604 -200.184967
-9.960546 158.322678 -199.373566
0.275998 158.320267 -199.410141
0.275998 158.320267 -199.410141
-9.960546 158.322678 -199.373566
-9.960546 158.322678 -199.373566
0.275998 158.320267 -199.410141
-9.963376 160.754669 -200.325287
0.273169 160.752258 -200.361862
-9.963376 160.754669 -200.325287
0.273169 160.752258 -200.361862
-9.963376 160.754669 -200.325287
0.273169 160.752258 -200.361862
0.274280 159.037491 -199.938385
-9.962266 159.039902 -199.901810
-9.962266 159.039902 -199.901810
0.274280 159.037491 -199.938385
-9.962266 159.039902 -199.901810
0.274280 159.037491 -199.938385
-9.963230 159.869370 -200.226410
0.273315 159.866959 -200.262985
-9.963230 159.869370 -200.226410
0.273315 159.866959 -200.262985
-9.963230 159.869370 -200.226410
0.273315 159.866959 -200.262985
-26.204735 155.143341 -230.759796
-26.206394 122.032387 -229.048996
-26.214821 122.078880 -231.410736
-26.196310 155.096848 -228.398056
-26.196310 155.096848 -228.398056
-26.204735 155.143341 -230.759796
-26.206394 122.032387 -229.048996
-26.214821 122.078880 -231.410736
-26.206394 122.032387 -229.048996
-26.196310 155.096848 -228.398056
-26.214821 122.078880 -231.410736
-26.204735 155.143341 -230.759796
-55.550449 155.103729 -228.293198
-26.206394 122.032387 -229.048996
-26.196310 155.096848 -228.398056
-55.560535 122.039276 -228.944138
-55.560535 122.039276 -228.944138
-55.550449 155.103729 -228.293198
-26.206394 122.032387 -229.048996
-26.196310 155.096848 -228.398056
-55.550449 155.103729 -228.293198
-55.560535 122.039276 -228.944138
-55.568962 122.085770 -231.305878
-26.206394 122.032387 -229.048996
-55.560535 122.039276 -228.944138
-26.214821 122.078880 -231.410736
-26.214821 122.078880 -231.410736
-55.568962 122.085770 -231.305878
-26.206394 122.032387 -229.048996
-55.560535 122.039276 -228.944138
-55.568962 122.085770 -231.305878
-55.568962 122.085770 -231.305878
-26.204735 155.143341 -230.759796
-26.214821 122.078880 -231.410736
-55.558876 155.150223 -230.654938
-55.558876 155.150223 -230.654938
-55.568962 122.085770 -231.305878
-26.204735 155.143341 -230.759796
-26.214821 122.078880 -231.410736
-55.558876 155.150223 -230.654938
-26.204735 155.143341 -230.759796
-55.550449 155.103729 -228.293198
-26.196310 155.096848 -228.398056
-55.558876 155.150223 -230.654938
-55.558876 155.150223 -230.654938
-26.204735 155.143341 -230.759796
-55.550449 155.103729 -228.293198
-26.196310 155.096848 -228.398056
-55.550449 155.103729 -228.293198
-55.568962 122.085770 -231.305878
-55.560535 122.039276 -228.944138
-55.558876 155.150223 -230.654938
-55.558876 155.150223 -230.654938
-55.550449 155.103729 -228.293198
-55.568962 122.085770 -231.305878
-55.560535 122.039276 -228.944138
-131.493332 158.477631 -195.657608
-133.596939 86.491501 -199.438934
-131.515305 86.444336 -197.075699
-133.574966 158.524796 -198.020844
-133.574966 158.524796 -198.020844
-131.493332 158.477631 -195.657608
-133.596939 86.491501 -199.438934
-131.515305 86.444336 -197.075699
-133.574966 158.524796 -198.020844
-133.596939 86.491501 -199.438934
-131.515305 86.444336 -197.075699
-131.493332 158.477631 -195.657608
-138.597839 158.439270 -193.598358
-133.596939 86.491501 -199.438934
-133.574966 158.524796 -198.020844
-138.619797 86.405968 -195.016449
-138.619797 86.405968 -195.016449
-138.597839 158.439270 -193.598358
-133.596939 86.491501 -199.438934
-133.574966 158.524796 -198.020844
-138.597839 158.439270 -193.598358
-138.619797 86.405968 -195.016449
-131.515305 86.444336 -197.075699
-138.619797 86.405968 -195.016449
-136.538254 86.358803 -192.653214
-133.596939 86.491501 -199.438934
-133.596939 86.491501 -199.438934
-131.515305 86.444336 -197.075699
-138.619797 86.405968 -195.016449
-136.538254 86.358803 -192.653214
-136.538254 86.358803 -192.653214
-136.538254 86.358803 -192.653214
-131.493332 158.477631 -195.657608
-131.515305 86.444336 -197.075699
-136.516281 158.392105 -191.235123
-136.516281 158.392105 -191.235123
-136.538254 86.358803 -192.653214
-131.493332 158.477631 -195.657608
-131.515305 86.444336 -197.075699
-136.516281 158.392105 -191.235123
-138.597839 158.439270 -193.598358
-131.493332 158.477631 -195.657608
-136.516281 158.392105 -191.235123
-133.574966 158.524796 -198.020844
-133.574966 158.524796 -198.020844
-138.597839 158.439270 -193.598358
-131.493332 158.477631 -195.657608
-136.516281 158.392105 -191.235123
-150.967819 82.763412 -209.707123
-161.719711 166.341965 -220.302368
-161.746155 79.654961 -222.008957
-150.943420 162.745148 -208.132553
-150.943420 162.745148 -208.132553
-150.967819 82.763412 -209.707123
-161.719711 166.341965 -220.302368
-161.746155 79.654961 -222.008957
-150.967819 82.763412 -209.707123
-150.943420 162.745148 -208.132553
-161.719711 166.341965 -220.302368
-161.746155 79.654961 -222.008957
-150.851868 81.865181 -208.401199
-162.337097 79.644897 -221.488663
-163.044678 78.348831 -222.317291
-151.558777 82.753357 -209.186829
-150.826935 163.591171 -206.792282
-151.534378 162.735077 -207.612259
-162.310669 166.331894 -219.782074
-163.017441 167.659958 -220.559052
-162.310669 166.331894 -219.782074
-162.337097 79.644897 -221.488663
-163.017441 167.659958 -220.559052
-163.044678 78.348831 -222.317291
-150.826935 163.591171 -206.792282
-151.534378 162.735077 -207.612259
-151.558777 82.753357 -209.186829
-150.851868 81.865181 -208.401199
-163.044678 78.348831 -222.317291
-150.851868 81.865181 -208.401199
-150.826935 163.591171 -206.792282
-163.017441 167.659958 -220.559052
-151.558777 82.753357 -209.186829
-151.534378 162.735077 -207.612259
-162.337097 79.644897 -221.488663
-162.310669 166.331894 -219.782074
-163.044678 78.348831 -222.317291
-150.556381 81.870209 -208.661331
-150.851868 81.865181 -208.401199
-162.749207 78.353859 -222.577454
-162.749207 78.353859 -222.577454
-163.044678 78.348831 -222.317291
-150.556381 81.870209 -208.661331
-150.851868 81.865181 -208.401199
-162.749207 78.353859 -222.577454
-150.556381 81.870209 -208.661331
-150.826935 163.591171 -206.792282
-150.556381 81.870209 -208.661331
-150.531464 163.596191 -207.052414
-150.851868 81.865181 -208.401199
-150.851868 81.865181 -208.401199
-150.826935 163.591171 -206.792282
-150.556381 81.870209 -208.661331
-150.531464 163.596191 -207.052414
-150.531464 163.596191 -207.052414
-150.531464 163.596191 -207.052414
-163.017441 167.659958 -220.559052
-150.826935 163.591171 -206.792282
-162.721954 167.664978 -220.819214
-162.721954 167.664978 -220.819214
-150.531464 163.596191 -207.052414
-163.017441 167.659958 -220.559052
-150.826935 163.591171 -206.792282
-162.721954 167.664978 -220.819214
-163.044678 78.348831 -222.317291
-162.721954 167.664978 -220.819214
-162.749207 78.353859 -222.577454
-163.017441 167.659958 -220.559052
-163.017441 167.659958 -220.559052
-163.044678 78.348831 -222.317291
-162.721954 167.664978 -220.819214
-162.749207 78.353859 -222.577454
-150.967819 82.763412 -209.707123
-151.534378 162.735077 -207.612259
-150.943420 162.745148 -208.132553
-151.558777 82.753357 -209.186829
-151.558777 82.753357 -209.186829
-150.967819 82.763412 -209.707123
-151.534378 162.735077 -207.612259
-150.943420 162.745148 -208.132553
-151.558777 82.753357 -209.186829
-150.967819 82.763412 -209.707123
-151.534378 162.735077 -207.612259
-150.943420 162.745148 -208.132553
-150.967819 82.763412 -209.707123
-162.337097 79.644897 -221.488663
-151.558777 82.753357 -209.186829
-161.746155 79.654961 -222.008957
-161.746155 79.654961 -222.008957
-150.967819 82.763412 -209.707123
-162.337097 79.644897 -221.488663
-151.558777 82.753357 -209.186829
-162.337097 79.644897 -221.488663
-161.746155 79.654961 -222.008957
-162.310669 166.331894 -219.782074
-150.943420 162.745148 -208.132553
-151.534378 162.735077 -207.612259
-161.719711 166.341965 -220.302368
-161.719711 166.341965 -220.302368
-162.310669 166.331894 -219.782074
-150.943420 162.745148 -208.132553
-151.534378 162.735077 -207.612259
-162.310669 166.331894 -219.782074
-161.719711 166.341965 -220.302368
-162.310669 166.331894 -219.782074
-161.746155 79.654961 -222.008957
-161.719711 166.341965 -220.302368
-162.337097 79.644897 -221.488663
-162.337097 79.644897 -221.488663
-162.310669 166.331894 -219.782074
-161.746155 79.654961 -222.008957
-161.719711 166.341965 -220.302368
0.150790 164.881195 -330.084930
0.130456 81.776443 -330.317505
0.125451 81.804062 -331.720459
0.155315 163.279068 -328.713013
0.519643 161.268448 -226.588150
0.517984 128.157501 -224.877350
0.509558 128.203995 -227.239090
0.528549 162.796463 -224.195419
0.150790 164.881195 -330.084930
0.519643 161.268448 -226.588150
0.528549 162.796463 -224.195419
0.517984 128.157501 -224.877350
0.509558 128.203995 -227.239090
0.155315 163.279068 -328.713013
0.130456 81.776443 -330.317505
0.125451 81.804062 -331.720459
0.517984 128.157501 -224.877350
0.528549 162.796463 -224.195419
0.509558 128.203995 -227.239090
0.519643 161.268448 -226.588150
0.155315 163.279068 -328.713013
0.130456 81.776443 -330.317505
0.125451 81.804062 -331.720459
0.150790 164.881195 -330.084930
-10.081368 162.798950 -224.157516
0.517984 128.157501 -224.877350
0.528549 162.796463 -224.195419
-10.091933 128.159988 -224.839447
-10.091933 128.159988 -224.839447
-10.081368 162.798950 -224.157516
0.517984 128.157501 -224.877350
0.528549 162.796463 -224.195419
-10.081368 162.798950 -224.157516
-10.091933 128.159988 -224.839447
-10.100359 128.206482 -227.201187
0.517984 128.157501 -224.877350
-10.091933 128.159988 -224.839447
0.509558 128.203995 -227.239090
0.509558 128.203995 -227.239090
-10.100359 128.206482 -227.201187
0.517984 128.157501 -224.877350
-10.091933 128.159988 -224.839447
-10.100359 128.206482 -227.201187
-10.100359 128.206482 -227.201187
0.519643 161.268448 -226.588150
0.509558 128.203995 -227.239090
-10.090274 161.270935 -226.550247
-10.090274 161.270935 -226.550247
-10.100359 128.206482 -227.201187
0.519643 161.268448 -226.588150
0.509558 128.203995 -227.239090
-10.090274 161.270935 -226.550247
-10.454602 163.281555 -328.675110
0.519643 161.268448 -226.588150
-10.090274 161.270935 -226.550247
0.155315 163.279068 -328.713013
0.155315 163.279068 -328.713013
-10.454602 163.281555 -328.675110
0.519643 161.268448 -226.588150
-10.090274 161.270935 -226.550247
-10.454602 163.281555 -328.675110
-10.454602 163.281555 -328.675110
0.130456 81.776443 -330.317505
0.155315 163.279068 -328.713013
-10.479462 81.778938 -330.279602
-10.479462 81.778938 -330.279602
-10.454602 163.281555 -328.675110
0.130456 81.776443 -330.317505
0.155315 163.279068 -328.713013
-10.479462 81.778938 -330.279602
-10.484467 81.806557 -331.682556
0.130456 81.776443 -330.317505
-10.479462 81.778938 -330.279602
0.125451 81.804062 -331.720459
0.125451 81.804062 -331.720459
-10.484467 81.806557 -331.682556
0.130456 81.776443 -330.317505
-10.479462 81.778938 -330.279602
-10.484467 81.806557 -331.682556
0.125451 81.804062 -331.720459
-10.459126 164.883682 -330.047028
0.150790 164.881195 -330.084930
-10.484467 81.806557 -331.682556
-10.484467 81.806557 -331.682556
0.125451 81.804062 -331.720459
-10.459126 164.883682 -330.047028
0.150790 164.881195 -330.084930
-10.459126 164.883682 -330.047028
0.150790 164.881195 -330.084930
-10.081368 162.798950 -224.157516
0.528549 162.796463 -224.195419
-10.459126 164.883682 -330.047028
-10.459126 164.883682 -330.047028
0.150790 164.881195 -330.084930
-10.081368 162.798950 -224.157516
0.528549 162.796463 -224.195419
-10.081368 162.798950 -224.157516
-10.100359 128.206482 -227.201187
-10.091933 128.159988 -224.839447
-10.090274 161.270935 -226.550247
-10.454602 163.281555 -328.675110
-10.484467 81.806557 -331.682556
-10.479462 81.778938 -330.279602
-10.459126 164.883682 -330.047028
-10.081368 162.798950 -224.157516
-10.454602 163.281555 -328.675110
-10.459126 164.883682 -330.047028
-10.484467 81.806557 -331.682556
-10.479462 81.778938 -330.279602
-10.090274 161.270935 -226.550247
-10.100359 128.206482 -227.201187
-10.091933 128.159988 -224.839447
0.033986 80.432373 -262.042999
-0.084330 79.902466 -295.130493
-0.083970 81.083336 -295.107239
0.033626 79.251495 -262.066254
0.033626 79.251495 -262.066254
0.033986 80.432373 -262.042999
-0.084330 79.902466 -295.130493
-0.083970 81.083336 -295.107239
-0.084330 79.902466 -295.130493
0.033626 79.251495 -262.066254
-0.083970 81.083336 -295.107239
0.033986 80.432373 -262.042999
-10.236254 79.253906 -262.029572
-0.084330 79.902466 -295.130493
0.033626 79.251495 -262.066254
-10.354210 79.904877 -295.093811
-10.354210 79.904877 -295.093811
-10.236254 79.253906 -262.029572
-0.084330 79.902466 -295.130493
0.033626 79.251495 -262.066254
-10.236254 79.253906 -262.029572
-10.354210 79.904877 -295.093811
-10.353849 81.085747 -295.070557
-0.084330 79.902466 -295.130493
-10.354210 79.904877 -295.093811
-0.083970 81.083336 -295.107239
-0.083970 81.083336 -295.107239
-10.353849 81.085747 -295.070557
-0.084330 79.902466 -295.130493
-10.354210 79.904877 -295.093811
-10.353849 81.085747 -295.070557
-10.353849 81.085747 -295.070557
0.033986 80.432373 -262.042999
-0.083970 81.083336 -295.107239
-10.235894 80.434784 -262.006317
-10.235894 80.434784 -262.006317
-10.353849 81.085747 -295.070557
0.033986 80.432373 -262.042999
-0.083970 81.083336 -295.107239
-10.235894 80.434784 -262.006317
0.033986 80.432373 -262.042999
-10.236254 79.253906 -262.029572
0.033626 79.251495 -262.066254
-10.235894 80.434784 -262.006317
-10.235894 80.434784 -262.006317
0.033986 80.432373 -262.042999
-10.236254 79.253906 -262.029572
0.033626 79.251495 -262.066254
-10.236254 79.253906 -262.029572
-10.353849 81.085747 -295.070557
-10.354210 79.904877 -295.093811
-10.235894 80.434784 -262.006317
-10.235894 80.434784 -262.006317
-10.236254 79.253906 -262.029572
-10.353849 81.085747 -295.070557
-10.354210 79.904877 -295.093811
-0.012406 62.462215 -273.850189
-0.008016 62.229698 -272.606018
-0.009388 62.230312 -272.990112
-0.006207 62.228901 -272.099396
-0.003078 62.458076 -271.238617
-0.015054 62.908821 -274.620911
-0.000216 62.902248 -270.466492
-0.017152 63.539688 -275.249756
0.002185 63.531113 -269.835663
-0.018558 64.311821 -275.693909
0.003962 64.301826 -269.389038
-0.018897 64.785561 -275.820099
0.004992 65.161873 -269.157135
-0.019174 65.172600 -275.923096
-0.018960 66.063354 -275.921722
0.005206 66.052643 -269.155731
-0.017930 66.923409 -275.689789
0.004929 66.439674 -269.258759
0.004589 66.913414 -269.384888
-0.016154 67.694122 -275.243195
0.003184 67.685547 -269.829071
-0.013753 68.322990 -274.612335
0.001085 68.316414 -270.457947
-0.010891 68.767143 -273.840210
-0.001563 68.763008 -271.228668
-0.007762 68.996338 -272.979462
-0.004581 68.994926 -272.088684
-0.005953 68.995537 -272.472809
-0.005953 68.995537 -272.472809
-0.007762 68.996338 -272.979462
-0.004581 68.994926 -272.088684
-0.001563 68.763008 -271.228668
-0.010891 68.767143 -273.840210
0.001085 68.316414 -270.457947
-0.013753 68.322990 -274.612335
0.003184 67.685547 -269.829071
-0.016154 67.694122 -275.243195
0.004589 66.913414 -269.384888
-0.017930 66.923409 -275.689789
0.004929 66.439674 -269.258759
0.005206 66.052643 -269.155731
-0.018960 66.063354 -275.921722
0.004992 65.161873 -269.157135
-0.019174 65.172600 -275.923096
-0.018897 64.785561 -275.820099
0.003962 64.301826 -269.389038
-0.018558 64.311821 -275.693909
0.002185 63.531113 -269.835663
-0.017152 63.539688 -275.249756
-0.000216 62.902248 -270.466492
-0.015054 62.908821 -274.620911
-0.003078 62.458076 -271.238617
-0.012406 62.462215 -273.850189
-0.006207 62.228901 -272.099396
-0.008016 62.229698 -272.606018
-0.009388 62.230312 -272.990112
-0.008016 62.229698 -272.606018
-0.006207 62.228901 -272.099396
-0.009388 62.230312 -272.990112
-0.012406 62.462215 -273.850189
-0.015054 62.908821 -274.620911
-0.017152 63.539688 -275.249756
-0.018558 64.311821 -275.693909
-0.018897 64.785561 -275.820099
-0.019174 65.172600 -275.923096
-0.018960 66.063354 -275.921722
-0.017930 66.923409 -275.689789
-0.016154 67.694122 -275.243195
-0.013753 68.322990 -274.612335
-0.010891 68.767143 -273.840210
-0.007762 68.996338 -272.979462
-0.005953 68.995537 -272.472809
-0.004581 68.994926 -272.088684
-0.001563 68.763008 -271.228668
0.001085 68.316414 -270.457947
0.003184 67.685547 -269.829071
0.004589 66.913414 -269.384888
0.004929 66.439674 -269.258759
0.005206 66.052643 -269.155731
0.004992 65.161873 -269.157135
0.003962 64.301826 -269.389038
0.002185 63.531113 -269.835663
-0.000216 62.902248 -270.466492
-0.003078 62.458076 -271.238617
-10.234360 63.533516 -269.799103
-0.000216 62.902248 -270.466492
0.002185 63.531113 -269.835663
-10.236761 62.904652 -270.429932
-10.236761 62.904652 -270.429932
-10.234360 63.533516 -269.799103
-0.000216 62.902248 -270.466492
0.002185 63.531113 -269.835663
-10.236761 62.904652 -270.429932
-10.234360 63.533516 -269.799103
-0.000216 62.902248 -270.466492
0.002185 63.531113 -269.835663
-10.239623 62.460480 -271.202057
-0.003078 62.458076 -271.238617
-0.003078 62.458076 -271.238617
-10.239623 62.460480 -271.202057
-10.239623 62.460480 -271.202057
-0.003078 62.458076 -271.238617
-10.232584 64.304230 -269.352478
0.003962 64.301826 -269.389038
-10.232584 64.304230 -269.352478
0.003962 64.301826 -269.389038
-10.232584 64.304230 -269.352478
0.003962 64.301826 -269.389038
-0.006207 62.228901 -272.099396
-10.242752 62.231304 -272.062836
-10.242752 62.231304 -272.062836
-0.006207 62.228901 -272.099396
-10.242752 62.231304 -272.062836
-0.006207 62.228901 -272.099396
-10.231554 65.164276 -269.120575
0.004992 65.161873 -269.157135
-10.231554 65.164276 -269.120575
0.004992 65.161873 -269.157135
-10.231554 65.164276 -269.120575
0.004992 65.161873 -269.157135
-10.244561 62.232101 -272.569458
-0.008016 62.229698 -272.606018
-10.245934 62.232716 -272.953552
-0.009388 62.230312 -272.990112
-0.009388 62.230312 -272.990112
-10.245934 62.232716 -272.953552
-0.008016 62.229698 -272.606018
-10.244561 62.232101 -272.569458
-0.009388 62.230312 -272.990112
-0.008016 62.229698 -272.606018
-10.244561 62.232101 -272.569458
-10.245934 62.232716 -272.953552
-10.231339 66.055046 -269.119171
0.005206 66.052643 -269.155731
-10.231339 66.055046 -269.119171
0.005206 66.052643 -269.155731
-10.231339 66.055046 -269.119171
0.005206 66.052643 -269.155731
-10.248951 62.464619 -273.813629
-0.012406 62.462215 -273.850189
-0.012406 62.462215 -273.850189
-10.248951 62.464619 -273.813629
-10.248951 62.464619 -273.813629
-0.012406 62.462215 -273.850189
-10.231956 66.915817 -269.348328
0.004929 66.439674 -269.258759
0.004589 66.913414 -269.384888
-10.231617 66.442078 -269.222198
-10.231617 66.442078 -269.222198
-10.231956 66.915817 -269.348328
0.004929 66.439674 -269.258759
0.004589 66.913414 -269.384888
-10.231617 66.442078 -269.222198
-10.231956 66.915817 -269.348328
0.004929 66.439674 -269.258759
0.004589 66.913414 -269.384888
-10.251599 62.911224 -274.584351
-0.015054 62.908821 -274.620911
-0.015054 62.908821 -274.620911
-10.251599 62.911224 -274.584351
-10.251599 62.911224 -274.584351
-0.015054 62.908821 -274.620911
0.003184 67.685547 -269.829071
-10.233361 67.687950 -269.792511
-10.233361 67.687950 -269.792511
0.003184 67.685547 -269.829071
-10.233361 67.687950 -269.792511
0.003184 67.685547 -269.829071
-0.017152 63.539688 -275.249756
-10.253697 63.542091 -275.213196
-10.253697 63.542091 -275.213196
-0.017152 63.539688 -275.249756
-10.253697 63.542091 -275.213196
-0.017152 63.539688 -275.249756
0.001085 68.316414 -270.457947
-10.235460 68.318817 -270.421387
-10.235460 68.318817 -270.421387
0.001085 68.316414 -270.457947
-10.235460 68.318817 -270.421387
0.001085 68.316414 -270.457947
-10.255103 64.314224 -275.657349
-0.018558 64.311821 -275.693909
-10.255103 64.314224 -275.657349
-0.018558 64.311821 -275.693909
-10.255103 64.314224 -275.657349
-0.018558 64.311821 -275.693909
-0.001563 68.763008 -271.228668
-10.238108 68.765411 -271.192108
-10.238108 68.765411 -271.192108
-0.001563 68.763008 -271.228668
-10.238108 68.765411 -271.192108
-0.001563 68.763008 -271.228668
-0.018897 64.785561 -275.820099
-0.019174 65.172600 -275.923096
-10.255720 65.175003 -275.886536
-10.255443 64.787964 -275.783539
-10.255443 64.787964 -275.783539
-10.255720 65.175003 -275.886536
-0.019174 65.172600 -275.923096
-0.018897 64.785561 -275.820099
-10.255443 64.787964 -275.783539
-10.255720 65.175003 -275.886536
-0.019174 65.172600 -275.923096
-0.018897 64.785561 -275.820099
-0.004581 68.994926 -272.088684
-10.241126 68.997330 -272.052124
-10.241126 68.997330 -272.052124
-0.004581 68.994926 -272.088684
-10.241126 68.997330 -272.052124
-0.004581 68.994926 -272.088684
-0.018960 66.063354 -275.921722
-10.255506 66.065758 -275.885162
-10.255506 66.065758 -275.885162
-0.018960 66.063354 -275.921722
-10.255506 66.065758 -275.885162
-0.018960 66.063354 -275.921722
-0.005953 68.995537 -272.472809
-10.242497 68.997940 -272.436249
-0.007762 68.996338 -272.979462
-10.244308 68.998741 -272.942902
-10.244308 68.998741 -272.942902
-0.007762 68.996338 -272.979462
-10.242497 68.997940 -272.436249
-0.005953 68.995537 -272.472809
-10.242497 68.997940 -272.436249
-10.244308 68.998741 -272.942902
-0.005953 68.995537 -272.472809
-0.007762 68.996338 -272.979462
-0.017930 66.923409 -275.689789
-10.254476 66.925812 -275.653229
-10.254476 66.925812 -275.653229
-0.017930 66.923409 -275.689789
-10.254476 66.925812 -275.653229
-0.017930 66.923409 -275.689789
-0.010891 68.767143 -273.840210
-10.247436 68.769547 -273.803650
-10.247436 68.769547 -273.803650
-0.010891 68.767143 -273.840210
-10.247436 68.769547 -273.803650
-0.010891 68.767143 -273.840210
-0.016154 67.694122 -275.243195
-10.252699 67.696526 -275.206635
-10.252699 67.696526 -275.206635
-0.016154 67.694122 -275.243195
-10.252699 67.696526 -275.206635
-0.016154 67.694122 -275.243195
-0.013753 68.322990 -274.612335
-10.250299 68.325394 -274.575775
-10.250299 68.325394 -274.575775
-0.013753 68.322990 -274.612335
-10.250299 68.325394 -274.575775
-0.013753 68.322990 -274.612335
-146.972137 73.792007 -245.022903
-162.139954 70.271591 -262.317993
-162.693192 69.258118 -262.965942
-147.524872 74.486526 -245.637222
-146.941849 173.097122 -243.067902
-147.495010 172.427689 -243.709076
-162.107300 177.304825 -260.210846
-162.659927 178.343323 -260.818420
-162.107300 177.304825 -260.210846
-162.139954 70.271591 -262.317993
-162.659927 178.343323 -260.818420
-162.693192 69.258118 -262.965942
-146.941849 173.097122 -243.067902
-147.495010 172.427689 -243.709076
-147.524872 74.486526 -245.637222
-146.972137 73.792007 -245.022903
-162.693192 69.258118 -262.965942
-146.972137 73.792007 -245.022903
-146.941849 173.097122 -243.067902
-162.659927 178.343323 -260.818420
-162.107300 177.304825 -260.210846
-162.139954 70.271591 -262.317993
-147.495010 172.427689 -243.709076
-147.524872 74.486526 -245.637222
-162.693192 69.258118 -262.965942
-146.381302 73.802063 -245.543198
-146.972137 73.792007 -245.022903
-162.102341 69.268181 -263.486237
-162.102341 69.268181 -263.486237
-162.693192 69.258118 -262.965942
-146.381302 73.802063 -245.543198
-146.972137 73.792007 -245.022903
-162.102341 69.268181 -263.486237
-146.381302 73.802063 -245.543198
-146.351013 173.107193 -243.588181
-146.972137 73.792007 -245.022903
-146.381302 73.802063 -245.543198
-146.941849 173.097122 -243.067902
-146.941849 173.097122 -243.067902
-146.351013 173.107193 -243.588181
-146.972137 73.792007 -245.022903
-146.381302 73.802063 -245.543198
-146.351013 173.107193 -243.588181
-146.351013 173.107193 -243.588181
-162.659927 178.343323 -260.818420
-146.941849 173.097122 -243.067902
-162.069077 178.353394 -261.338715
-162.069077 178.353394 -261.338715
-146.351013 173.107193 -243.588181
-162.659927 178.343323 -260.818420
-146.941849 173.097122 -243.067902
-162.069077 178.353394 -261.338715
-162.102341 69.268181 -263.486237
-162.659927 178.343323 -260.818420
-162.069077 178.353394 -261.338715
-162.693192 69.258118 -262.965942
-162.693192 69.258118 -262.965942
-162.102341 69.268181 -263.486237
-162.659927 178.343323 -260.818420
-162.069077 178.353394 -261.338715
-146.638550 74.501617 -246.417664
-161.220993 177.319916 -260.991241
-161.253632 70.286682 -263.098389
-146.608673 172.442780 -244.489517
-146.608673 172.442780 -244.489517
-146.638550 74.501617 -246.417664
-161.220993 177.319916 -260.991241
-161.253632 70.286682 -263.098389
-161.220993 177.319916 -260.991241
-161.253632 70.286682 -263.098389
-146.638550 74.501617 -246.417664
-146.608673 172.442780 -244.489517
-162.107300 177.304825 -260.210846
-161.253632 70.286682 -263.098389
-161.220993 177.319916 -260.991241
-162.139954 70.271591 -262.317993
-162.139954 70.271591 -262.317993
-162.107300 177.304825 -260.210846
-161.253632 70.286682 -263.098389
-161.220993 177.319916 -260.991241
-161.220993 177.319916 -260.991241
-161.253632 70.286682 -263.098389
-162.107300 177.304825 -260.210846
-162.139954 70.271591 -262.317993
-162.107300 177.304825 -260.210846
-146.608673 172.442780 -244.489517
-147.495010 172.427689 -243.709076
-161.220993 177.319916 -260.991241
-161.220993 177.319916 -260.991241
-162.107300 177.304825 -260.210846
-146.608673 172.442780 -244.489517
-147.495010 172.427689 -243.709076
-146.608673 172.442780 -244.489517
-147.495010 172.427689 -243.709076
-146.638550 74.501617 -246.417664
-162.139954 70.271591 -262.317993
-147.524872 74.486526 -245.637222
-161.253632 70.286682 -263.098389
-161.253632 70.286682 -263.098389
-146.638550 74.501617 -246.417664
-162.139954 70.271591 -262.317993
-147.524872 74.486526 -245.637222
-146.638550 74.501617 -246.417664
-147.524872 74.486526 -245.637222
-147.524872 74.486526 -245.637222
-146.608673 172.442780 -244.489517
-146.638550 74.501617 -246.417664
-147.495010 172.427689 -243.709076
-147.495010 172.427689 -243.709076
-147.524872 74.486526 -245.637222
-146.608673 172.442780 -244.489517
-146.638550 74.501617 -246.417664
-146.693787 66.025673 -288.112152
-160.966873 62.149921 -302.610413
-147.580200 66.010582 -287.331726
-160.080460 62.165020 -303.390900
-160.080460 62.165020 -303.390900
-146.693787 66.025673 -288.112152
-160.966873 62.149921 -302.610413
-147.580200 66.010582 -287.331726
-160.080460 62.165020 -303.390900
-146.693787 66.025673 -288.112152
-160.966873 62.149921 -302.610413
-147.580200 66.010582 -287.331726
-160.928787 187.005280 -300.152435
-160.080460 62.165020 -303.390900
-160.042374 187.020386 -300.932922
-160.966873 62.149921 -302.610413
-160.966873 62.149921 -302.610413
-160.928787 187.005280 -300.152435
-160.080460 62.165020 -303.390900
-160.042374 187.020386 -300.932922
-160.042374 187.020386 -300.932922
-160.928787 187.005280 -300.152435
-147.580200 66.010582 -287.331726
-146.658249 182.553223 -285.818115
-146.693787 66.025673 -288.112152
-147.544647 182.538116 -285.037659
-147.544647 182.538116 -285.037659
-147.580200 66.010582 -287.331726
-146.658249 182.553223 -285.818115
-146.693787 66.025673 -288.112152
-146.658249 182.553223 -285.818115
-147.544647 182.538116 -285.037659
-160.928787 187.005280 -300.152435
-146.658249 182.553223 -285.818115
-147.544647 182.538116 -285.037659
-160.042374 187.020386 -300.932922
-160.042374 187.020386 -300.932922
-160.928787 187.005280 -300.152435
-146.658249 182.553223 -285.818115
-147.544647 182.538116 -285.037659
-146.693787 66.025673 -288.112152
-160.042374 187.020386 -300.932922
-160.080460 62.165020 -303.390900
-146.658249 182.553223 -285.818115
-146.658249 182.553223 -285.818115
-146.693787 66.025673 -288.112152
-160.042374 187.020386 -300.932922
-160.080460 62.165020 -303.390900
-160.080460 62.165020 -303.390900
-146.693787 66.025673 -288.112152
-146.658249 182.553223 -285.818115
-160.042374 187.020386 -300.932922
-0.256233 122.110962 -346.027954
-0.249933 122.076195 -344.261963
-0.253118 121.977325 -345.147217
-0.259064 122.467972 -346.843994
-0.246894 122.400803 -343.432434
-0.261420 123.024040 -347.539856
-0.244208 122.929054 -342.715240
-0.263138 123.741264 -348.068115
-0.242058 123.624931 -342.159180
-0.264103 124.570778 -348.392792
-0.240591 124.441025 -341.802185
-0.264248 125.456039 -348.491547
-0.239907 125.321709 -341.668518
-0.263565 126.336723 -348.358002
-0.240053 126.206970 -341.767395
-0.262098 127.152809 -348.000977
-0.241018 127.036476 -342.092041
-0.259948 127.848686 -347.444885
-0.242736 127.753700 -342.620270
-0.257262 128.376938 -346.727661
-0.245091 128.309769 -343.316101
-0.254223 128.701553 -345.898193
-0.247923 128.666779 -344.132202
-0.251037 128.800415 -345.012878
-0.251037 128.800415 -345.012878
-0.254223 128.701553 -345.898193
-0.247923 128.666779 -344.132202
-0.245091 128.309769 -343.316101
-0.257262 128.376938 -346.727661
-0.242736 127.753700 -342.620270
-0.259948 127.848686 -347.444885
-0.241018 127.036476 -342.092041
-0.262098 127.152809 -348.000977
-0.240053 126.206970 -341.767395
-0.263565 126.336723 -348.358002
-0.239907 125.321709 -341.668518
-0.264248 125.456039 -348.491547
-0.240591 124.441025 -341.802185
-0.264103 124.570778 -348.392792
-0.242058 123.624931 -342.159180
-0.263138 123.741264 -348.068115
-0.244208 122.929054 -342.715240
-0.261420 123.024040 -347.539856
-0.246894 122.400803 -343.432434
-0.259064 122.467972 -346.843994
-0.249933 122.076195 -344.261963
-0.256233 122.110962 -346.027954
-0.253118 121.977325 -345.147217
-0.253118 121.977325 -345.147217
-0.249933 122.076195 -344.261963
-0.256233 122.110962 -346.027954
-0.259064 122.467972 -346.843994
-0.261420 123.024040 -347.539856
-0.263138 123.741264 -348.068115
-0.264103 124.570778 -348.392792
-0.264248 125.456039 -348.491547
-0.263565 126.336723 -348.358002
-0.262098 127.152809 -348.000977
-0.259948 127.848686 -347.444885
-0.257262 128.376938 -346.727661
-0.254223 128.701553 -345.898193
-0.251037 128.800415 -345.012878
-0.247923 128.666779 -344.132202
-0.245091 128.309769 -343.316101
-0.242736 127.753700 -342.620270
-0.241018 127.036476 -342.092041
-0.240053 126.206970 -341.767395
-0.239907 125.321709 -341.668518
-0.240591 124.441025 -341.802185
-0.242058 123.624931 -342.159180
-0.244208 122.929054 -342.715240
-0.246894 122.400803 -343.432434
-10.476908 203.575790 -346.900574
-0.239988 204.462921 -346.890778
-0.240363 203.573380 -346.937134
-10.476534 204.465332 -346.854218
-10.476534 204.465332 -346.854218
-10.476908 203.575790 -346.900574
-0.239988 204.462921 -346.890778
-0.240363 203.573380 -346.937134
-10.476534 204.465332 -346.854218
-10.476908 203.575790 -346.900574
-0.239988 204.462921 -346.890778
-0.240363 203.573380 -346.937134
-0.238807 205.310196 -346.615814
-10.475352 205.312607 -346.579254
-10.475352 205.312607 -346.579254
-0.238807 205.310196 -346.615814
-10.475352 205.312607 -346.579254
-0.238807 205.310196 -346.615814
-10.476450 202.704575 -346.715149
-0.239905 202.702164 -346.751709
-10.476450 202.704575 -346.715149
-0.239905 202.702164 -346.751709
-10.476450 202.704575 -346.715149
-0.239905 202.702164 -346.751709
-0.236899 206.057388 -346.130798
-10.473445 206.059799 -346.094238
-10.473445 206.059799 -346.094238
-0.236899 206.057388 -346.130798
-10.473445 206.059799 -346.094238
-0.236899 206.057388 -346.130798
-0.238645 201.908524 -346.347015
-10.475190 201.910934 -346.310455
-10.475190 201.910934 -346.310455
-0.238645 201.908524 -346.347015
-10.475190 201.910934 -346.310455
-0.238645 201.908524 -346.347015
-10.470941 206.655975 -345.432526
-0.234396 206.653564 -345.469086
-10.470941 206.655975 -345.432526
-0.234396 206.653564 -345.469086
-10.470941 206.655975 -345.432526
-0.234396 206.653564 -345.469086
-10.473216 201.249161 -345.714325
-0.236671 201.246750 -345.750885
-10.473216 201.249161 -345.714325
-0.236671 201.246750 -345.750885
-10.473216 201.249161 -345.714325
-0.236671 201.246750 -345.750885
-10.468012 207.060638 -344.639008
-0.231466 207.058228 -344.675568
-10.468012 207.060638 -344.639008
-0.231466 207.058228 -344.675568
-10.468012 207.060638 -344.639008
-0.231466 207.058228 -344.675568
-0.234116 200.761856 -345.003662
-10.470661 200.764267 -344.967102
-0.234116 200.761856 -345.003662
-10.470661 200.764267 -344.967102
-10.470661 200.764267 -344.967102
-0.234116 200.761856 -345.003662
-10.464855 207.246124 -343.767670
-0.228310 207.243713 -343.804230
-10.464855 207.246124 -343.767670
-0.228310 207.243713 -343.804230
-10.464855 207.246124 -343.767670
-0.228310 207.243713 -343.804230
-0.231154 200.486832 -344.156372
-10.467699 200.489243 -344.119812
-0.231154 200.486832 -344.156372
-10.467699 200.489243 -344.119812
-10.467699 200.489243 -344.119812
-0.231154 200.486832 -344.156372
-10.461689 207.199707 -342.878113
-0.225143 207.197296 -342.914673
-10.461689 207.199707 -342.878113
-0.225143 207.197296 -342.914673
-10.461689 207.199707 -342.878113
-0.225143 207.197296 -342.914673
-10.465726 200.460312 -343.565613
-0.227987 200.440399 -343.266846
-10.464533 200.442810 -343.230286
-0.229181 200.457901 -343.602173
-0.229181 200.457901 -343.602173
-10.465726 200.460312 -343.565613
-0.227987 200.440399 -343.266846
-10.464533 200.442810 -343.230286
-0.229181 200.457901 -343.602173
-0.227987 200.440399 -343.266846
-10.464533 200.442810 -343.230286
-10.465726 200.460312 -343.565613
-10.458727 206.924683 -342.030884
-0.222181 206.922272 -342.067444
-10.458727 206.924683 -342.030884
-0.222181 206.922272 -342.067444
-10.458727 206.924683 -342.030884
-0.222181 206.922272 -342.067444
-0.224832 200.625900 -342.395630
-10.461377 200.628311 -342.359070
-0.224832 200.625900 -342.395630
-10.461377 200.628311 -342.359070
-10.461377 200.628311 -342.359070
-0.224832 200.625900 -342.395630
-10.456171 206.439789 -341.283691
-0.219626 206.437378 -341.320251
-10.456171 206.439789 -341.283691
-0.219626 206.437378 -341.320251
-10.456171 206.439789 -341.283691
-0.219626 206.437378 -341.320251
-0.221902 201.030563 -341.602020
-10.458447 201.032974 -341.565460
-0.221902 201.030563 -341.602020
-10.458447 201.032974 -341.565460
-10.458447 201.032974 -341.565460
-0.221902 201.030563 -341.602020
-0.217652 205.775604 -340.724060
-10.454197 205.778015 -340.687500
-10.454197 205.778015 -340.687500
-0.217652 205.775604 -340.724060
-10.454197 205.778015 -340.687500
-0.217652 205.775604 -340.724060
-0.219398 201.626740 -340.940247
-10.455943 201.629150 -340.903687
-0.219398 201.626740 -340.940247
-10.455943 201.629150 -340.903687
-10.455943 201.629150 -340.903687
-0.219398 201.626740 -340.940247
-0.216393 204.981964 -340.319397
-10.452938 204.984375 -340.282837
-10.452938 204.984375 -340.282837
-0.216393 204.981964 -340.319397
-10.452938 204.984375 -340.282837
-0.216393 204.981964 -340.319397
-10.454036 202.376343 -340.418793
-0.217490 202.373932 -340.455353
-10.454036 202.376343 -340.418793
-0.217490 202.373932 -340.455353
-10.454036 202.376343 -340.418793
-0.217490 202.373932 -340.455353
-10.452480 204.113159 -340.097443
-0.215935 204.110748 -340.134003
-10.452480 204.113159 -340.097443
-0.215935 204.110748 -340.134003
-10.452480 204.113159 -340.097443
-0.215935 204.110748 -340.134003
-10.452854 203.223602 -340.143799
-0.216776 202.886276 -340.289032
-0.216309 203.221191 -340.180359
-10.453321 202.888687 -340.252472
-10.453321 202.888687 -340.252472
-10.452854 203.223602 -340.143799
-0.216776 202.886276 -340.289032
-0.216309 203.221191 -340.180359
-10.453321 202.888687 -340.252472
-10.452854 203.223602 -340.143799
-0.216776 202.886276 -340.289032
-0.216309 203.221191 -340.180359
-147.123413 65.436668 -286.824036
-160.966873 62.149921 -302.610413
-161.423981 61.312428 -303.145874
-147.580200 66.010582 -287.331726
-147.087524 183.091293 -284.507843
-147.544647 182.538116 -285.037659
-160.928787 187.005280 -300.152435
-161.385391 187.863495 -300.654510
-160.928787 187.005280 -300.152435
-160.966873 62.149921 -302.610413
-161.385391 187.863495 -300.654510
-161.423981 61.312428 -303.145874
-147.087524 183.091293 -284.507843
-147.544647 182.538116 -285.037659
-147.580200 66.010582 -287.331726
-147.123413 65.436668 -286.824036
-161.423981 61.312428 -303.145874
-147.123413 65.436668 -286.824036
-147.087524 183.091293 -284.507843
-161.385391 187.863495 -300.654510
-160.966873 62.149921 -302.610413
-147.580200 66.010582 -287.331726
-160.928787 187.005280 -300.152435
-147.544647 182.538116 -285.037659
-161.423981 61.312428 -303.145874
-146.532578 65.446732 -287.344360
-147.123413 65.436668 -286.824036
-160.833145 61.322495 -303.666199
-160.833145 61.322495 -303.666199
-161.423981 61.312428 -303.145874
-146.532578 65.446732 -287.344360
-147.123413 65.436668 -286.824036
-160.833145 61.322495 -303.666199
-146.532578 65.446732 -287.344360
-147.087524 183.091293 -284.507843
-146.532578 65.446732 -287.344360
-146.496689 183.101349 -285.028137
-147.123413 65.436668 -286.824036
-147.123413 65.436668 -286.824036
-147.087524 183.091293 -284.507843
-146.532578 65.446732 -287.344360
-146.496689 183.101349 -285.028137
-146.496689 183.101349 -285.028137
-146.496689 183.101349 -285.028137
-161.385391 187.863495 -300.654510
-147.087524 183.091293 -284.507843
-160.794540 187.873550 -301.174805
-160.794540 187.873550 -301.174805
-146.496689 183.101349 -285.028137
-161.385391 187.863495 -300.654510
-147.087524 183.091293 -284.507843
-160.794540 187.873550 -301.174805
-161.423981 61.312428 -303.145874
-160.794540 187.873550 -301.174805
-160.833145 61.322495 -303.666199
-161.385391 187.863495 -300.654510
-161.385391 187.863495 -300.654510
-161.423981 61.312428 -303.145874
-160.794540 187.873550 -301.174805
-160.833145 61.322495 -303.666199
-161.285995 199.031738 -341.197540
-146.529999 194.624817 -327.502563
-148.007385 194.599655 -326.201813
-159.808716 199.056900 -342.498260
-159.808716 199.056900 -342.498260
-161.285995 199.031738 -341.197540
-146.529999 194.624817 -327.502563
-148.007385 194.599655 -326.201813
-146.529999 194.624817 -327.502563
-159.808716 199.056900 -342.498260
-148.007385 194.599655 -326.201813
-161.285995 199.031738 -341.197540
-148.049774 55.578751 -328.938690
-146.529999 194.624817 -327.502563
-146.572403 55.603909 -330.239441
-148.007385 194.599655 -326.201813
-148.007385 194.599655 -326.201813
-148.049774 55.578751 -328.938690
-146.529999 194.624817 -327.502563
-146.572403 55.603909 -330.239441
-146.572403 55.603909 -330.239441
-148.049774 55.578751 -328.938690
-161.285995 199.031738 -341.197540
-159.853638 51.773666 -345.397766
-159.808716 199.056900 -342.498260
-161.330917 51.748508 -344.097076
-161.330917 51.748508 -344.097076
-161.285995 199.031738 -341.197540
-159.853638 51.773666 -345.397766
-159.808716 199.056900 -342.498260
-159.853638 51.773666 -345.397766
-161.330917 51.748508 -344.097076
-146.572403 55.603909 -330.239441
-161.330917 51.748508 -344.097076
-148.049774 55.578751 -328.938690
-159.853638 51.773666 -345.397766
-159.853638 51.773666 -345.397766
-146.572403 55.603909 -330.239441
-161.330917 51.748508 -344.097076
-148.049774 55.578751 -328.938690
-146.572403 55.603909 -330.239441
-159.808716 199.056900 -342.498260
-159.853638 51.773666 -345.397766
-146.529999 194.624817 -327.502563
-146.529999 194.624817 -327.502563
-146.572403 55.603909 -330.239441
-159.808716 199.056900 -342.498260
-159.853638 51.773666 -345.397766
-146.529999 194.624817 -327.502563
-159.808716 199.056900 -342.498260
-159.853638 51.773666 -345.397766
-146.572403 55.603909 -330.239441
-147.570816 54.976997 -328.406433
-161.330917 51.748508 -344.097076
-161.810318 50.870407 -344.658539
-148.049774 55.578751 -328.938690
-147.528046 195.179779 -325.646332
-148.007385 194.599655 -326.201813
-161.285995 199.031738 -341.197540
-161.764862 199.931534 -341.723969
-161.285995 199.031738 -341.197540
-161.330917 51.748508 -344.097076
-161.764862 199.931534 -341.723969
-161.810318 50.870407 -344.658539
-147.528046 195.179779 -325.646332
-148.007385 194.599655 -326.201813
-148.049774 55.578751 -328.938690
-147.570816 54.976997 -328.406433
-161.810318 50.870407 -344.658539
-147.570816 54.976997 -328.406433
-147.528046 195.179779 -325.646332
-161.764862 199.931534 -341.723969
-148.007385 194.599655 -326.201813
-161.285995 199.031738 -341.197540
-148.049774 55.578751 -328.938690
-161.330917 51.748508 -344.097076
-161.810318 50.870407 -344.658539
-146.684494 54.992096 -329.186859
-147.570816 54.976997 -328.406433
-160.923904 50.885502 -345.438965
-160.923904 50.885502 -345.438965
-161.810318 50.870407 -344.658539
-146.684494 54.992096 -329.186859
-147.570816 54.976997 -328.406433
-160.923904 50.885502 -345.438965
-146.684494 54.992096 -329.186859
-147.528046 195.179779 -325.646332
-146.684494 54.992096 -329.186859
-146.641739 195.194870 -326.426727
-147.570816 54.976997 -328.406433
-147.570816 54.976997 -328.406433
-147.528046 195.179779 -325.646332
-146.684494 54.992096 -329.186859
-146.641739 195.194870 -326.426727
-146.641739 195.194870 -326.426727
-146.641739 195.194870 -326.426727
-161.764862 199.931534 -341.723969
-147.528046 195.179779 -325.646332
-160.878448 199.946609 -342.504395
-160.878448 199.946609 -342.504395
-146.641739 195.194870 -326.426727
-161.764862 199.931534 -341.723969
-147.528046 195.179779 -325.646332
-160.878448 199.946609 -342.504395
-160.923904 50.885502 -345.438965
-161.764862 199.931534 -341.723969
-160.878448 199.946609 -342.504395
-161.810318 50.870407 -344.658539
-161.810318 50.870407 -344.658539
-160.923904 50.885502 -345.438965
-161.764862 199.931534 -341.723969
-160.878448 199.946609 -342.504395
-10.488680 163.813522 -347.583710
-0.252280 164.696320 -347.719025
-0.252135 163.811111 -347.620270
-10.488825 164.698730 -347.682465
-10.488825 164.698730 -347.682465
-10.488680 163.813522 -347.583710
-0.252280 164.696320 -347.719025
-0.252135 163.811111 -347.620270
-10.488825 164.698730 -347.682465
-10.488680 163.813522 -347.583710
-0.252280 164.696320 -347.719025
-0.252135 163.811111 -347.620270
-0.251596 165.577057 -347.585480
-10.488141 165.579468 -347.548920
-10.488141 165.579468 -347.548920
-0.251596 165.577057 -347.585480
-10.488141 165.579468 -347.548920
-0.251596 165.577057 -347.585480
-10.487715 162.983963 -347.259033
-0.251170 162.981552 -347.295593
-10.487715 162.983963 -347.259033
-0.251170 162.981552 -347.295593
-10.487715 162.983963 -347.259033
-0.251170 162.981552 -347.295593
-0.250129 166.393097 -347.228455
-10.486674 166.395508 -347.191895
-10.486674 166.395508 -347.191895
-0.250129 166.393097 -347.228455
-10.486674 166.395508 -347.191895
-0.250129 166.393097 -347.228455
-10.485996 162.266739 -346.730774
-0.249451 162.264328 -346.767334
-10.485996 162.266739 -346.730774
-0.249451 162.264328 -346.767334
-10.485996 162.266739 -346.730774
-0.249451 162.264328 -346.767334
-10.484525 167.091400 -346.635803
-0.247979 167.088989 -346.672363
-10.484525 167.091400 -346.635803
-0.247979 167.088989 -346.672363
-10.484525 167.091400 -346.635803
-0.247979 167.088989 -346.672363
-0.247096 161.708313 -346.071472
-10.483641 161.710724 -346.034912
-0.247096 161.708313 -346.071472
-10.483641 161.710724 -346.034912
-10.483641 161.710724 -346.034912
-0.247096 161.708313 -346.071472
-10.481838 167.619675 -345.918579
-0.245293 167.617264 -345.955139
-10.481838 167.619675 -345.918579
-0.245293 167.617264 -345.955139
-10.481838 167.619675 -345.918579
-0.245293 167.617264 -345.955139
-0.244264 161.351257 -345.255432
-10.480810 161.353668 -345.218872
-0.244264 161.351257 -345.255432
-10.480810 161.353668 -345.218872
-10.480810 161.353668 -345.218872
-0.244264 161.351257 -345.255432
-10.478800 167.944199 -345.089111
-0.242254 167.941788 -345.125671
-10.478800 167.944199 -345.089111
-0.242254 167.941788 -345.125671
-10.478800 167.944199 -345.089111
-0.242254 167.941788 -345.125671
-0.241150 161.217621 -344.374695
-10.477695 161.220032 -344.338135
-0.241150 161.217621 -344.374695
-10.477695 161.220032 -344.338135
-10.477695 161.220032 -344.338135
-0.241150 161.217621 -344.374695
-10.475614 168.043091 -344.203796
-0.239068 168.040680 -344.240356
-10.475614 168.043091 -344.203796
-0.239068 168.040680 -344.240356
-10.475614 168.043091 -344.203796
-0.239068 168.040680 -344.240356
-0.237964 161.316498 -343.489441
-10.474509 161.318909 -343.452881
-0.237964 161.316498 -343.489441
-10.474509 161.318909 -343.452881
-10.474509 161.318909 -343.452881
-0.237964 161.316498 -343.489441
-10.472500 167.909439 -343.323120
-0.235954 167.907028 -343.359680
-10.472500 167.909439 -343.323120
-0.235954 167.907028 -343.359680
-10.472500 167.909439 -343.323120
-0.235954 167.907028 -343.359680
-0.234925 161.641144 -342.659912
-10.471470 161.643555 -342.623352
-0.234925 161.641144 -342.659912
-10.471470 161.643555 -342.623352
-10.471470 161.643555 -342.623352
-0.234925 161.641144 -342.659912
-10.469667 167.552505 -342.507019
-0.233123 167.550095 -342.543579
-10.469667 167.552505 -342.507019
-0.233123 167.550095 -342.543579
-10.469667 167.552505 -342.507019
-0.233123 167.550095 -342.543579
-0.232239 162.169327 -341.942719
-10.468784 162.171738 -341.906158
-0.232239 162.169327 -341.942719
-10.468784 162.171738 -341.906158
-10.468784 162.171738 -341.906158
-0.232239 162.169327 -341.942719
-10.467313 166.996414 -341.811188
-0.230767 166.994003 -341.847748
-10.467313 166.996414 -341.811188
-0.230767 166.994003 -341.847748
-10.467313 166.996414 -341.811188
-0.230767 166.994003 -341.847748
-10.466635 162.867630 -341.350098
-0.230089 162.865219 -341.386658
-10.466635 162.867630 -341.350098
-0.230089 162.865219 -341.386658
-10.466635 162.867630 -341.350098
-0.230089 162.865219 -341.386658
-0.229049 166.276764 -341.319519
-10.465594 166.279175 -341.282959
-10.465594 166.279175 -341.282959
-0.229049 166.276764 -341.319519
-10.465594 166.279175 -341.282959
-0.229049 166.276764 -341.319519
-10.465168 163.683762 -340.993103
-0.228623 163.681351 -341.029663
-10.465168 163.683762 -340.993103
-0.228623 163.681351 -341.029663
-10.465168 163.683762 -340.993103
-0.228623 163.681351 -341.029663
-0.228084 165.447296 -340.994873
-10.464629 165.449707 -340.958313
-10.464629 165.449707 -340.958313
-0.228084 165.447296 -340.994873
-10.464629 165.449707 -340.958313
-0.228084 165.447296 -340.994873
-10.464483 164.564392 -340.859436
-0.227938 164.561981 -340.895996
-10.464483 164.564392 -340.859436
-0.227938 164.561981 -340.895996
-10.464483 164.564392 -340.859436
-0.227938 164.561981 -340.895996
-10.497965 123.026443 -347.503296
-0.259064 122.467972 -346.843994
-10.495609 122.470375 -346.807434
-0.261420 123.024040 -347.539856
-0.261420 123.024040 -347.539856
-10.497965 123.026443 -347.503296
-0.259064 122.467972 -346.843994
-10.495609 122.470375 -346.807434
-10.497965 123.026443 -347.503296
-10.495609 122.470375 -346.807434
-0.261420 123.024040 -347.539856
-0.259064 122.467972 -346.843994
-0.263138 123.741264 -348.068115
-10.499683 123.743668 -348.031555
-10.499683 123.743668 -348.031555
-0.263138 123.741264 -348.068115
-10.499683 123.743668 -348.031555
-0.263138 123.741264 -348.068115
-0.256233 122.110962 -346.027954
-10.492779 122.113365 -345.991394
-0.256233 122.110962 -346.027954
-10.492779 122.113365 -345.991394
-10.492779 122.113365 -345.991394
-0.256233 122.110962 -346.027954
-0.264103 124.570778 -348.392792
-10.500648 124.573181 -348.356232
-10.500648 124.573181 -348.356232
-0.264103 124.570778 -348.392792
-10.500648 124.573181 -348.356232
-0.264103 124.570778 -348.392792
-0.253118 121.977325 -345.147217
-10.489664 121.979729 -345.110657
-0.253118 121.977325 -345.147217
-10.489664 121.979729 -345.110657
-10.489664 121.979729 -345.110657
-0.253118 121.977325 -345.147217
-10.500793 125.458443 -348.454987
-0.264248 125.456039 -348.491547
-10.500793 125.458443 -348.454987
-0.264248 125.456039 -348.491547
-10.500793 125.458443 -348.454987
-0.264248 125.456039 -348.491547
-0.249933 122.076195 -344.261963
-10.486479 122.078598 -344.225403
-0.249933 122.076195 -344.261963
-10.486479 122.078598 -344.225403
-10.486479 122.078598 -344.225403
-0.249933 122.076195 -344.261963
-0.263565 126.336723 -348.358002
-10.500110 126.339127 -348.321442
-10.500110 126.339127 -348.321442
-0.263565 126.336723 -348.358002
-10.500110 126.339127 -348.321442
-0.263565 126.336723 -348.358002
-0.246894 122.400803 -343.432434
-10.483438 122.403206 -343.395874
-0.246894 122.400803 -343.432434
-10.483438 122.403206 -343.395874
-10.483438 122.403206 -343.395874
-0.246894 122.400803 -343.432434
-0.262098 127.152809 -348.000977
-10.498643 127.155212 -347.964417
-10.498643 127.155212 -347.964417
-0.262098 127.152809 -348.000977
-10.498643 127.155212 -347.964417
-0.262098 127.152809 -348.000977
-0.244208 122.929054 -342.715240
-10.480753 122.931458 -342.678680
-0.244208 122.929054 -342.715240
-10.480753 122.931458 -342.678680
-10.480753 122.931458 -342.678680
-0.244208 122.929054 -342.715240
-0.259948 127.848686 -347.444885
-10.496493 127.851089 -347.408325
-10.496493 127.851089 -347.408325
-0.259948 127.848686 -347.444885
-10.496493 127.851089 -347.408325
-0.259948 127.848686 -347.444885
-10.478603 123.627335 -342.122620
-0.242058 123.624931 -342.159180
-10.478603 123.627335 -342.122620
-0.242058 123.624931 -342.159180
-10.478603 123.627335 -342.122620
-0.242058 123.624931 -342.159180
-10.493807 128.379349 -346.691101
-0.257262 128.376938 -346.727661
-10.493807 128.379349 -346.691101
-0.257262 128.376938 -346.727661
-10.493807 128.379349 -346.691101
-0.257262 128.376938 -346.727661
-10.477137 124.443428 -341.765625
-0.240591 124.441025 -341.802185
-10.477137 124.443428 -341.765625
-0.240591 124.441025 -341.802185
-10.477137 124.443428 -341.765625
-0.240591 124.441025 -341.802185
-10.490768 128.703964 -345.861633
-0.254223 128.701553 -345.898193
-10.490768 128.703964 -345.861633
-0.254223 128.701553 -345.898193
-10.490768 128.703964 -345.861633
-0.254223 128.701553 -345.898193
-0.239907 125.321709 -341.668518
-10.476453 125.324112 -341.631958
-10.476453 125.324112 -341.631958
-0.239907 125.321709 -341.668518
-10.476453 125.324112 -341.631958
-0.239907 125.321709 -341.668518
-10.487582 128.802826 -344.976318
-0.251037 128.800415 -345.012878
-10.487582 128.802826 -344.976318
-0.251037 128.800415 -345.012878
-10.487582 128.802826 -344.976318
-0.251037 128.800415 -345.012878
-10.476598 126.209373 -341.730835
-0.240053 126.206970 -341.767395
-10.476598 126.209373 -341.730835
-0.240053 126.206970 -341.767395
-10.476598 126.209373 -341.730835
-0.240053 126.206970 -341.767395
-10.484468 128.669189 -344.095642
-0.247923 128.666779 -344.132202
-10.484468 128.669189 -344.095642
-0.247923 128.666779 -344.132202
-10.484468 128.669189 -344.095642
-0.247923 128.666779 -344.132202
-10.477563 127.038879 -342.055481
-0.241018 127.036476 -342.092041
-10.477563 127.038879 -342.055481
-0.241018 127.036476 -342.092041
-10.477563 127.038879 -342.055481
-0.241018 127.036476 -342.092041
-10.481637 128.312180 -343.279541
-0.245091 128.309769 -343.316101
-10.481637 128.312180 -343.279541
-0.245091 128.309769 -343.316101
-10.481637 128.312180 -343.279541
-0.245091 128.309769 -343.316101
-0.242736 127.753700 -342.620270
-10.479281 127.756104 -342.583710
-10.479281 127.756104 -342.583710
-0.242736 127.753700 -342.620270
-10.479281 127.756104 -342.583710
-0.242736 127.753700 -342.620270
-10.512408 85.071503 -349.053131
-0.276262 85.943703 -349.258575
-0.275863 85.069099 -349.089691
-10.512807 85.946106 -349.222015
-10.512807 85.946106 -349.222015
-10.512408 85.071503 -349.053131
-0.276262 85.943703 -349.258575
-0.275863 85.069099 -349.089691
-10.512807 85.946106 -349.222015
-10.512408 85.071503 -349.053131
-0.276262 85.943703 -349.258575
-0.275863 85.069099 -349.089691
-0.275827 86.832222 -349.195404
-10.512373 86.834625 -349.158844
-10.512373 86.834625 -349.158844
-0.275827 86.832222 -349.195404
-10.512373 86.834625 -349.158844
-0.275827 86.832222 -349.195404
-10.511206 84.270416 -348.663635
-0.274660 84.268013 -348.700195
-10.511206 84.270416 -348.663635
-0.274660 84.268013 -348.700195
-10.511206 84.270416 -348.663635
-0.274660 84.268013 -348.700195
-0.274590 87.674110 -348.904388
-10.511135 87.676514 -348.867828
-10.511135 87.676514 -348.867828
-0.274590 87.674110 -348.904388
-10.511135 87.676514 -348.867828
-0.274590 87.674110 -348.904388
-10.509278 83.597435 -348.080048
-0.272733 83.595032 -348.116608
-10.509278 83.597435 -348.080048
-0.272733 83.595032 -348.116608
-10.509278 83.597435 -348.080048
-0.272733 83.595032 -348.116608
-0.272634 88.411972 -348.405396
-10.509180 88.414375 -348.368835
-10.509180 88.414375 -348.368835
-0.272634 88.411972 -348.405396
-10.509180 88.414375 -348.368835
-0.272634 88.411972 -348.405396
-0.270215 83.096024 -347.378815
-10.506761 83.098427 -347.342255
-0.270215 83.096024 -347.378815
-10.506761 83.098427 -347.342255
-10.506761 83.098427 -347.342255
-0.270215 83.096024 -347.378815
-10.506639 88.997955 -347.695923
-0.270094 88.995552 -347.732483
-10.506639 88.997955 -347.695923
-0.270094 88.995552 -347.732483
-10.506639 88.997955 -347.695923
-0.270094 88.995552 -347.732483
-0.267276 82.805000 -346.536926
-10.503821 82.807404 -346.500366
-0.267276 82.805000 -346.536926
-10.503821 82.807404 -346.500366
-10.503821 82.807404 -346.500366
-0.267276 82.805000 -346.536926
-10.503686 89.387459 -346.894745
-0.267141 89.385056 -346.931305
-10.503686 89.387459 -346.894745
-0.267141 89.385056 -346.931305
-10.503686 89.387459 -346.894745
-0.267141 89.385056 -346.931305
-10.501625 82.763458 -345.882690
-0.264117 82.741776 -345.648346
-10.500662 82.744179 -345.611786
-0.265080 82.761055 -345.919250
-0.265080 82.761055 -345.919250
-10.501625 82.763458 -345.882690
-0.264117 82.741776 -345.648346
-10.500662 82.744179 -345.611786
-0.265080 82.761055 -345.919250
-0.264117 82.741776 -345.648346
-10.500662 82.744179 -345.611786
-10.501625 82.763458 -345.882690
-10.500523 89.556374 -346.020172
-0.263977 89.553970 -346.056732
-10.500523 89.556374 -346.020172
-0.263977 89.553970 -346.056732
-10.500523 89.556374 -346.020172
-0.263977 89.553970 -346.056732
-0.260953 82.910698 -344.773773
-10.497499 82.913101 -344.737213
-0.260953 82.910698 -344.773773
-10.497499 82.913101 -344.737213
-10.497499 82.913101 -344.737213
-0.260953 82.910698 -344.773773
-0.263014 89.534683 -345.785889
-10.497363 89.493149 -345.131683
-0.260818 89.490746 -345.168243
-10.499559 89.537086 -345.749329
-10.499559 89.537086 -345.749329
-0.263014 89.534683 -345.785889
-10.497363 89.493149 -345.131683
-0.260818 89.490746 -345.168243
-0.260818 89.490746 -345.168243
-0.263014 89.534683 -345.785889
-10.499559 89.537086 -345.749329
-10.497363 89.493149 -345.131683
-0.258000 83.300194 -343.972748
-10.494546 83.302597 -343.936188
-0.258000 83.300194 -343.972748
-10.494546 83.302597 -343.936188
-10.494546 83.302597 -343.936188
-0.258000 83.300194 -343.972748
-10.494424 89.202126 -344.289825
-0.257879 89.199722 -344.326385
-10.494424 89.202126 -344.289825
-0.257879 89.199722 -344.326385
-10.494424 89.202126 -344.289825
-0.257879 89.199722 -344.326385
-0.255459 83.883774 -343.299744
-10.492004 83.886177 -343.263184
-0.255459 83.883774 -343.299744
-10.492004 83.886177 -343.263184
-10.492004 83.886177 -343.263184
-0.255459 83.883774 -343.299744
-10.491905 88.703110 -343.551910
-0.255360 88.700706 -343.588470
-10.491905 88.703110 -343.551910
-0.255360 88.700706 -343.588470
-10.491905 88.703110 -343.551910
-0.255360 88.700706 -343.588470
-0.253504 84.621635 -342.800751
-10.490049 84.624039 -342.764191
-10.490049 84.624039 -342.764191
-0.253504 84.621635 -342.800751
-10.490049 84.624039 -342.764191
-0.253504 84.621635 -342.800751
-0.253434 88.027733 -343.004913
-10.489979 88.030136 -342.968353
-10.489979 88.030136 -342.968353
-0.253434 88.027733 -343.004913
-10.489979 88.030136 -342.968353
-0.253434 88.027733 -343.004913
-10.488811 85.465935 -342.473145
-0.252266 85.463531 -342.509705
-10.488811 85.465935 -342.473145
-0.252266 85.463531 -342.509705
-10.488811 85.465935 -342.473145
-0.252266 85.463531 -342.509705
-0.252230 87.226646 -342.615417
-10.488775 87.229050 -342.578857
-10.488775 87.229050 -342.578857
-0.252230 87.226646 -342.615417
-10.488775 87.229050 -342.578857
-0.252230 87.226646 -342.615417
-10.488378 86.354446 -342.409912
-0.251832 86.352043 -342.446472
-10.488378 86.354446 -342.409912
-0.251832 86.352043 -342.446472
-10.488378 86.354446 -342.409912
-0.251832 86.352043 -342.446472
-10.524250 45.743061 -349.784088
-0.288216 46.608585 -350.020966
-0.287704 45.740658 -349.820648
-10.524761 46.610989 -349.984406
-10.524761 46.610989 -349.984406
-10.524250 45.743061 -349.784088
-0.288216 46.608585 -350.020966
-0.287704 45.740658 -349.820648
-10.524761 46.610989 -349.984406
-10.524250 45.743061 -349.784088
-0.288216 46.608585 -350.020966
-0.287704 45.740658 -349.820648
-0.287896 47.498810 -349.989960
-10.524442 47.501213 -349.953400
-10.524442 47.501213 -349.953400
-0.287896 47.498810 -349.989960
-10.524442 47.501213 -349.953400
-0.287896 47.498810 -349.989960
-10.522941 44.956562 -349.365875
-0.286395 44.954159 -349.402435
-10.522941 44.956562 -349.365875
-0.286395 44.954159 -349.402435
-10.522941 44.956562 -349.365875
-0.286395 44.954159 -349.402435
-0.286766 48.350658 -349.729523
-10.523312 48.353062 -349.692963
-10.523312 48.353062 -349.692963
-0.286766 48.350658 -349.729523
-10.523312 48.353062 -349.692963
-0.286766 48.350658 -349.729523
-10.520924 44.305115 -348.758362
-0.284378 44.302711 -348.794922
-10.520924 44.305115 -348.758362
-0.284378 44.302711 -348.794922
-10.520924 44.305115 -348.758362
-0.284378 44.302711 -348.794922
-0.284903 49.106071 -349.257477
-10.521448 49.108475 -349.220917
-10.521448 49.108475 -349.220917
-0.284903 49.106071 -349.257477
-10.521448 49.108475 -349.220917
-0.284903 49.106071 -349.257477
-0.281790 43.830688 -348.039490
-10.518335 43.833092 -348.002930
-0.281790 43.830688 -348.039490
-10.518335 43.833092 -348.002930
-10.518335 43.833092 -348.002930
-0.281790 43.830688 -348.039490
-10.518978 49.715992 -348.569427
-0.282433 49.713589 -348.605988
-10.518978 49.715992 -348.569427
-0.282433 49.713589 -348.605988
-10.518978 49.715992 -348.569427
-0.282433 49.713589 -348.605988
-0.278808 43.570271 -347.187622
-10.515354 43.572674 -347.151062
-0.278808 43.570271 -347.187622
-10.515354 43.572674 -347.151062
-10.515354 43.572674 -347.151062
-0.278808 43.570271 -347.187622
-10.516071 50.134190 -347.782959
-0.279526 50.131786 -347.819519
-10.516071 50.134190 -347.782959
-0.279526 50.131786 -347.819519
-10.516071 50.134190 -347.782959
-0.279526 50.131786 -347.819519
-0.275636 43.539196 -346.297394
-10.512181 43.541599 -346.260834
-0.275636 43.539196 -346.297394
-10.512181 43.541599 -346.260834
-10.512181 43.541599 -346.260834
-0.275636 43.539196 -346.297394
-10.512923 50.334576 -346.915039
-0.276378 50.332172 -346.951599
-10.512923 50.334576 -346.915039
-0.276378 50.332172 -346.951599
-10.512923 50.334576 -346.915039
-0.276378 50.332172 -346.951599
-0.272488 43.739582 -345.429504
-10.509033 43.741985 -345.392944
-0.272488 43.739582 -345.429504
-10.509033 43.741985 -345.392944
-10.509033 43.741985 -345.392944
-0.272488 43.739582 -345.429504
-0.274975 50.318439 -346.557922
-10.509750 50.303501 -346.024811
-0.273206 50.301098 -346.061371
-10.511520 50.320843 -346.521362
-10.511520 50.320843 -346.521362
-0.274975 50.318439 -346.557922
-10.509750 50.303501 -346.024811
-0.273206 50.301098 -346.061371
-10.511520 50.320843 -346.521362
-10.509750 50.303501 -346.024811
-0.273206 50.301098 -346.061371
-0.274975 50.318439 -346.557922
-0.269581 44.157784 -344.643005
-10.506126 44.160187 -344.606445
-0.269581 44.157784 -344.643005
-10.506126 44.160187 -344.606445
-10.506126 44.160187 -344.606445
-0.269581 44.157784 -344.643005
-10.506769 50.043087 -345.172974
-0.270224 50.040684 -345.209534
-10.506769 50.043087 -345.172974
-0.270224 50.040684 -345.209534
-10.506769 50.043087 -345.172974
-0.270224 50.040684 -345.209534
-0.267111 44.765297 -343.991516
-10.503656 44.767700 -343.954956
-0.267111 44.765297 -343.991516
-10.503656 44.767700 -343.954956
-10.503656 44.767700 -343.954956
-0.267111 44.765297 -343.991516
-10.504182 49.571068 -344.417664
-0.267636 49.568665 -344.454224
-10.504182 49.571068 -344.417664
-0.267636 49.568665 -344.454224
-10.504182 49.571068 -344.417664
-0.267636 49.568665 -344.454224
-0.265248 45.520714 -343.519562
-10.501793 45.523117 -343.483002
-10.501793 45.523117 -343.483002
-0.265248 45.520714 -343.519562
-10.501793 45.523117 -343.483002
-0.265248 45.520714 -343.519562
-0.265619 48.917206 -343.846680
-10.502165 48.919609 -343.810120
-10.502165 48.919609 -343.810120
-0.265619 48.917206 -343.846680
-10.502165 48.919609 -343.810120
-0.265619 48.917206 -343.846680
-10.500663 46.374966 -343.222595
-0.264118 46.372562 -343.259155
-10.500663 46.374966 -343.222595
-0.264118 46.372562 -343.259155
-10.500663 46.374966 -343.222595
-0.264118 46.372562 -343.259155
-0.264310 48.130718 -343.428467
-10.500855 48.133121 -343.391907
-10.500855 48.133121 -343.391907
-0.264310 48.130718 -343.428467
-10.500855 48.133121 -343.391907
-0.264310 48.130718 -343.428467
-10.500343 47.265186 -343.191498
-0.263798 47.262783 -343.228058
-10.500343 47.265186 -343.191498
-0.263798 47.262783 -343.228058
-10.500343 47.265186 -343.191498
-0.263798 47.262783 -343.228058
-0.264093 47.762829 -343.343506
-10.500638 47.765232 -343.306946
-10.500638 47.765232 -343.306946
-0.264093 47.762829 -343.343506
-0.264093 47.762829 -343.343506
-10.500638 47.765232 -343.306946
-0.130009 55.326309 -306.304108
-10.368021 54.512623 -306.624573
-0.131476 54.510220 -306.661133
-10.366554 55.328712 -306.267548
-10.366554 55.328712 -306.267548
-0.130009 55.326309 -306.304108
-10.368021 54.512623 -306.624573
-0.131476 54.510220 -306.661133
-10.368021 54.512623 -306.624573
-10.366554 55.328712 -306.267548
-0.131476 54.510220 -306.661133
-0.130009 55.326309 -306.304108
-0.133626 53.814342 -307.217133
-10.370171 53.816746 -307.180573
-10.370171 53.816746 -307.180573
-0.133626 53.814342 -307.217133
-10.370171 53.816746 -307.180573
-0.133626 53.814342 -307.217133
-10.365870 56.209393 -306.133911
-0.129325 56.206989 -306.170471
-10.365870 56.209393 -306.133911
-0.129325 56.206989 -306.170471
-10.365870 56.209393 -306.133911
-0.129325 56.206989 -306.170471
-10.372857 53.288486 -307.897827
-0.136311 53.286083 -307.934387
-0.136311 53.286083 -307.934387
-10.372857 53.288486 -307.897827
-10.372857 53.288486 -307.897827
-0.136311 53.286083 -307.934387
-10.366016 57.094650 -306.232788
-0.129471 57.092247 -306.269348
-10.366016 57.094650 -306.232788
-0.129471 57.092247 -306.269348
-10.366016 57.094650 -306.232788
-0.129471 57.092247 -306.269348
-10.375896 52.963871 -308.727356
-0.139351 52.961468 -308.763916
-0.139351 52.961468 -308.763916
-10.375896 52.963871 -308.727356
-10.375896 52.963871 -308.727356
-0.139351 52.961468 -308.763916
-10.366981 57.924164 -306.557404
-0.129488 57.107754 -306.275330
-0.130436 57.921761 -306.593964
-10.366034 57.110157 -306.238770
-10.366034 57.110157 -306.238770
-10.366981 57.924164 -306.557404
-0.129488 57.107754 -306.275330
-0.130436 57.921761 -306.593964
-10.366034 57.110157 -306.238770
-10.366981 57.924164 -306.557404
-0.129488 57.107754 -306.275330
-0.130436 57.921761 -306.593964
-10.379082 52.865017 -309.612579
-0.142536 52.862614 -309.649139
-0.142536 52.862614 -309.649139
-10.379082 52.865017 -309.612579
-10.379082 52.865017 -309.612579
-0.142536 52.862614 -309.649139
-0.132154 58.638985 -307.122162
-10.368699 58.641388 -307.085602
-10.368699 58.641388 -307.085602
-0.132154 58.638985 -307.122162
-10.368699 58.641388 -307.085602
-0.132154 58.638985 -307.122162
-10.382195 52.998638 -310.493225
-0.145651 52.996235 -310.529785
-0.145651 52.996235 -310.529785
-10.382195 52.998638 -310.493225
-10.382195 52.998638 -310.493225
-0.145651 52.996235 -310.529785
-0.134509 59.195057 -307.818054
-10.371055 59.197460 -307.781494
-10.371055 59.197460 -307.781494
-0.134509 59.195057 -307.818054
-10.371055 59.197460 -307.781494
-0.134509 59.195057 -307.818054
-10.385027 53.355656 -311.309326
-0.148482 53.353252 -311.345886
-0.148482 53.353252 -311.345886
-10.385027 53.355656 -311.309326
-10.385027 53.355656 -311.309326
-0.148482 53.353252 -311.345886
-0.137341 59.552071 -308.634155
-10.373886 59.554474 -308.597595
-10.373886 59.554474 -308.597595
-0.137341 59.552071 -308.634155
-10.373886 59.554474 -308.597595
-0.137341 59.552071 -308.634155
-0.150837 53.909328 -312.041779
-10.387383 53.911732 -312.005219
-10.387383 53.911732 -312.005219
-0.150837 53.909328 -312.041779
-10.387383 53.911732 -312.005219
-0.150837 53.909328 -312.041779
-0.140455 59.685696 -309.514801
-10.377001 59.688099 -309.478241
-10.377001 59.688099 -309.478241
-0.140455 59.685696 -309.514801
-10.377001 59.688099 -309.478241
-0.140455 59.685696 -309.514801
-0.152556 54.626553 -312.570038
-10.389101 54.628956 -312.533478
-10.389101 54.628956 -312.533478
-0.152556 54.626553 -312.570038
-10.389101 54.628956 -312.533478
-0.152556 54.626553 -312.570038
-0.143640 59.586838 -310.400024
-10.380186 59.589241 -310.363464
-10.380186 59.589241 -310.363464
-0.143640 59.586838 -310.400024
-10.380186 59.589241 -310.363464
-0.143640 59.586838 -310.400024
-0.153503 55.440563 -312.888580
-0.153521 55.456062 -312.894592
-10.390066 55.458466 -312.858032
-10.390048 55.442966 -312.852020
-10.390048 55.442966 -312.852020
-10.390066 55.458466 -312.858032
-0.153521 55.456062 -312.894592
-0.153503 55.440563 -312.888580
-0.153521 55.456062 -312.894592
-0.153503 55.440563 -312.888580
-10.390048 55.442966 -312.852020
-10.390066 55.458466 -312.858032
-0.146680 59.262226 -311.229553
-10.383225 59.264629 -311.192993
-10.383225 59.264629 -311.192993
-0.146680 59.262226 -311.229553
-10.383225 59.264629 -311.192993
-0.146680 59.262226 -311.229553
-0.153666 56.341320 -312.993469
-10.390211 56.343723 -312.956909
-10.390211 56.343723 -312.956909
-0.153666 56.341320 -312.993469
-10.390211 56.343723 -312.956909
-0.153666 56.341320 -312.993469
-0.149366 58.733971 -311.946808
-10.385911 58.736374 -311.910248
-10.385911 58.736374 -311.910248
-0.149366 58.733971 -311.946808
-10.385911 58.736374 -311.910248
-0.149366 58.733971 -311.946808
-0.152982 57.222000 -312.859833
-10.389527 57.224403 -312.823273
-10.389527 57.224403 -312.823273
-0.152982 57.222000 -312.859833
-10.389527 57.224403 -312.823273
-0.152982 57.222000 -312.859833
-10.388061 58.040501 -312.466309
-0.151516 58.038097 -312.502869
-10.388061 58.040501 -312.466309
-0.151516 58.038097 -312.502869
-10.388061 58.040501 -312.466309
-0.151516 58.038097 -312.502869
-10.348533 192.913742 -310.261902
-0.111496 193.798538 -310.218933
-0.111988 192.911331 -310.298462
-10.348041 193.800949 -310.182373
-10.348041 193.800949 -310.182373
-10.348533 192.913742 -310.261902
-0.111496 193.798538 -310.218933
-0.111988 192.911331 -310.298462
-10.348041 193.800949 -310.182373
-10.348533 192.913742 -310.261902
-0.111496 193.798538 -310.218933
-0.111988 192.911331 -310.298462
-0.111169 194.010361 -310.141388
-0.110204 194.634964 -309.912415
-10.346749 194.637375 -309.875854
-10.347713 194.012772 -310.104828
-10.347713 194.012772 -310.104828
-10.346749 194.637375 -309.875854
-0.110204 194.634964 -309.912415
-0.111169 194.010361 -310.141388
-10.347713 194.012772 -310.104828
-10.346749 194.637375 -309.875854
-0.110204 194.634964 -309.912415
-0.111169 194.010361 -310.141388
-0.111648 192.033768 -310.145691
-10.348193 192.036179 -310.109131
-10.348193 192.036179 -310.109131
-0.111648 192.033768 -310.145691
-10.348193 192.036179 -310.109131
-0.111648 192.033768 -310.145691
-0.108203 195.363510 -309.400024
-10.344748 195.365921 -309.363464
-10.344748 195.365921 -309.363464
-0.108203 195.363510 -309.400024
-10.344748 195.365921 -309.363464
-0.108203 195.363510 -309.400024
-10.347044 191.228043 -309.734375
-0.110499 191.225632 -309.770935
-10.347044 191.228043 -309.734375
-0.110499 191.225632 -309.770935
-10.347044 191.228043 -309.734375
-0.110499 191.225632 -309.770935
-10.342173 195.936996 -308.679901
-0.105627 195.934586 -308.716461
-10.342173 195.936996 -308.679901
-0.105627 195.934586 -308.716461
-10.342173 195.936996 -308.679901
-0.105627 195.934586 -308.716461
-10.345165 190.544449 -309.163300
-0.108620 190.542038 -309.199860
-10.345165 190.544449 -309.163300
-0.108620 190.542038 -309.199860
-10.345165 190.544449 -309.163300
-0.108620 190.542038 -309.199860
-10.339198 196.311752 -307.871735
-0.102652 196.309341 -307.908295
-10.339198 196.311752 -307.871735
-0.102652 196.309341 -307.908295
-10.339198 196.311752 -307.871735
-0.102652 196.309341 -307.908295
-10.342683 190.032013 -308.434753
-0.106137 190.029602 -308.471313
-10.342683 190.032013 -308.434753
-0.106137 190.029602 -308.471313
-10.342683 190.032013 -308.434753
-0.106137 190.029602 -308.471313
-10.336027 196.464523 -306.994171
-0.099482 196.462112 -307.030731
-10.336027 196.464523 -306.994171
-0.099482 196.462112 -307.030731
-10.336027 196.464523 -306.994171
-0.099482 196.462112 -307.030731
-10.339767 189.725494 -307.598358
-0.103221 189.723083 -307.634918
-10.339767 189.725494 -307.598358
-0.103221 189.723083 -307.634918
-10.339767 189.725494 -307.598358
-0.103221 189.723083 -307.634918
-10.332876 196.384949 -306.106995
-0.096331 196.382538 -306.143555
-10.332876 196.384949 -306.106995
-0.096331 196.382538 -306.143555
-10.332876 196.384949 -306.106995
-0.096331 196.382538 -306.143555
-10.336617 189.646011 -306.711151
-0.100811 189.662201 -306.955963
-0.100071 189.643600 -306.747711
-10.337356 189.664612 -306.919403
-10.337356 189.664612 -306.919403
-0.100811 189.662201 -306.955963
-10.336617 189.646011 -306.711151
-0.100071 189.643600 -306.747711
-0.100811 189.662201 -306.955963
-0.100071 189.643600 -306.747711
-10.336617 189.646011 -306.711151
-10.337356 189.664612 -306.919403
-10.329961 196.078491 -305.270538
-0.093415 196.076080 -305.307098
-10.329961 196.078491 -305.270538
-0.093415 196.076080 -305.307098
-10.329961 196.078491 -305.270538
-0.093415 196.076080 -305.307098
-10.333446 189.798782 -305.833557
-0.096900 189.796371 -305.870117
-10.333446 189.798782 -305.833557
-0.096900 189.796371 -305.870117
-10.333446 189.798782 -305.833557
-0.096900 189.796371 -305.870117
-10.327478 195.566071 -304.542023
-0.090933 195.563660 -304.578583
-10.327478 195.566071 -304.542023
-0.090933 195.563660 -304.578583
-10.327478 195.566071 -304.542023
-0.090933 195.563660 -304.578583
-10.330471 190.173447 -305.025543
-0.093926 190.171036 -305.062103
-10.330471 190.173447 -305.025543
-0.093926 190.171036 -305.062103
-10.330471 190.173447 -305.025543
-0.093926 190.171036 -305.062103
-0.089054 194.879974 -304.007507
-10.325599 194.882385 -303.970947
-10.325599 194.882385 -303.970947
-0.089054 194.879974 -304.007507
-10.325599 194.882385 -303.970947
-0.089054 194.879974 -304.007507
-10.327895 190.744583 -304.341858
-0.091350 190.742172 -304.378418
-10.327895 190.744583 -304.341858
-0.091350 190.742172 -304.378418
-10.327895 190.744583 -304.341858
-0.091350 190.742172 -304.378418
-0.087905 194.071945 -303.632782
-10.324450 194.074356 -303.596222
-10.324450 194.074356 -303.596222
-0.087905 194.071945 -303.632782
-10.324450 194.074356 -303.596222
-0.087905 194.071945 -303.632782
-10.325893 191.473145 -303.829437
-0.089348 191.470734 -303.865997
-10.325893 191.473145 -303.829437
-0.089348 191.470734 -303.865997
-10.325893 191.473145 -303.829437
-0.089348 191.470734 -303.865997
-0.087565 193.194366 -303.480011
-10.324110 193.196777 -303.443451
-10.324110 193.196777 -303.443451
-0.087565 193.194366 -303.480011
-10.324110 193.196777 -303.443451
-0.087565 193.194366 -303.480011
-0.088057 192.307159 -303.559479
-0.088384 192.095352 -303.637146
-10.324602 192.309570 -303.522919
-10.324930 192.097763 -303.600586
-10.324930 192.097763 -303.600586
-10.324602 192.309570 -303.522919
-0.088057 192.307159 -303.559479
-0.088384 192.095352 -303.637146
-0.088384 192.095352 -303.637146
-0.088057 192.307159 -303.559479
-10.324602 192.309570 -303.522919
-10.324930 192.097763 -303.600586
-10.211264 178.928116 -270.914795
0.022352 179.222794 -271.791107
0.025282 178.925705 -270.951355
-10.214193 179.225204 -271.754547
-10.214193 179.225204 -271.754547
-10.211264 178.928116 -270.914795
0.022352 179.222794 -271.791107
0.025282 178.925705 -270.951355
-10.214193 179.225204 -271.754547
-10.211264 178.928116 -270.914795
0.022352 179.222794 -271.791107
0.025282 178.925705 -270.951355
0.019847 179.727127 -272.525360
-10.216698 179.729538 -272.488800
-10.216698 179.729538 -272.488800
0.019847 179.727127 -272.525360
-10.216698 179.729538 -272.488800
0.019847 179.727127 -272.525360
-10.208108 178.858521 -270.026764
0.027562 178.875458 -270.309631
0.028438 178.856110 -270.063324
-10.208983 178.877869 -270.273071
-10.208983 178.877869 -270.273071
0.027562 178.875458 -270.309631
-10.208108 178.858521 -270.026764
0.028438 178.856110 -270.063324
-10.208983 178.877869 -270.273071
-10.208108 178.858521 -270.026764
0.027562 178.875458 -270.309631
0.028438 178.856110 -270.063324
-10.218606 180.406784 -273.067474
0.017939 180.404373 -273.104034
-10.218606 180.406784 -273.067474
0.017939 180.404373 -273.104034
-10.218606 180.406784 -273.067474
0.017939 180.404373 -273.104034
-10.204941 179.021118 -269.150940
0.031604 179.018707 -269.187500
-10.204941 179.021118 -269.150940
0.031604 179.018707 -269.187500
-10.204941 179.021118 -269.150940
0.031604 179.018707 -269.187500
0.016757 181.208191 -273.487793
-10.219789 181.210602 -273.451233
-10.219789 181.210602 -273.451233
0.016757 181.208191 -273.487793
-10.219789 181.210602 -273.451233
0.016757 181.208191 -273.487793
-10.201980 179.404846 -268.347137
0.034566 179.402435 -268.383698
-10.201980 179.404846 -268.347137
0.034566 179.402435 -268.383698
-10.201980 179.404846 -268.347137
0.034566 179.402435 -268.383698
0.016382 182.083939 -273.650360
-10.220163 182.086349 -273.613800
-10.220163 182.086349 -273.613800
0.016382 182.083939 -273.650360
-10.220163 182.086349 -273.613800
0.016382 182.083939 -273.650360
-10.199425 179.983551 -267.669952
0.037120 179.981140 -267.706512
-10.199425 179.983551 -267.669952
0.037120 179.981140 -267.706512
-10.199425 179.983551 -267.669952
0.037120 179.981140 -267.706512
0.016839 182.972046 -273.580750
-10.219707 182.974457 -273.544189
-10.219707 182.974457 -273.544189
0.016839 182.972046 -273.580750
-10.219707 182.974457 -273.544189
0.016839 182.972046 -273.580750
0.039094 180.715332 -267.202179
-10.197451 180.717743 -267.165619
-10.197451 180.717743 -267.165619
0.039094 180.715332 -267.202179
-10.197451 180.717743 -267.165619
0.039094 180.715332 -267.202179
0.017211 183.220459 -273.492859
0.018097 183.811768 -273.283661
-10.218448 183.814178 -273.247101
-10.219334 183.222870 -273.456299
-10.219334 183.222870 -273.456299
-10.218448 183.814178 -273.247101
0.018097 183.811768 -273.283661
0.017211 183.220459 -273.492859
0.018097 183.811768 -273.283661
0.017211 183.220459 -273.492859
-10.219334 183.222870 -273.456299
-10.218448 183.814178 -273.247101
-10.196193 181.557602 -266.868530
0.039980 181.306747 -266.992950
0.040353 181.555191 -266.905090
-10.196565 181.309158 -266.956390
-10.196565 181.309158 -266.956390
-10.196193 181.557602 -266.868530
0.039980 181.306747 -266.992950
0.040353 181.555191 -266.905090
-10.196565 181.309158 -266.956390
-10.196193 181.557602 -266.868530
0.039980 181.306747 -266.992950
0.040353 181.555191 -266.905090
0.020071 184.546082 -272.779358
-10.216475 184.548492 -272.742798
-10.216475 184.548492 -272.742798
0.020071 184.546082 -272.779358
-10.216475 184.548492 -272.742798
0.020071 184.546082 -272.779358
-10.195736 182.445572 -266.798889
0.040810 182.443161 -266.835449
-10.195736 182.445572 -266.798889
0.040810 182.443161 -266.835449
-10.195736 182.445572 -266.798889
0.040810 182.443161 -266.835449
-10.213920 185.127167 -272.065613
0.022626 185.124756 -272.102173
-10.213920 185.127167 -272.065613
0.022626 185.124756 -272.102173
-10.213920 185.127167 -272.065613
0.022626 185.124756 -272.102173
-10.196111 183.321350 -266.961456
0.040434 183.318939 -266.998016
-10.196111 183.321350 -266.961456
0.040434 183.318939 -266.998016
-10.196111 183.321350 -266.961456
0.040434 183.318939 -266.998016
-10.210958 185.510925 -271.261749
0.025587 185.508514 -271.298309
-10.210958 185.510925 -271.261749
0.025587 185.508514 -271.298309
-10.210958 185.510925 -271.261749
0.025587 185.508514 -271.298309
-10.197293 184.125275 -267.345184
0.039252 184.122864 -267.381744
-10.197293 184.125275 -267.345184
0.039252 184.122864 -267.381744
-10.197293 184.125275 -267.345184
0.039252 184.122864 -267.381744
-10.207791 185.673523 -270.385956
0.028754 185.671112 -270.422516
-10.207791 185.673523 -270.385956
0.028754 185.671112 -270.422516
-10.207791 185.673523 -270.385956
0.028754 185.671112 -270.422516
-10.199202 184.802475 -267.923950
0.037344 184.800064 -267.960510
-10.199202 184.802475 -267.923950
0.037344 184.800064 -267.960510
-10.199202 184.802475 -267.923950
0.037344 184.800064 -267.960510
0.029629 185.651749 -270.176239
-10.204636 185.603821 -269.497925
0.031910 185.601410 -269.534485
-10.206916 185.654160 -270.139679
-10.206916 185.654160 -270.139679
0.029629 185.651749 -270.176239
-10.204636 185.603821 -269.497925
0.031910 185.601410 -269.534485
0.031910 185.601410 -269.534485
0.029629 185.651749 -270.176239
-10.206916 185.654160 -270.139679
-10.204636 185.603821 -269.497925
0.034840 185.304337 -268.694733
-10.201706 185.306747 -268.658173
-10.201706 185.306747 -268.658173
0.034840 185.304337 -268.694733
-10.201706 185.306747 -268.658173
0.034840 185.304337 -268.694733
-10.077741 168.144180 -232.826889
0.155930 168.073120 -233.663574
0.158805 168.141769 -232.863464
-10.080615 168.075531 -233.626999
-10.080929 168.068039 -233.714371
0.155617 168.065628 -233.750946
0.155617 168.065628 -233.750946
-10.080929 168.068039 -233.714371
0.155930 168.073120 -233.663574
-10.080615 168.075531 -233.626999
-10.077741 168.144180 -232.826889
0.158805 168.141769 -232.863464
-10.080615 168.075531 -233.626999
-10.077741 168.144180 -232.826889
-10.080929 168.068039 -233.714371
0.155617 168.065628 -233.750946
0.155930 168.073120 -233.663574
0.158805 168.141769 -232.863464
0.152521 168.221725 -234.627914
-10.084024 168.224136 -234.591339
-10.084024 168.224136 -234.591339
0.152521 168.221725 -234.627914
-10.084024 168.224136 -234.591339
0.152521 168.221725 -234.627914
-10.074677 168.447556 -231.989365
0.161868 168.445145 -232.025940
-10.074677 168.447556 -231.989365
0.161868 168.445145 -232.025940
-10.074677 168.447556 -231.989365
0.161868 168.445145 -232.025940
0.149728 168.599487 -235.434616
-10.086818 168.601898 -235.398041
-10.086818 168.601898 -235.398041
0.149728 168.599487 -235.434616
-10.086818 168.601898 -235.398041
0.149728 168.599487 -235.434616
0.164597 168.954865 -231.295441
-10.071949 168.957275 -231.258865
0.164597 168.954865 -231.295441
-10.071949 168.957275 -231.258865
-10.071949 168.957275 -231.258865
0.164597 168.954865 -231.295441
-10.089117 169.175507 -236.079498
0.147428 169.173096 -236.116074
0.147428 169.173096 -236.116074
-10.089117 169.175507 -236.079498
-10.089117 169.175507 -236.079498
0.147428 169.173096 -236.116074
-10.069739 169.638733 -230.685181
0.166806 169.636322 -230.721756
-10.069739 169.638733 -230.685181
0.166806 169.636322 -230.721756
-10.069739 169.638733 -230.685181
0.166806 169.636322 -230.721756
-10.090767 169.905991 -236.589233
0.145779 169.903580 -236.625809
-10.090767 169.905991 -236.589233
0.145779 169.903580 -236.625809
-10.090767 169.905991 -236.589233
0.145779 169.903580 -236.625809
-10.068201 170.445435 -230.307434
0.168344 170.443024 -230.344009
-10.068201 170.445435 -230.307434
0.168344 170.443024 -230.344009
-10.068201 170.445435 -230.307434
0.168344 170.443024 -230.344009
0.144892 170.741104 -236.929108
-10.091654 170.743515 -236.892532
-10.091654 170.743515 -236.892532
0.144892 170.741104 -236.929108
-10.091654 170.743515 -236.892532
0.144892 170.741104 -236.929108
-10.067437 171.322449 -230.151352
0.168405 170.513000 -230.331558
0.169108 171.320038 -230.187927
-10.068140 170.515411 -230.294983
-10.068140 170.515411 -230.294983
-10.067437 171.322449 -230.151352
0.168405 170.513000 -230.331558
0.169108 171.320038 -230.187927
-10.068140 170.515411 -230.294983
-10.067437 171.322449 -230.151352
0.168405 170.513000 -230.331558
0.169108 171.320038 -230.187927
0.144828 171.628677 -237.005295
-10.091718 171.631088 -236.968719
-10.091718 171.631088 -236.968719
0.144828 171.628677 -237.005295
-10.091718 171.631088 -236.968719
0.144828 171.628677 -237.005295
-10.067501 172.209930 -230.227570
0.169044 172.207520 -230.264145
-10.067501 172.209930 -230.227570
0.169044 172.207520 -230.264145
-10.067501 172.209930 -230.227570
0.169044 172.207520 -230.264145
0.145530 172.435608 -236.861694
0.145591 172.505692 -236.849213
-10.090954 172.508102 -236.812637
-10.091015 172.438019 -236.825119
-10.091015 172.438019 -236.825119
-10.090954 172.508102 -236.812637
0.145591 172.505692 -236.849213
0.145530 172.435608 -236.861694
-10.091015 172.438019 -236.825119
-10.090954 172.508102 -236.812637
0.145591 172.505692 -236.849213
0.145530 172.435608 -236.861694
-10.068388 173.047440 -230.530853
0.168157 173.045029 -230.567429
-10.068388 173.047440 -230.530853
0.168157 173.045029 -230.567429
-10.068388 173.047440 -230.530853
0.168157 173.045029 -230.567429
0.147130 173.312317 -236.471466
-10.089416 173.314728 -236.434891
-10.089416 173.314728 -236.434891
0.147130 173.312317 -236.471466
-10.089416 173.314728 -236.434891
0.147130 173.312317 -236.471466
-10.070038 173.777924 -231.040619
0.166508 173.775513 -231.077194
-10.070038 173.777924 -231.040619
0.166508 173.775513 -231.077194
-10.070038 173.777924 -231.040619
0.166508 173.775513 -231.077194
0.149339 173.993744 -235.897812
-10.087206 173.996155 -235.861237
-10.087206 173.996155 -235.861237
0.149339 173.993744 -235.897812
-10.087206 173.996155 -235.861237
0.149339 173.993744 -235.897812
0.164208 174.349228 -231.758621
-10.072337 174.351639 -231.722046
-10.072337 174.351639 -231.722046
0.164208 174.349228 -231.758621
-10.072337 174.351639 -231.722046
0.164208 174.349228 -231.758621
-10.084477 174.505981 -235.130753
0.152068 174.503571 -235.167328
-10.084477 174.505981 -235.130753
0.152068 174.503571 -235.167328
-10.084477 174.505981 -235.130753
0.152068 174.503571 -235.167328
0.161415 174.727005 -232.565323
-10.075130 174.729416 -232.528748
-10.075130 174.729416 -232.528748
0.161415 174.727005 -232.565323
-10.075130 174.729416 -232.528748
0.161415 174.727005 -232.565323
-10.081414 174.809265 -234.293228
0.155131 174.806854 -234.329803
-10.081414 174.809265 -234.293228
0.155131 174.806854 -234.329803
-10.081414 174.809265 -234.293228
0.155131 174.806854 -234.329803
0.158319 174.883087 -233.442291
-10.078226 174.885498 -233.405716
-10.078226 174.885498 -233.405716
0.158319 174.883087 -233.442291
-10.078226 174.885498 -233.405716
0.158319 174.883087 -233.442291
</float_array>
          <technique_common>
            <accessor source="#ID3006-POSITION-array" count="4311" stride="3">
              <param name="X" type="float"/>
              <param name="Y" type="float"/>
              <param name="Z" type="float"/>
            </accessor>
          </technique_common>
        </source>
        <source id="ID3006-Normal0">
          <float_array id="ID3006-Normal0-array" count="23166">
0.003568 -0.020150 0.999791
0.003564 -0.019694 0.999800
0.003568 -0.020150 0.999791
0.003564 -0.019694 0.999800
0.003568 -0.020150 0.999791
0.003565 -0.019703 0.999799
-0.003565 0.019703 -0.999799
-0.003558 0.019479 -0.999804
-0.003564 0.019694 -0.999800
-0.003558 0.019479 -0.999804
-0.003564 0.019694 -0.999800
-0.003558 0.019479 -0.999804
-0.999995 0.000000 0.003207
-0.999994 0.000672 0.003362
-0.999994 0.000000 0.003572
-0.999994 0.000672 0.003362
-0.999995 0.000000 0.003207
-0.999994 0.000672 0.003359
-0.999994 0.000672 0.003362
-0.999994 0.000672 0.003359
-0.999995 0.000396 0.003166
-0.999995 0.000396 0.003166
-0.999994 0.000672 0.003359
-0.999994 0.000393 0.003537
0.999994 0.000000 -0.003537
0.999993 0.000000 -0.003694
0.999992 0.000000 -0.003957
0.999992 0.000000 -0.003957
0.999993 0.000000 -0.003694
0.999993 0.000000 -0.003698
0.999993 0.000000 -0.003694
0.999993 -0.000458 -0.003665
0.999993 0.000000 -0.003698
0.999993 -0.000447 -0.003572
0.999993 0.000000 -0.003698
0.999993 -0.000458 -0.003665
0.000586 -0.973088 0.230433
0.000601 -0.973086 0.230444
0.000601 -0.973086 0.230444
0.000601 -0.973086 0.230444
0.000586 -0.973088 0.230433
0.000586 -0.972988 0.230856
0.000586 -0.972988 0.230856
0.000586 -0.973088 0.230433
0.000586 -0.973088 0.230433
-0.000600 0.973188 -0.230010
-0.000600 0.973188 -0.230010
-0.000600 0.973112 -0.230333
-0.000600 0.973112 -0.230333
-0.000600 0.973188 -0.230010
-0.000587 0.973212 -0.229907
-0.000587 0.973188 -0.230010
-0.000587 0.973212 -0.229907
-0.000600 0.973188 -0.230010
0.001228 0.959814 0.280634
0.001228 0.959781 0.280748
0.001228 0.959781 0.280748
0.001228 0.959781 0.280748
0.001228 0.959814 0.280634
0.001228 0.959814 0.280634
-0.001228 -0.959708 -0.280996
-0.001228 -0.959708 -0.280996
-0.001228 -0.959962 -0.280129
-0.001228 -0.959871 -0.280438
-0.001228 -0.959962 -0.280129
-0.001228 -0.959708 -0.280996
-0.003384 0.262781 -0.964850
-0.003383 0.262916 -0.964813
-0.003389 0.262781 -0.964850
-0.003383 0.262916 -0.964813
-0.003384 0.262781 -0.964850
-0.003390 0.262916 -0.964813
-0.003390 0.262916 -0.964813
-0.003384 0.262781 -0.964850
-0.003389 0.262781 -0.964850
0.003376 -0.262781 0.964850
0.003384 -0.262781 0.964850
0.003390 -0.262550 0.964912
0.003390 -0.262550 0.964912
0.003384 -0.262781 0.964850
0.003384 -0.262550 0.964912
0.003382 -0.262781 0.964850
0.003384 -0.262550 0.964912
0.003384 -0.262781 0.964850
-0.001237 -0.959711 -0.280987
-0.001230 -0.959856 -0.280490
-0.001218 -0.959909 -0.280310
-0.001230 -0.959856 -0.280490
-0.001237 -0.959711 -0.280987
-0.001229 -0.959711 -0.280987
0.001229 0.959711 0.280987
0.001224 0.959711 0.280987
0.001224 0.959765 0.280800
0.001230 0.959765 0.280800
0.001224 0.959765 0.280800
0.001224 0.959711 0.280987
-0.003572 0.019648 -0.999801
-0.003561 0.019952 -0.999795
-0.003572 0.019648 -0.999801
-0.003561 0.019952 -0.999795
-0.003572 0.019648 -0.999801
-0.003568 0.019952 -0.999795
-0.003568 0.019952 -0.999795
-0.003572 0.019648 -0.999801
-0.003564 0.019776 -0.999798
-0.003564 0.019776 -0.999798
-0.003572 0.019648 -0.999801
-0.003564 0.019776 -0.999798
-0.003564 0.019776 -0.999798
-0.003572 0.019648 -0.999801
-0.003565 0.019595 -0.999802
-0.003565 0.019595 -0.999802
-0.003572 0.019648 -0.999801
-0.003565 0.019595 -0.999802
-0.003565 0.019595 -0.999802
-0.003561 0.019499 -0.999804
-0.003568 0.019505 -0.999803
-0.003561 0.019499 -0.999804
-0.003565 0.019595 -0.999802
-0.003572 0.019648 -0.999801
0.003558 -0.019648 0.999801
0.003565 -0.019595 0.999802
0.003572 -0.019499 0.999803
0.003568 -0.019505 0.999803
0.003572 -0.019499 0.999803
0.003565 -0.019595 0.999802
0.003565 -0.019595 0.999802
0.003558 -0.019648 0.999801
0.003565 -0.019595 0.999802
0.003565 -0.019595 0.999802
0.003558 -0.019648 0.999801
0.003564 -0.019776 0.999798
0.003564 -0.019776 0.999798
0.003558 -0.019648 0.999801
0.003564 -0.019776 0.999798
0.003564 -0.019776 0.999798
0.003558 -0.019648 0.999801
0.003561 -0.019508 0.999803
0.003561 -0.019508 0.999803
0.003558 -0.019648 0.999801
0.003561 -0.019508 0.999803
0.003558 -0.019648 0.999801
0.003561 -0.019508 0.999803
0.003558 -0.019648 0.999801
0.999994 -0.000235 -0.003416
0.999993 0.000000 -0.003604
0.999994 -0.000247 -0.003457
0.999993 0.000000 -0.003604
0.999994 -0.000235 -0.003416
0.999994 0.000000 -0.003501
0.999994 -0.000247 -0.003457
0.999993 0.000000 -0.003604
0.999994 -0.000245 -0.003434
0.999994 -0.000245 -0.003434
0.999993 0.000000 -0.003604
0.999994 -0.000290 -0.003482
0.999994 -0.000290 -0.003482
0.999993 0.000000 -0.003604
0.999994 -0.000343 -0.003425
0.999994 -0.000343 -0.003425
0.999993 0.000000 -0.003604
0.999994 -0.000443 -0.003544
0.999994 -0.000443 -0.003544
0.999993 0.000000 -0.003604
0.999993 -0.000454 -0.003636
0.999993 -0.000454 -0.003636
0.999993 0.000000 -0.003604
0.999995 0.000000 -0.003193
0.999993 -0.000454 -0.003636
0.999995 0.000000 -0.003193
0.999995 0.000000 -0.003193
0.999993 -0.000454 -0.003636
0.999995 0.000000 -0.003193
0.999993 0.000000 -0.003678
0.999995 0.000000 -0.003193
0.999993 0.000000 -0.003604
0.999995 0.000000 -0.003184
0.999995 0.000000 -0.003184
0.999993 0.000000 -0.003604
0.999994 0.000000 -0.003590
0.999993 0.000000 -0.003604
0.999994 0.000000 -0.003501
0.999994 0.000000 -0.003556
0.999994 0.000000 -0.003556
0.999994 0.000000 -0.003391
0.999994 0.000000 -0.003399
0.999994 0.000000 -0.003391
0.999994 0.000000 -0.003556
0.999994 0.000000 -0.003501
0.999995 0.000000 -0.003193
0.999995 0.000000 -0.003133
0.999993 0.000000 -0.003678
0.999995 0.000000 -0.003133
0.999995 0.000000 -0.003193
0.999995 0.000000 -0.003154
0.999994 -0.000247 -0.003457
0.999994 -0.000295 -0.003536
0.999994 -0.000235 -0.003416
0.999994 -0.000295 -0.003536
0.999994 -0.000247 -0.003457
0.999994 -0.000294 -0.003523
0.003566 -0.019746 0.999799
0.003564 -0.019749 0.999799
0.003564 -0.019746 0.999799
0.003564 -0.019749 0.999799
0.003566 -0.019746 0.999799
0.003567 -0.019759 0.999798
0.999994 -0.000245 -0.003434
0.999994 -0.000294 -0.003523
0.999994 -0.000247 -0.003457
0.999994 -0.000294 -0.003523
0.999994 -0.000245 -0.003434
0.999994 -0.000290 -0.003482
-0.000561 0.975106 -0.221738
-0.000569 0.975182 -0.221405
-0.000563 0.975112 -0.221712
0.001268 0.956351 0.292218
0.001268 0.956122 0.292967
0.001269 0.956122 0.292967
0.999995 0.000000 -0.003193
0.999995 0.000000 -0.003184
0.999995 0.000000 -0.003154
0.999995 0.000000 -0.003184
0.999995 0.000000 -0.003193
0.999995 0.000000 -0.003193
0.999995 0.000000 -0.003154
0.999995 0.000000 -0.003184
0.999994 0.000000 -0.003590
0.999995 0.000000 -0.003154
0.999994 0.000000 -0.003590
0.999995 0.000000 -0.003133
0.999995 0.000000 -0.003133
0.999994 0.000000 -0.003590
0.999994 0.000000 -0.003546
0.001272 0.956140 0.292908
0.001269 0.956106 0.293019
0.001272 0.956140 0.292908
0.001269 0.956106 0.293019
0.001272 0.956140 0.292908
0.001270 0.956140 0.292908
-0.003380 0.262204 -0.965007
-0.003388 0.262715 -0.964867
-0.003390 0.262715 -0.964867
-0.003388 0.262715 -0.964867
-0.003380 0.262204 -0.965007
-0.003384 0.262204 -0.965007
0.000599 -0.973147 0.230185
0.000595 -0.973114 0.230323
0.000595 -0.973091 0.230422
0.000595 -0.973114 0.230323
0.000599 -0.973147 0.230185
0.000599 -0.973147 0.230185
0.000598 -0.973172 0.230078
0.000598 -0.973104 0.230365
0.000594 -0.973166 0.230106
-0.999994 0.000245 0.003434
-0.999994 0.000323 0.003450
-0.999994 0.000247 0.003457
-0.999995 0.000000 0.003155
-0.999995 0.000000 0.003193
-0.999993 0.000000 0.003682
-0.999994 0.000217 0.003468
-0.999994 0.000323 0.003450
-0.999994 0.000301 0.003615
-0.999994 0.000323 0.003450
-0.999994 0.000217 0.003468
-0.999994 0.000247 0.003457
-0.999994 0.000301 0.003615
-0.999994 0.000323 0.003450
-0.999994 0.000323 0.003440
-0.999994 0.000301 0.003615
-0.999994 0.000323 0.003440
-0.999994 0.000000 0.003383
-0.999994 0.000301 0.003615
-0.999994 0.000000 0.003383
-0.999994 0.000000 0.003458
-0.999994 0.000301 0.003615
-0.999994 0.000000 0.003458
-0.999995 0.000000 0.003193
-0.999995 0.000000 0.003193
-0.999994 0.000000 0.003458
-0.999995 0.000000 0.003193
-0.999995 0.000000 0.003193
-0.999994 0.000000 0.003458
-0.999993 0.000000 0.003682
-0.997834 -0.001175 0.065772
-0.997868 -0.000981 0.065254
-0.997840 -0.000988 0.065683
-0.997868 -0.000981 0.065254
-0.997834 -0.001175 0.065772
-0.997848 -0.000870 0.065569
0.997413 -0.020367 0.068933
0.997501 -0.020301 0.067669
0.997482 -0.019389 0.068219
-0.999994 0.000443 0.003544
-0.999994 0.000341 0.003414
-0.999994 0.000343 0.003426
-0.999994 0.000341 0.003414
-0.999994 0.000443 0.003544
-0.999994 0.000440 0.003520
0.000595 -0.973168 0.230095
0.000594 -0.973093 0.230412
0.000594 -0.973093 0.230412
0.000594 -0.973093 0.230412
0.000595 -0.973168 0.230095
0.000597 -0.973168 0.230095
0.997419 -0.020566 0.068791
0.997397 -0.021150 0.068933
0.997468 -0.020107 0.068219
0.000597 -0.973004 0.230790
0.000591 -0.973070 0.230510
0.000591 -0.973070 0.230510
0.000591 -0.973070 0.230510
0.000597 -0.973004 0.230790
0.000597 -0.973004 0.230790
-0.999994 0.000000 0.003489
-0.999992 0.000000 0.004060
-0.999992 0.000000 0.004079
-0.999992 0.000000 0.004060
-0.999994 0.000000 0.003489
-0.999994 0.000000 0.003458
-0.001230 -0.959956 -0.280150
-0.001230 -0.959881 -0.280406
-0.001227 -0.959881 -0.280406
-0.999994 0.000440 0.003520
-0.999994 0.000340 0.003399
-0.999994 0.000341 0.003414
-0.999994 0.000340 0.003399
-0.999994 0.000440 0.003520
-0.999994 0.000436 0.003489
0.000595 -0.973086 0.230441
0.000593 -0.973021 0.230716
0.000593 -0.973021 0.230716
0.000593 -0.973021 0.230716
0.000595 -0.973086 0.230441
0.000595 -0.973086 0.230441
-0.999994 0.000147 0.003523
-0.999992 0.000247 0.003950
-0.999994 0.000147 0.003536
-0.999994 0.000235 0.003416
-0.999994 0.000147 0.003536
-0.999992 0.000247 0.003950
-0.999992 0.000394 0.003943
-0.999992 0.000399 0.003991
-0.999992 0.000392 0.003916
-0.999994 0.000669 0.003344
-0.999992 0.000392 0.003916
-0.999992 0.000399 0.003991
-0.999994 0.000292 0.003501
-0.999994 0.000296 0.003556
-0.999994 0.000339 0.003391
-0.999994 0.000340 0.003399
-0.999994 0.000339 0.003391
-0.999994 0.000296 0.003556
-0.999994 0.000296 0.003556
-0.999994 0.000292 0.003501
-0.999993 0.000300 0.003604
-0.999994 0.000359 0.003590
-0.999993 0.000300 0.003604
-0.999992 0.000398 0.003980
-0.999992 0.000398 0.003980
-0.999993 0.000300 0.003604
-0.999992 0.000399 0.003991
-0.999994 0.000669 0.003344
-0.999992 0.000399 0.003991
-0.999993 0.000000 0.003636
-0.999992 0.000399 0.003991
-0.999992 0.000399 0.003991
-0.999993 0.000000 0.003636
-0.999992 0.000399 0.003991
-0.999993 0.000300 0.003604
-0.999993 0.000000 0.003636
-0.999993 0.000000 0.003636
-0.999993 0.000300 0.003604
-0.999994 0.000000 0.003544
-0.999994 0.000000 0.003544
-0.999993 0.000300 0.003604
-0.999992 0.000343 0.004110
-0.999992 0.000343 0.004110
-0.999993 0.000300 0.003604
-0.999992 0.000290 0.004062
-0.999992 0.000290 0.004062
-0.999993 0.000300 0.003604
-0.999992 0.000245 0.003925
-0.999992 0.000245 0.003925
-0.999993 0.000300 0.003604
-0.999992 0.000247 0.003950
-0.999994 0.000292 0.003501
-0.999994 0.000235 0.003416
-0.999993 0.000300 0.003604
-0.999992 0.000247 0.003950
-0.999993 0.000300 0.003604
-0.999994 0.000235 0.003416
-0.003569 0.019635 -0.999801
-0.003567 0.019623 -0.999801
-0.003572 0.019626 -0.999801
-0.003564 0.019623 -0.999801
-0.003572 0.019626 -0.999801
-0.003567 0.019623 -0.999801
-0.999992 0.000290 0.004062
-0.999992 0.000245 0.003925
-0.999994 0.000147 0.003523
-0.999992 0.000247 0.003950
-0.999994 0.000147 0.003523
-0.999992 0.000245 0.003925
0.000563 -0.974999 0.222208
0.000560 -0.975048 0.221995
0.000565 -0.974993 0.222235
-0.001269 -0.956122 -0.292967
-0.001271 -0.956122 -0.292967
-0.001268 -0.956351 -0.292218
-0.999994 0.000355 0.003546
-0.999994 0.000359 0.003590
-0.999992 0.000392 0.003916
-0.999992 0.000392 0.003916
-0.999994 0.000359 0.003590
-0.999992 0.000394 0.003943
-0.999994 0.000359 0.003590
-0.999992 0.000398 0.003980
-0.999992 0.000394 0.003943
-0.999992 0.000399 0.003991
-0.999992 0.000399 0.003991
-0.999992 0.000398 0.003980
-0.999992 0.000394 0.003943
-0.999992 0.000398 0.003980
-0.999992 0.000399 0.003991
-0.001269 -0.956140 -0.292908
-0.001272 -0.956140 -0.292908
-0.001270 -0.956140 -0.292908
-0.001272 -0.956140 -0.292908
-0.001270 -0.956140 -0.292908
-0.001272 -0.956140 -0.292908
0.003386 -0.262576 0.964906
0.003386 -0.262576 0.964906
0.003383 -0.263083 0.964767
0.003383 -0.263083 0.964767
0.003383 -0.263083 0.964767
0.003386 -0.262576 0.964906
-0.000589 0.973147 -0.230185
-0.000589 0.973147 -0.230185
-0.000595 0.973114 -0.230323
-0.000595 0.973091 -0.230422
-0.000595 0.973114 -0.230323
-0.000589 0.973147 -0.230185
-0.000594 0.973049 -0.230598
-0.000598 0.973104 -0.230365
-0.000590 0.973055 -0.230570
0.999993 -0.000669 -0.003682
0.999994 -0.000432 -0.003458
0.999992 -0.000399 -0.003991
0.999992 -0.000399 -0.003991
0.999994 -0.000432 -0.003458
0.999992 -0.000399 -0.003991
0.999992 -0.000399 -0.003991
0.999994 -0.000432 -0.003458
0.999993 -0.000301 -0.003615
0.999994 -0.000432 -0.003458
0.999992 -0.000338 -0.004060
0.999993 -0.000301 -0.003615
0.999992 -0.000338 -0.004060
0.999994 -0.000215 -0.003440
0.999993 -0.000301 -0.003615
0.999994 -0.000215 -0.003440
0.999994 -0.000216 -0.003450
0.999993 -0.000301 -0.003615
0.999992 -0.000247 -0.003951
0.999994 -0.000260 -0.003468
0.999994 -0.000216 -0.003450
0.999993 -0.000301 -0.003615
0.999994 -0.000216 -0.003450
0.999994 -0.000260 -0.003468
0.999993 -0.000669 -0.003682
0.999992 -0.000399 -0.003991
0.999992 -0.000394 -0.003943
0.999992 -0.000247 -0.003951
0.999994 -0.000216 -0.003450
0.999992 -0.000245 -0.003925
0.997848 0.000870 -0.065569
0.997834 0.000881 -0.065772
0.997836 0.000981 -0.065745
0.997807 0.000988 -0.066177
0.997836 0.000981 -0.065745
0.997834 0.000881 -0.065772
-0.997418 0.020107 -0.068937
-0.997400 0.019903 -0.069261
-0.997421 0.019975 -0.068933
0.999994 0.000000 -0.003520
0.999994 0.000000 -0.003544
0.999992 -0.000341 -0.004096
0.999991 -0.000343 -0.004111
0.999992 -0.000341 -0.004096
0.999994 0.000000 -0.003544
-0.000592 0.973016 -0.230736
-0.000595 0.973016 -0.230736
-0.000594 0.973093 -0.230412
-0.000594 0.973093 -0.230412
-0.000594 0.973093 -0.230412
-0.000595 0.973016 -0.230736
-0.997404 0.020825 -0.068937
-0.997405 0.020758 -0.068933
-0.997363 0.020921 -0.069500
-0.000597 0.973175 -0.230067
-0.000592 0.973175 -0.230067
-0.000591 0.973070 -0.230510
-0.000598 0.973070 -0.230510
-0.000591 0.973070 -0.230510
-0.000592 0.973175 -0.230067
0.999992 -0.000432 -0.003890
0.999992 -0.000436 -0.003925
0.999994 -0.000338 -0.003383
0.999994 -0.000340 -0.003399
0.999994 -0.000338 -0.003383
0.999992 -0.000436 -0.003925
0.001228 0.959881 0.280406
0.001224 0.959639 0.281233
0.001225 0.959956 0.280150
0.999994 0.000000 -0.003489
0.999994 0.000000 -0.003520
0.999994 0.000000 -0.003399
0.999994 0.000000 -0.003414
0.999994 0.000000 -0.003399
0.999994 0.000000 -0.003520
-0.000595 0.973086 -0.230441
-0.000595 0.973086 -0.230441
-0.000593 0.973119 -0.230303
-0.000600 0.973119 -0.230303
-0.000593 0.973119 -0.230303
-0.000595 0.973086 -0.230441
-0.003566 0.019700 -0.999800
-0.003563 0.019733 -0.999799
-0.003562 0.019747 -0.999799
-0.003563 0.019733 -0.999799
-0.003566 0.019700 -0.999800
-0.003573 0.019574 -0.999802
-0.003573 0.019574 -0.999802
-0.003566 0.019700 -0.999800
-0.003553 0.019719 -0.999799
0.003553 -0.019630 0.999801
0.003566 -0.019700 0.999800
0.003573 -0.019884 0.999796
0.003573 -0.019884 0.999796
0.003566 -0.019700 0.999800
0.003563 -0.019733 0.999799
0.003584 -0.019657 0.999800
0.003563 -0.019733 0.999799
0.003566 -0.019700 0.999800
0.001235 0.959332 0.282276
0.001229 0.959320 0.282318
0.001240 0.959381 0.282112
0.001229 0.959320 0.282318
0.001235 0.959332 0.282276
0.001234 0.959245 0.282573
0.001229 0.959320 0.282318
0.001234 0.959245 0.282573
0.001231 0.959384 0.282102
0.001231 0.959384 0.282102
0.001234 0.959245 0.282573
0.001268 0.959253 0.282546
0.001240 0.959381 0.282112
0.001155 0.959313 0.282341
0.001243 0.959385 0.282099
0.001155 0.959313 0.282341
0.001240 0.959381 0.282112
0.001229 0.959320 0.282318
0.001243 0.959385 0.282099
0.001155 0.959313 0.282341
0.001268 0.959253 0.282546
0.001243 0.959385 0.282099
0.001268 0.959253 0.282546
0.001234 0.959245 0.282573
-0.001234 -0.959050 -0.283235
-0.001268 -0.959253 -0.282546
-0.001243 -0.959216 -0.282671
-0.001268 -0.959253 -0.282546
-0.001271 -0.959313 -0.282341
-0.001243 -0.959216 -0.282671
-0.001229 -0.959193 -0.282749
-0.001239 -0.959246 -0.282569
-0.001271 -0.959313 -0.282341
-0.001243 -0.959216 -0.282671
-0.001271 -0.959313 -0.282341
-0.001239 -0.959246 -0.282569
-0.001268 -0.959253 -0.282546
-0.001234 -0.959050 -0.283235
-0.001231 -0.959384 -0.282102
-0.001231 -0.959384 -0.282102
-0.001234 -0.959050 -0.283235
-0.001229 -0.959193 -0.282749
-0.001234 -0.959050 -0.283235
-0.001235 -0.959195 -0.282742
-0.001229 -0.959193 -0.282749
-0.001239 -0.959246 -0.282569
-0.001229 -0.959193 -0.282749
-0.001235 -0.959195 -0.282742
0.000624 -0.969806 0.243878
0.000700 -0.969712 0.244249
0.000743 -0.969721 0.244213
0.000700 -0.969712 0.244249
0.000624 -0.969806 0.243878
0.000663 -0.969810 0.243861
0.000663 -0.969810 0.243861
0.000624 -0.969806 0.243878
0.000615 -0.969514 0.245033
0.000615 -0.969514 0.245033
0.000624 -0.969806 0.243878
0.000654 -0.969839 0.243744
0.000652 -0.969580 0.244772
0.000643 -0.969653 0.244484
0.000654 -0.969839 0.243744
0.000643 -0.969653 0.244484
0.000652 -0.969580 0.244772
0.000743 -0.969721 0.244213
0.000643 -0.969653 0.244484
0.000743 -0.969721 0.244213
0.000700 -0.969712 0.244249
0.000654 -0.969839 0.243744
0.000643 -0.969653 0.244484
0.000615 -0.969514 0.245033
-0.000671 0.969514 -0.245033
-0.000643 0.969653 -0.244484
-0.000631 0.969658 -0.244465
-0.000700 0.969712 -0.244249
-0.000594 0.969563 -0.244842
-0.000643 0.969653 -0.244484
-0.000594 0.969563 -0.244842
-0.000652 0.969435 -0.245349
-0.000643 0.969653 -0.244484
-0.000631 0.969658 -0.244465
-0.000643 0.969653 -0.244484
-0.000652 0.969435 -0.245349
-0.000631 0.969658 -0.244465
-0.000713 0.969626 -0.244590
-0.000671 0.969514 -0.245033
-0.000671 0.969514 -0.245033
-0.000713 0.969626 -0.244590
-0.000663 0.969588 -0.244744
-0.000663 0.969588 -0.244744
-0.000713 0.969626 -0.244590
-0.000700 0.969712 -0.244249
-0.000594 0.969563 -0.244842
-0.000700 0.969712 -0.244249
-0.000713 0.969626 -0.244590
0.003594 -0.019332 0.999807
0.003560 -0.019675 0.999800
0.003579 -0.019763 0.999798
0.003560 -0.019675 0.999800
0.003594 -0.019332 0.999807
0.003565 -0.019354 0.999806
0.003565 -0.019935 0.999795
0.003575 -0.019662 0.999800
0.003715 -0.019913 0.999795
0.003575 -0.019662 0.999800
0.003565 -0.019935 0.999795
0.003579 -0.019763 0.999798
0.003575 -0.019662 0.999800
0.003579 -0.019763 0.999798
0.003560 -0.019675 0.999800
0.003715 -0.019913 0.999795
0.003575 -0.019662 0.999800
0.003498 -0.019821 0.999797
-0.003644 0.019530 -0.999803
-0.003575 0.019662 -0.999800
-0.003566 0.019616 -0.999801
-0.003560 0.019675 -0.999800
-0.003547 0.019763 -0.999798
-0.003575 0.019662 -0.999800
-0.003547 0.019763 -0.999798
-0.003565 0.019628 -0.999801
-0.003575 0.019662 -0.999800
-0.003566 0.019616 -0.999801
-0.003575 0.019662 -0.999800
-0.003565 0.019628 -0.999801
-0.003565 0.019864 -0.999796
-0.003594 0.019827 -0.999797
-0.003560 0.019675 -0.999800
-0.003547 0.019763 -0.999798
-0.003560 0.019675 -0.999800
-0.003594 0.019827 -0.999797
-0.001289 -0.959245 -0.282572
-0.001230 -0.959365 -0.282166
-0.001273 -0.959381 -0.282111
-0.001230 -0.959365 -0.282166
-0.001289 -0.959245 -0.282572
-0.001265 -0.959139 -0.282933
-0.001265 -0.959139 -0.282933
-0.001289 -0.959245 -0.282572
-0.001268 -0.959114 -0.283017
-0.001268 -0.959114 -0.283017
-0.001289 -0.959245 -0.282572
-0.001249 -0.959228 -0.282630
0.001249 0.959228 0.282630
0.001172 0.959372 0.282141
0.001204 0.959292 0.282413
0.001204 0.959292 0.282413
0.001172 0.959372 0.282141
0.001202 0.959276 0.282468
0.001202 0.959276 0.282468
0.001172 0.959372 0.282141
0.001230 0.959183 0.282783
0.001146 0.959202 0.282718
0.001230 0.959183 0.282783
0.001172 0.959372 0.282141
-0.999994 0.000298 0.003575
-0.999994 0.000506 0.003543
-0.999994 0.000291 0.003496
-0.999994 0.000506 0.003543
-0.999994 0.000298 0.003575
-0.999993 0.000518 0.003625
0.999993 0.000000 -0.003625
0.999994 -0.000298 -0.003575
0.999994 0.000000 -0.003543
0.999994 -0.000291 -0.003496
0.999994 0.000000 -0.003543
0.999994 -0.000298 -0.003575
-0.000697 0.969616 -0.244633
-0.000656 0.969730 -0.244181
-0.000657 0.969711 -0.244254
-0.000656 0.969730 -0.244181
-0.000729 0.969574 -0.244798
-0.000670 0.969703 -0.244288
-0.000729 0.969574 -0.244798
-0.000656 0.969730 -0.244181
-0.000546 0.969659 -0.244461
-0.000546 0.969659 -0.244461
-0.000656 0.969730 -0.244181
-0.000697 0.969616 -0.244633
0.000627 -0.969764 0.244043
0.000656 -0.969591 0.244729
0.000682 -0.969804 0.243883
0.000682 -0.969804 0.243883
0.000656 -0.969591 0.244729
0.000583 -0.969712 0.244250
0.000596 -0.969703 0.244288
0.000583 -0.969712 0.244250
0.000656 -0.969591 0.244729
0.000584 -0.969573 0.244803
0.000656 -0.969591 0.244729
0.000627 -0.969764 0.244043
-0.003398 0.282139 -0.959367
-0.003308 0.282574 -0.959240
-0.003390 0.282628 -0.959224
-0.003308 0.282574 -0.959240
-0.003398 0.282139 -0.959367
-0.003301 0.282497 -0.959263
-0.003301 0.282497 -0.959263
-0.003398 0.282139 -0.959367
-0.003335 0.282748 -0.959189
-0.003335 0.282748 -0.959189
-0.003398 0.282139 -0.959367
-0.003350 0.282765 -0.959183
0.003350 -0.282340 0.959309
0.003397 -0.282571 0.959240
0.003394 -0.282317 0.959315
0.003394 -0.282317 0.959315
0.003397 -0.282571 0.959240
0.003419 -0.282930 0.959134
0.003419 -0.282930 0.959134
0.003397 -0.282571 0.959240
0.003366 -0.283009 0.959111
0.003331 -0.282628 0.959224
0.003366 -0.283009 0.959111
0.003397 -0.282571 0.959240
-0.003569 0.019518 -0.999803
-0.003614 0.019783 -0.999798
-0.003579 0.019575 -0.999802
-0.003614 0.019783 -0.999798
-0.003569 0.019518 -0.999803
-0.003607 0.019743 -0.999799
0.003544 -0.019743 0.999799
0.003569 -0.019810 0.999797
0.003551 -0.019783 0.999798
0.003506 -0.019867 0.999797
0.003551 -0.019783 0.999798
0.003569 -0.019810 0.999797
-0.003501 -0.244774 -0.969574
-0.003521 -0.244522 -0.969637
-0.003499 -0.244819 -0.969563
-0.003521 -0.244522 -0.969637
-0.003552 -0.244631 -0.969610
-0.003461 -0.244661 -0.969603
-0.003552 -0.244631 -0.969610
-0.003521 -0.244522 -0.969637
-0.003410 -0.244716 -0.969589
-0.003410 -0.244716 -0.969589
-0.003521 -0.244522 -0.969637
-0.003501 -0.244774 -0.969574
0.003501 0.244511 0.969640
0.003522 0.244257 0.969704
0.003547 0.244460 0.969653
0.003547 0.244460 0.969653
0.003522 0.244257 0.969704
0.003483 0.244631 0.969610
0.003532 0.244395 0.969669
0.003483 0.244631 0.969610
0.003522 0.244257 0.969704
0.003498 0.244415 0.969664
0.003522 0.244257 0.969704
0.003501 0.244511 0.969640
-0.999995 0.000468 0.003277
-0.999992 0.000396 0.003961
-0.999994 0.000472 0.003301
-0.999992 0.000396 0.003961
-0.999995 0.000468 0.003277
-0.999992 0.000394 0.003940
0.999995 0.000000 -0.003152
0.999993 0.000000 -0.003745
0.999995 0.000000 -0.003168
0.999993 0.000000 -0.003773
0.999995 0.000000 -0.003168
0.999993 0.000000 -0.003745
-0.001238 -0.959188 -0.282766
-0.001181 -0.959116 -0.283010
-0.001179 -0.959139 -0.282932
-0.001181 -0.959116 -0.283010
-0.001238 -0.959188 -0.282766
-0.001190 -0.959308 -0.282359
0.001239 0.959308 0.282359
0.001238 0.959188 0.282766
0.001240 0.959244 0.282575
0.001238 0.959267 0.282498
0.001240 0.959244 0.282575
0.001238 0.959188 0.282766
-0.000666 0.969703 -0.244286
-0.000634 0.969626 -0.244590
-0.000636 0.969759 -0.244064
-0.000634 0.969626 -0.244590
-0.000666 0.969703 -0.244286
-0.000665 0.969802 -0.243892
0.000665 -0.969579 0.244778
0.000666 -0.969486 0.245147
0.000704 -0.969626 0.244590
0.000706 -0.969759 0.244064
0.000704 -0.969626 0.244590
0.000666 -0.969486 0.245147
-0.999994 0.000286 0.003427
-0.999994 0.000333 0.003547
-0.999994 0.000335 0.003577
-0.999994 0.000333 0.003547
-0.999994 0.000286 0.003427
-0.999994 0.000282 0.003381
0.999992 -0.000282 -0.003945
0.999994 -0.000286 -0.003427
0.999994 -0.000222 -0.003547
0.999994 -0.000224 -0.003577
0.999994 -0.000222 -0.003547
0.999994 -0.000286 -0.003427
0.003318 -0.282186 0.959354
0.003367 -0.282036 0.959398
0.003350 -0.282570 0.959241
0.003367 -0.282036 0.959398
0.003318 -0.282186 0.959354
0.003350 -0.282207 0.959348
0.003367 -0.282036 0.959398
0.003339 -0.282661 0.959214
0.003370 -0.281886 0.959442
0.003339 -0.282661 0.959214
0.003367 -0.282036 0.959398
0.003350 -0.282207 0.959348
-0.003350 0.282207 -0.959348
-0.003317 0.282401 -0.959291
-0.003389 0.282661 -0.959214
-0.003320 0.281886 -0.959442
-0.003389 0.282661 -0.959214
-0.003317 0.282401 -0.959291
-0.003350 0.282207 -0.959348
-0.003317 0.282545 -0.959248
-0.003317 0.282401 -0.959291
-0.003349 0.282933 -0.959134
-0.003317 0.282401 -0.959291
-0.003317 0.282545 -0.959248
0.003522 0.244813 0.969564
0.003493 0.244412 0.969665
0.003496 0.244310 0.969691
0.003493 0.244412 0.969665
0.003522 0.244813 0.969564
0.003475 0.244578 0.969623
0.003493 0.244412 0.969665
0.003475 0.244578 0.969623
0.003522 0.244323 0.969688
0.003522 0.244323 0.969688
0.003475 0.244578 0.969623
0.003536 0.244405 0.969667
-0.003536 -0.244509 -0.969640
-0.003584 -0.244169 -0.969726
-0.003522 -0.244533 -0.969635
-0.003522 -0.244533 -0.969635
-0.003584 -0.244169 -0.969726
-0.003549 -0.244412 -0.969665
-0.003584 -0.244169 -0.969726
-0.003523 -0.244192 -0.969721
-0.003549 -0.244412 -0.969665
-0.003552 -0.244205 -0.969717
-0.003549 -0.244412 -0.969665
-0.003523 -0.244192 -0.969721
0.001268 0.959168 0.282836
0.001281 0.959321 0.282316
0.001245 0.959142 0.282921
0.001281 0.959321 0.282316
0.001268 0.959168 0.282836
0.001181 0.959380 0.282115
-0.001259 -0.959380 -0.282115
-0.001229 -0.959168 -0.282836
-0.001183 -0.959321 -0.282316
-0.001245 -0.959142 -0.282921
-0.001183 -0.959321 -0.282316
-0.001229 -0.959168 -0.282836
0.000622 -0.969470 0.245210
0.000660 -0.969792 0.243934
0.000652 -0.969719 0.244222
0.000660 -0.969792 0.243934
0.000622 -0.969470 0.245210
0.000628 -0.969634 0.244560
-0.000672 0.969814 -0.243843
-0.000622 0.969649 -0.244500
-0.000605 0.969570 -0.244814
-0.000652 0.969719 -0.244222
-0.000605 0.969570 -0.244814
-0.000622 0.969649 -0.244500
-0.003637 0.019691 -0.999799
-0.003503 0.019801 -0.999798
-0.003549 0.019749 -0.999799
-0.003503 0.019801 -0.999798
-0.003637 0.019691 -0.999799
-0.003488 0.019623 -0.999801
0.003663 -0.019710 0.999799
0.003548 -0.019691 0.999800
0.003503 -0.019496 0.999804
0.003549 -0.019749 0.999799
0.003503 -0.019496 0.999804
0.003548 -0.019691 0.999800
0.999995 -0.000309 -0.003085
0.999993 -0.000183 -0.003666
0.999994 -0.000266 -0.003549
0.999993 -0.000183 -0.003666
0.999995 -0.000309 -0.003085
0.999995 -0.000325 -0.003247
0.999993 -0.000183 -0.003666
0.999994 -0.000300 -0.003599
0.999994 -0.000266 -0.003549
0.999994 -0.000300 -0.003599
0.999993 -0.000183 -0.003666
0.999992 -0.000279 -0.003903
0.999994 -0.000300 -0.003599
0.999992 -0.000279 -0.003903
0.999994 -0.000496 -0.003475
0.999994 -0.000496 -0.003475
0.999992 -0.000279 -0.003903
0.999992 -0.000489 -0.003909
0.999994 -0.000496 -0.003475
0.999992 -0.000489 -0.003909
0.999995 -0.000325 -0.003247
0.999994 -0.000496 -0.003475
0.999995 -0.000325 -0.003247
0.999995 -0.000309 -0.003085
-0.999993 0.000309 0.003703
-0.999992 0.000000 0.003896
-0.999994 0.000000 0.003475
-0.999992 0.000000 0.003896
-0.999994 0.000000 0.003420
-0.999994 0.000000 0.003475
-0.999994 0.000000 0.003420
-0.999994 0.000000 0.003346
-0.999994 0.000000 0.003475
-0.999994 0.000000 0.003475
-0.999994 0.000000 0.003346
-0.999994 0.000000 0.003599
-0.999994 0.000000 0.003346
-0.999993 0.000275 0.003666
-0.999994 0.000000 0.003599
-0.999994 0.000266 0.003549
-0.999994 0.000000 0.003599
-0.999993 0.000275 0.003666
-0.999992 0.000000 0.003896
-0.999993 0.000309 0.003703
-0.999993 0.000275 0.003666
-0.999994 0.000266 0.003549
-0.999993 0.000275 0.003666
-0.999993 0.000309 0.003703
0.000858 -0.969550 0.244891
0.000621 -0.969734 0.244164
0.000600 -0.969593 0.244723
0.000621 -0.969734 0.244164
0.000858 -0.969550 0.244891
0.000698 -0.969544 0.244915
-0.000523 0.969544 -0.244915
-0.000572 0.969568 -0.244823
-0.000710 0.969734 -0.244164
-0.000600 0.969753 -0.244088
-0.000710 0.969734 -0.244164
-0.000572 0.969568 -0.244823
0.001234 0.959232 0.282617
0.001201 0.959281 0.282452
0.001241 0.959262 0.282516
0.001201 0.959281 0.282452
0.001234 0.959232 0.282617
0.001218 0.959214 0.282677
-0.001218 -0.959214 -0.282677
-0.001234 -0.959232 -0.282617
-0.001201 -0.959281 -0.282452
-0.001117 -0.959262 -0.282516
-0.001201 -0.959281 -0.282452
-0.001234 -0.959232 -0.282617
0.003603 -0.019698 0.999800
0.003599 -0.019492 0.999803
0.003599 -0.019857 0.999796
0.003599 -0.019492 0.999803
0.003603 -0.019698 0.999800
0.003718 -0.019447 0.999804
-0.003432 0.019733 -0.999799
-0.003603 0.019698 -0.999800
-0.003599 0.019792 -0.999798
-0.003475 0.019361 -0.999806
-0.003599 0.019792 -0.999798
-0.003603 0.019698 -0.999800
-0.003537 0.019748 -0.999799
-0.003586 0.019723 -0.999799
-0.003319 0.019706 -0.999800
-0.003586 0.019723 -0.999799
-0.003537 0.019748 -0.999799
-0.003440 0.019611 -0.999802
0.003440 -0.019955 0.999795
0.003537 -0.019650 0.999801
0.003586 -0.019723 0.999799
0.003734 -0.019602 0.999801
0.003586 -0.019723 0.999799
0.003537 -0.019650 0.999801
-0.750455 -0.012764 0.660799
-0.751239 -0.012631 0.659909
-0.750855 -0.012826 0.660342
-0.751239 -0.012631 0.659909
-0.750455 -0.012764 0.660799
-0.750775 -0.013266 0.660424
-0.751239 -0.012631 0.659909
-0.750775 -0.013266 0.660424
-0.751160 -0.012826 0.659995
-0.751160 -0.012826 0.659995
-0.750775 -0.013266 0.660424
-0.750274 -0.012800 0.661003
-0.750088 -0.012798 0.661215
-0.750855 -0.012826 0.660342
-0.750382 -0.012517 0.660886
-0.750855 -0.012826 0.660342
-0.750088 -0.012798 0.661215
-0.750455 -0.012764 0.660799
-0.750382 -0.012517 0.660886
-0.750855 -0.012826 0.660342
-0.750274 -0.012800 0.661003
-0.750382 -0.012517 0.660886
-0.750274 -0.012800 0.661003
-0.750775 -0.013266 0.660424
0.750270 0.012546 -0.661012
0.750274 0.012800 -0.661003
0.750512 0.013139 -0.660726
0.750274 0.012800 -0.661003
0.750333 0.012731 -0.660938
0.750512 0.013139 -0.660726
0.750454 0.012867 -0.660798
0.750596 0.012800 -0.660638
0.750333 0.012731 -0.660938
0.750512 0.013139 -0.660726
0.750333 0.012731 -0.660938
0.750596 0.012800 -0.660638
0.750274 0.012800 -0.661003
0.750270 0.012546 -0.661012
0.750170 0.012820 -0.661120
0.750170 0.012820 -0.661120
0.750270 0.012546 -0.661012
0.750128 0.012819 -0.661169
0.750270 0.012546 -0.661012
0.750454 0.012867 -0.660798
0.750128 0.012819 -0.661169
0.750333 0.012731 -0.660938
0.750128 0.012819 -0.661169
0.750454 0.012867 -0.660798
0.000871 -0.969563 0.244841
0.000577 -0.969648 0.244502
0.001051 -0.969661 0.244452
0.000577 -0.969648 0.244502
0.000871 -0.969563 0.244841
0.000933 -0.969563 0.244839
0.000577 -0.969648 0.244502
0.000933 -0.969563 0.244839
0.000695 -0.969655 0.244476
0.000695 -0.969655 0.244476
0.000933 -0.969563 0.244839
0.000830 -0.969560 0.244854
0.000830 -0.969560 0.244854
0.000933 -0.969563 0.244839
0.000786 -0.969672 0.244407
0.000695 -0.969655 0.244476
0.000830 -0.969560 0.244854
0.000743 -0.969643 0.244524
0.000743 -0.969643 0.244524
0.000830 -0.969560 0.244854
0.000711 -0.969622 0.244605
0.000695 -0.969655 0.244476
0.000743 -0.969643 0.244524
0.000646 -0.969531 0.244968
-0.000646 0.969531 -0.244968
-0.000743 0.969455 -0.245267
-0.000695 0.969655 -0.244476
-0.000711 0.969448 -0.245295
-0.000415 0.969769 -0.244024
-0.000743 0.969455 -0.245267
-0.000743 0.969455 -0.245267
-0.000415 0.969769 -0.244024
-0.000695 0.969655 -0.244476
-0.000393 0.969870 -0.243622
-0.000466 0.969688 -0.244346
-0.000415 0.969769 -0.244024
-0.000415 0.969769 -0.244024
-0.000466 0.969688 -0.244346
-0.000695 0.969655 -0.244476
-0.000695 0.969655 -0.244476
-0.000466 0.969688 -0.244346
-0.000865 0.969648 -0.244502
-0.000466 0.969688 -0.244346
-0.000436 0.969679 -0.244380
-0.000865 0.969648 -0.244502
-0.000526 0.969661 -0.244452
-0.000865 0.969648 -0.244502
-0.000436 0.969679 -0.244380
-0.750402 -0.012825 0.660857
-0.750446 -0.012774 0.660808
-0.750587 -0.012906 0.660646
-0.750446 -0.012774 0.660808
-0.750402 -0.012825 0.660857
-0.750251 -0.013204 0.661021
-0.750446 -0.012774 0.660808
-0.750251 -0.013204 0.661021
-0.750226 -0.012683 0.661060
-0.750226 -0.012683 0.661060
-0.750251 -0.013204 0.661021
-0.750083 -0.012591 0.661224
-0.750418 -0.012867 0.660839
-0.750587 -0.012906 0.660646
-0.750189 -0.012727 0.661102
-0.750587 -0.012906 0.660646
-0.750418 -0.012867 0.660839
-0.750402 -0.012825 0.660857
-0.750189 -0.012727 0.661102
-0.750587 -0.012906 0.660646
-0.750083 -0.012591 0.661224
-0.750189 -0.012727 0.661102
-0.750083 -0.012591 0.661224
-0.750251 -0.013204 0.661021
0.750830 0.012407 -0.660379
0.750593 0.012954 -0.660637
0.750189 0.012727 -0.661102
0.750593 0.012954 -0.660637
0.750589 0.012705 -0.660647
0.750189 0.012727 -0.661102
0.750608 0.012588 -0.660628
0.750247 0.012773 -0.661035
0.750589 0.012705 -0.660647
0.750189 0.012727 -0.661102
0.750589 0.012705 -0.660647
0.750247 0.012773 -0.661035
0.750593 0.012954 -0.660637
0.750830 0.012407 -0.660379
0.750226 0.012683 -0.661060
0.750226 0.012683 -0.661060
0.750830 0.012407 -0.660379
0.750446 0.012774 -0.660808
0.750830 0.012407 -0.660379
0.750608 0.012588 -0.660628
0.750446 0.012774 -0.660808
0.750589 0.012705 -0.660647
0.750446 0.012774 -0.660808
0.750608 0.012588 -0.660628
0.001361 0.959254 0.282543
0.001601 0.959364 0.282166
0.001202 0.959204 0.282713
0.001601 0.959364 0.282166
0.001361 0.959254 0.282543
0.001075 0.959274 0.282477
0.001075 0.959274 0.282477
0.001361 0.959254 0.282543
0.001295 0.959143 0.282920
0.001295 0.959143 0.282920
0.001361 0.959254 0.282543
0.001145 0.959356 0.282197
0.001251 0.959175 0.282810
0.001075 0.959274 0.282477
0.001295 0.959143 0.282920
0.001032 0.959392 0.282073
0.001601 0.959364 0.282166
0.001075 0.959274 0.282477
0.001202 0.959204 0.282713
0.001521 0.959267 0.282495
0.001350 0.959214 0.282678
0.001521 0.959267 0.282495
0.001202 0.959204 0.282713
0.001601 0.959364 0.282166
-0.001201 -0.959256 -0.282534
-0.001202 -0.959334 -0.282270
-0.001141 -0.959268 -0.282495
-0.001351 -0.959336 -0.282264
-0.001141 -0.959268 -0.282495
-0.001202 -0.959334 -0.282270
-0.001434 -0.959050 -0.283233
-0.001201 -0.959256 -0.282534
-0.001376 -0.959206 -0.282706
-0.001295 -0.959344 -0.282236
-0.001434 -0.959050 -0.283233
-0.001252 -0.959345 -0.282234
-0.001431 -0.959355 -0.282197
-0.001210 -0.959418 -0.281986
-0.001295 -0.959344 -0.282236
-0.001295 -0.959344 -0.282236
-0.001210 -0.959418 -0.281986
-0.001434 -0.959050 -0.283233
-0.001434 -0.959050 -0.283233
-0.001210 -0.959418 -0.281986
-0.001201 -0.959256 -0.282534
-0.001202 -0.959334 -0.282270
-0.001201 -0.959256 -0.282534
-0.001210 -0.959418 -0.281986
-0.003555 0.019733 -0.999799
-0.003561 0.019750 -0.999799
-0.003345 0.019699 -0.999800
-0.003561 0.019750 -0.999799
-0.003555 0.019733 -0.999799
-0.003441 0.019708 -0.999800
0.003754 -0.019708 0.999799
0.003555 -0.019644 0.999801
0.003561 -0.019426 0.999805
0.003717 -0.019699 0.999799
0.003561 -0.019426 0.999805
0.003555 -0.019644 0.999801
0.003601 -0.019807 0.999797
0.003460 -0.019604 0.999802
0.003607 -0.019717 0.999799
0.003460 -0.019604 0.999802
0.003601 -0.019807 0.999797
0.003680 -0.019712 0.999799
-0.003154 0.019712 -0.999801
-0.003601 0.019807 -0.999797
-0.003748 0.019604 -0.999801
-0.003607 0.019717 -0.999799
-0.003748 0.019604 -0.999801
-0.003601 0.019807 -0.999797
-0.750330 -0.012619 0.660943
-0.750577 -0.012778 0.660659
-0.750243 -0.012935 0.661035
-0.750577 -0.012778 0.660659
-0.750330 -0.012619 0.660943
-0.750592 -0.012705 0.660643
-0.750592 -0.012705 0.660643
-0.750330 -0.012619 0.660943
-0.750417 -0.013055 0.660835
-0.750592 -0.012705 0.660643
-0.750417 -0.013055 0.660835
-0.750528 -0.012637 0.660718
-0.750528 -0.012637 0.660718
-0.750417 -0.013055 0.660835
-0.750544 -0.012964 0.660693
-0.750544 -0.012964 0.660693
-0.750417 -0.013055 0.660835
-0.750449 -0.013048 0.660799
-0.750449 -0.013048 0.660799
-0.750417 -0.013055 0.660835
-0.750369 -0.012725 0.660897
-0.750297 -0.012854 0.660976
-0.750243 -0.012935 0.661035
-0.750322 -0.012550 0.660953
-0.750243 -0.012935 0.661035
-0.750297 -0.012854 0.660976
-0.750330 -0.012619 0.660943
-0.750322 -0.012550 0.660953
-0.750243 -0.012935 0.661035
-0.750369 -0.012725 0.660897
-0.750322 -0.012550 0.660953
-0.750369 -0.012725 0.660897
-0.750417 -0.013055 0.660835
-0.750577 -0.012778 0.660659
-0.750582 -0.012811 0.660653
-0.750449 -0.013048 0.660799
-0.750582 -0.012811 0.660653
-0.750577 -0.012778 0.660659
-0.750592 -0.012705 0.660643
-0.750449 -0.013048 0.660799
-0.750582 -0.012811 0.660653
-0.750544 -0.012964 0.660693
0.750544 0.012964 -0.660693
0.750365 0.012565 -0.660904
0.750453 0.012627 -0.660803
0.750590 0.012959 -0.660641
0.750370 0.012782 -0.660894
0.750365 0.012565 -0.660904
0.750453 0.012627 -0.660803
0.750365 0.012565 -0.660904
0.750370 0.012782 -0.660894
0.750841 0.012604 -0.660362
0.750566 0.012728 -0.660673
0.750673 0.012930 -0.660547
0.750566 0.012728 -0.660673
0.750441 0.012708 -0.660816
0.750673 0.012930 -0.660547
0.750821 0.012619 -0.660386
0.750705 0.012635 -0.660516
0.750441 0.012708 -0.660816
0.750673 0.012930 -0.660547
0.750441 0.012708 -0.660816
0.750705 0.012635 -0.660516
0.750566 0.012728 -0.660673
0.750841 0.012604 -0.660362
0.750453 0.012627 -0.660803
0.750453 0.012627 -0.660803
0.750841 0.012604 -0.660362
0.750544 0.012964 -0.660693
0.750544 0.012964 -0.660693
0.750841 0.012604 -0.660362
0.750721 0.013083 -0.660490
0.750721 0.013083 -0.660490
0.750841 0.012604 -0.660362
0.750590 0.012959 -0.660641
0.750841 0.012604 -0.660362
0.750821 0.012619 -0.660386
0.750590 0.012959 -0.660641
0.750590 0.012959 -0.660641
0.750821 0.012619 -0.660386
0.750370 0.012782 -0.660894
0.750441 0.012708 -0.660816
0.750370 0.012782 -0.660894
0.750821 0.012619 -0.660386
-0.003485 0.019604 -0.999802
-0.003202 0.019612 -0.999803
-0.003264 0.019586 -0.999803
-0.003202 0.019612 -0.999803
-0.003485 0.019604 -0.999802
-0.003423 0.019775 -0.999799
0.003803 -0.019775 0.999797
0.003485 -0.019822 0.999798
0.003602 -0.019612 0.999801
0.003731 -0.019819 0.999797
0.003602 -0.019612 0.999801
0.003485 -0.019822 0.999798
-0.750579 -0.012726 0.660658
-0.750861 -0.012807 0.660336
-0.750533 -0.012808 0.660709
-0.750861 -0.012807 0.660336
-0.750579 -0.012726 0.660658
-0.750304 -0.012947 0.660966
-0.750861 -0.012807 0.660336
-0.750304 -0.012947 0.660966
-0.750352 -0.012867 0.660913
-0.750352 -0.012867 0.660913
-0.750304 -0.012947 0.660966
-0.750604 -0.012854 0.660627
-0.750550 -0.012768 0.660691
-0.750533 -0.012808 0.660709
-0.750154 -0.012593 0.661143
-0.750533 -0.012808 0.660709
-0.750550 -0.012768 0.660691
-0.750579 -0.012726 0.660658
-0.750154 -0.012593 0.661143
-0.750533 -0.012808 0.660709
-0.750604 -0.012854 0.660627
-0.750154 -0.012593 0.661143
-0.750604 -0.012854 0.660627
-0.750304 -0.012947 0.660966
0.750307 0.012624 -0.660969
0.750604 0.012854 -0.660627
0.750151 0.012879 -0.661141
0.750604 0.012854 -0.660627
0.750534 0.012725 -0.660709
0.750151 0.012879 -0.661141
0.750416 0.012823 -0.660842
0.750551 0.012687 -0.660691
0.750534 0.012725 -0.660709
0.750151 0.012879 -0.661141
0.750534 0.012725 -0.660709
0.750551 0.012687 -0.660691
0.750604 0.012854 -0.660627
0.750307 0.012624 -0.660969
0.750355 0.012553 -0.660915
0.750355 0.012553 -0.660915
0.750307 0.012624 -0.660969
0.750862 0.012719 -0.660337
0.750307 0.012624 -0.660969
0.750416 0.012823 -0.660842
0.750862 0.012719 -0.660337
0.750534 0.012725 -0.660709
0.750862 0.012719 -0.660337
0.750416 0.012823 -0.660842
-0.003472 0.019701 -0.999800
-0.003720 0.019744 -0.999798
-0.003480 0.019669 -0.999801
-0.003720 0.019744 -0.999798
-0.003472 0.019701 -0.999800
-0.003555 0.019712 -0.999799
0.003555 -0.019712 0.999799
0.003645 -0.019701 0.999799
0.003434 -0.019744 0.999799
0.003631 -0.019669 0.999800
0.003434 -0.019744 0.999799
0.003645 -0.019701 0.999799
0.999993 -0.000303 -0.003630
0.999994 -0.000174 -0.003487
0.999994 -0.000174 -0.003473
0.999994 -0.000174 -0.003487
0.999993 -0.000303 -0.003630
0.999993 -0.000305 -0.003654
0.999994 -0.000174 -0.003487
0.999992 -0.000288 -0.004037
0.999994 -0.000174 -0.003473
0.999992 -0.000288 -0.004037
0.999994 -0.000174 -0.003487
0.999992 -0.000286 -0.004001
0.999992 -0.000288 -0.004037
0.999992 -0.000286 -0.004001
0.999992 -0.000481 -0.003847
0.999992 -0.000481 -0.003847
0.999992 -0.000286 -0.004001
0.999992 -0.000480 -0.003841
0.999992 -0.000481 -0.003847
0.999992 -0.000480 -0.003841
0.999993 -0.000305 -0.003654
0.999992 -0.000481 -0.003847
0.999993 -0.000305 -0.003654
0.999993 -0.000303 -0.003630
-0.999993 0.000303 0.003630
-0.999993 0.000305 0.003654
-0.999994 0.000000 0.003366
-0.999993 0.000305 0.003654
-0.999994 0.000000 0.003361
-0.999994 0.000000 0.003366
-0.999994 0.000000 0.003361
-0.999994 0.000000 0.003430
-0.999994 0.000000 0.003366
-0.999994 0.000000 0.003366
-0.999994 0.000000 0.003430
-0.999994 0.000000 0.003460
-0.999994 0.000000 0.003430
-0.999994 0.000262 0.003487
-0.999994 0.000000 0.003460
-0.999994 0.000260 0.003473
-0.999994 0.000000 0.003460
-0.999994 0.000262 0.003487
-0.999993 0.000305 0.003654
-0.999993 0.000303 0.003630
-0.999994 0.000262 0.003487
-0.999994 0.000260 0.003473
-0.999994 0.000262 0.003487
-0.999993 0.000303 0.003630
-0.999992 0.000283 0.003960
-0.999994 0.000220 0.003528
-0.999994 0.000222 0.003558
-0.999992 0.000397 0.003968
-0.999992 0.000399 0.003988
-0.999993 0.000473 0.003782
-0.999994 0.000220 0.003528
-0.999993 0.000317 0.003807
-0.999994 0.000269 0.003591
-0.999993 0.000317 0.003807
-0.999994 0.000220 0.003528
-0.999992 0.000283 0.003960
-0.999993 0.000317 0.003807
-0.999992 0.000283 0.003960
-0.999992 0.000279 0.003906
-0.999993 0.000317 0.003807
-0.999992 0.000279 0.003906
-0.999992 0.000293 0.004096
-0.999993 0.000317 0.003807
-0.999992 0.000293 0.004096
-0.999992 0.000507 0.004059
-0.999993 0.000317 0.003807
-0.999992 0.000507 0.004059
-0.999993 0.000476 0.003809
-0.999993 0.000317 0.003807
-0.999993 0.000476 0.003809
-0.999992 0.000399 0.003988
-0.999992 0.000399 0.003988
-0.999993 0.000476 0.003809
-0.999993 0.000473 0.003782
0.999994 0.000000 -0.003309
0.999994 0.000000 -0.003333
0.999995 -0.000399 -0.003190
0.999995 -0.000399 -0.003190
0.999994 0.000000 -0.003333
0.999995 -0.000317 -0.003173
0.999994 0.000000 -0.003333
0.999994 0.000000 -0.003552
0.999995 -0.000317 -0.003173
0.999994 0.000000 -0.003552
0.999994 -0.000293 -0.003511
0.999995 -0.000317 -0.003173
0.999994 -0.000293 -0.003511
0.999994 -0.000279 -0.003348
0.999995 -0.000317 -0.003173
0.999994 -0.000279 -0.003348
0.999994 -0.000283 -0.003394
0.999995 -0.000317 -0.003173
0.999994 -0.000283 -0.003394
0.999994 -0.000220 -0.003528
0.999995 -0.000317 -0.003173
0.999994 -0.000180 -0.003591
0.999995 -0.000317 -0.003173
0.999994 -0.000220 -0.003528
0.999994 0.000000 -0.003309
0.999995 -0.000399 -0.003190
0.999995 -0.000397 -0.003174
0.999994 -0.000222 -0.003558
0.999994 -0.000220 -0.003528
0.999994 -0.000283 -0.003394
0.999995 0.000000 -0.003229
0.999993 -0.000226 -0.003622
0.999994 -0.000419 -0.003354
0.999993 -0.000226 -0.003622
0.999995 0.000000 -0.003229
0.999994 0.000000 -0.003467
-0.999994 0.000433 0.003467
-0.999995 0.000404 0.003229
-0.999993 0.000226 0.003622
-0.999994 0.000210 0.003354
-0.999993 0.000226 0.003622
-0.999995 0.000404 0.003229
0.003528 -0.019671 0.999800
0.003566 -0.019697 0.999800
0.003574 -0.019494 0.999804
0.003566 -0.019697 0.999800
0.003528 -0.019671 0.999800
0.003571 -0.019639 0.999801
-0.003571 0.019639 -0.999801
-0.003635 0.019671 -0.999800
-0.003566 0.019697 -0.999800
-0.003520 0.019927 -0.999795
-0.003566 0.019697 -0.999800
-0.003635 0.019671 -0.999800
-0.000310 -0.999803 -0.019872
-0.000283 -0.999801 -0.019924
-0.000335 -0.999807 -0.019635
-0.000283 -0.999801 -0.019924
-0.000310 -0.999803 -0.019872
-0.000314 -0.999814 -0.019284
0.000314 0.999797 0.020122
0.000310 0.999803 0.019872
0.000283 0.999801 0.019924
0.000335 0.999807 0.019635
0.000283 0.999801 0.019924
0.000310 0.999803 0.019872
-0.003520 0.019673 -0.999800
-0.003581 0.019770 -0.999798
-0.003565 0.019711 -0.999799
-0.003581 0.019770 -0.999798
-0.003520 0.019673 -0.999800
-0.003591 0.019549 -0.999802
0.003591 -0.019549 0.999802
0.003624 -0.019673 0.999800
0.003530 -0.019770 0.999798
0.003565 -0.019711 0.999799
0.003530 -0.019770 0.999798
0.003624 -0.019673 0.999800
0.000303 0.999812 0.019375
0.000321 0.999806 0.019671
0.000325 0.999801 0.019935
0.000321 0.999806 0.019671
0.000303 0.999812 0.019375
0.000299 0.999801 0.019948
-0.000299 -0.999801 -0.019948
-0.000303 -0.999812 -0.019375
-0.000321 -0.999806 -0.019671
-0.000271 -0.999801 -0.019935
-0.000321 -0.999806 -0.019671
-0.000303 -0.999812 -0.019375
-0.999994 0.000000 0.003421
-0.999994 0.000207 0.003312
-0.999994 0.000223 0.003570
-0.999994 0.000207 0.003312
-0.999994 0.000000 0.003421
-0.999995 0.000000 0.003192
0.999992 -0.000399 -0.003990
0.999994 -0.000428 -0.003421
0.999994 -0.000414 -0.003312
0.999994 -0.000223 -0.003570
0.999994 -0.000414 -0.003312
0.999994 -0.000428 -0.003421
-0.999994 0.000345 0.003450
-0.999994 0.000216 0.003456
-0.999994 0.000217 0.003466
-0.999994 0.000216 0.003456
-0.999994 0.000345 0.003450
-0.999992 0.000341 0.004087
0.999994 -0.000341 -0.003406
0.999994 -0.000345 -0.003450
0.999994 -0.000216 -0.003456
0.999994 -0.000217 -0.003466
0.999994 -0.000216 -0.003456
0.999994 -0.000345 -0.003450
0.000596 -0.973069 0.230512
0.000593 -0.973090 0.230423
0.000593 -0.973090 0.230423
0.000593 -0.973090 0.230423
0.000596 -0.973069 0.230512
0.000593 -0.973090 0.230423
0.000593 -0.973090 0.230423
0.000596 -0.973069 0.230512
0.000593 -0.973187 0.230015
0.000593 -0.973187 0.230015
0.000596 -0.973069 0.230512
0.000593 -0.973106 0.230359
0.000593 -0.973106 0.230359
0.000596 -0.973069 0.230512
0.000592 -0.973069 0.230512
-0.000596 0.973069 -0.230512
-0.000596 0.973069 -0.230512
-0.000595 0.972988 -0.230854
-0.000595 0.972988 -0.230854
-0.000596 0.973069 -0.230512
-0.000593 0.973040 -0.230634
-0.000593 0.973040 -0.230634
-0.000596 0.973069 -0.230512
-0.000593 0.973245 -0.229770
-0.000593 0.973245 -0.229770
-0.000596 0.973069 -0.230512
-0.000593 0.973245 -0.229770
-0.000593 0.973245 -0.229770
-0.000593 0.973245 -0.229770
-0.000596 0.973069 -0.230512
0.003567 -0.019764 0.999798
0.003566 -0.019503 0.999803
0.003567 -0.019764 0.999798
0.003572 -0.019597 0.999802
0.003569 -0.019665 0.999800
0.003567 -0.019597 0.999802
0.003569 -0.019665 0.999800
0.003572 -0.019597 0.999802
0.003569 -0.019665 0.999800
0.003569 -0.019665 0.999800
0.003572 -0.019597 0.999802
0.003566 -0.019503 0.999803
0.003569 -0.019665 0.999800
0.003566 -0.019503 0.999803
0.003566 -0.019503 0.999803
0.003569 -0.019665 0.999800
0.003566 -0.019503 0.999803
0.003567 -0.019764 0.999798
0.003569 -0.019665 0.999800
0.003567 -0.019764 0.999798
0.003565 -0.019751 0.999799
-0.003565 0.019751 -0.999799
-0.003567 0.019764 -0.999798
-0.003569 0.019665 -0.999800
-0.003567 0.019764 -0.999798
-0.003566 0.019845 -0.999797
-0.003569 0.019665 -0.999800
-0.003566 0.019845 -0.999797
-0.003566 0.019845 -0.999797
-0.003569 0.019665 -0.999800
-0.003566 0.019845 -0.999797
-0.003567 0.019597 -0.999802
-0.003569 0.019665 -0.999800
-0.003569 0.019665 -0.999800
-0.003567 0.019597 -0.999802
-0.003569 0.019665 -0.999800
-0.003567 0.019597 -0.999802
-0.003569 0.019665 -0.999800
-0.003567 0.019597 -0.999802
-0.003573 0.019764 -0.999798
-0.003566 0.019845 -0.999797
-0.003567 0.019764 -0.999798
-0.000594 0.973025 -0.230700
-0.000596 0.973130 -0.230254
-0.000596 0.973130 -0.230254
-0.000596 0.973130 -0.230254
-0.000594 0.973025 -0.230700
-0.000594 0.973025 -0.230700
0.000594 -0.973025 0.230700
0.000597 -0.973025 0.230700
0.000596 -0.973283 0.229609
0.000594 -0.973283 0.229609
0.000596 -0.973283 0.229609
0.000597 -0.973025 0.230700
-0.003566 0.019710 -0.999799
-0.003565 0.019659 -0.999800
-0.003565 0.019659 -0.999800
-0.003565 0.019659 -0.999800
-0.003566 0.019710 -0.999799
-0.003574 0.019710 -0.999799
0.003560 -0.019710 0.999799
0.003569 -0.019710 0.999799
0.003565 -0.019659 0.999800
0.003568 -0.019659 0.999800
0.003565 -0.019659 0.999800
0.003569 -0.019710 0.999799
-0.003568 0.019693 -0.999800
-0.003565 0.019598 -0.999802
-0.003563 0.019693 -0.999800
-0.003565 0.019598 -0.999802
-0.003568 0.019693 -0.999800
-0.003565 0.019598 -0.999802
0.003565 -0.019891 0.999796
0.003557 -0.019672 0.999800
0.003565 -0.019891 0.999796
0.003563 -0.019672 0.999800
0.003565 -0.019891 0.999796
0.003557 -0.019672 0.999800
0.000589 -0.973089 0.230429
0.000593 -0.973019 0.230725
0.000593 -0.973019 0.230725
0.000593 -0.973019 0.230725
0.000589 -0.973089 0.230429
0.000595 -0.973090 0.230425
-0.000595 0.973090 -0.230425
-0.000600 0.973089 -0.230429
-0.000593 0.973019 -0.230725
-0.000593 0.973019 -0.230725
-0.000593 0.973019 -0.230725
-0.000600 0.973089 -0.230429
-0.999995 0.000399 0.003196
-0.999993 0.000302 0.003625
-0.999995 0.000401 0.003204
-0.999993 0.000302 0.003625
-0.999995 0.000399 0.003196
-0.999993 0.000301 0.003614
-0.999994 0.000340 0.003402
-0.999994 0.000297 0.003567
-0.999994 0.000341 0.003410
-0.999994 0.000297 0.003567
-0.999994 0.000340 0.003402
-0.999994 0.000293 0.003511
-0.999994 0.000218 0.003481
-0.999994 0.000293 0.003511
-0.999994 0.000236 0.003429
-0.999994 0.000293 0.003511
-0.999994 0.000218 0.003481
-0.999993 0.000302 0.003625
-0.999994 0.000293 0.003511
-0.999993 0.000302 0.003625
-0.999993 0.000301 0.003614
-0.999994 0.000293 0.003511
-0.999993 0.000301 0.003614
-0.999994 0.000297 0.003567
-0.999994 0.000148 0.003559
-0.999994 0.000218 0.003481
-0.999994 0.000236 0.003429
-0.999994 0.000218 0.003481
-0.999994 0.000148 0.003559
-0.999992 0.000248 0.003972
-0.999992 0.000248 0.003972
-0.999994 0.000148 0.003559
-0.999994 0.000148 0.003546
0.999994 -0.000296 -0.003546
0.999994 -0.000297 -0.003559
0.999994 -0.000248 -0.003476
0.999994 -0.000248 -0.003476
0.999994 -0.000297 -0.003559
0.999994 -0.000261 -0.003481
0.999992 -0.000236 -0.004115
0.999994 -0.000261 -0.003481
0.999994 -0.000297 -0.003559
0.999994 0.000000 -0.003567
0.999993 0.000000 -0.003614
0.999994 0.000000 -0.003511
0.999993 0.000000 -0.003614
0.999993 0.000000 -0.003625
0.999994 0.000000 -0.003511
0.999993 0.000000 -0.003625
0.999994 -0.000261 -0.003481
0.999994 0.000000 -0.003511
0.999992 -0.000236 -0.004115
0.999994 0.000000 -0.003511
0.999994 -0.000261 -0.003481
0.999994 0.000000 -0.003511
0.999992 0.000000 -0.004082
0.999994 0.000000 -0.003567
0.999992 0.000000 -0.004092
0.999994 0.000000 -0.003567
0.999992 0.000000 -0.004082
0.999993 0.000000 -0.003614
0.999992 0.000000 -0.003995
0.999993 0.000000 -0.003625
0.999992 0.000000 -0.004005
0.999993 0.000000 -0.003625
0.999992 0.000000 -0.003995
0.001230 0.959737 0.280899
0.001233 0.959705 0.281006
0.001233 0.959705 0.281006
0.001233 0.959705 0.281006
0.001230 0.959737 0.280899
0.001225 0.959737 0.280899
-0.001225 -0.959917 -0.280281
-0.001225 -0.959917 -0.280281
-0.001222 -0.959915 -0.280287
-0.001222 -0.959915 -0.280287
-0.001222 -0.959915 -0.280287
-0.001225 -0.959917 -0.280281
0.003564 -0.019795 0.999798
0.003567 -0.019717 0.999799
0.003564 -0.019795 0.999798
0.003567 -0.019717 0.999799
0.003564 -0.019795 0.999798
0.003567 -0.019717 0.999799
-0.003558 0.019569 -0.999802
-0.003573 0.019647 -0.999801
-0.003558 0.019569 -0.999802
-0.003573 0.019647 -0.999801
-0.003558 0.019569 -0.999802
-0.003573 0.019647 -0.999801
0.003565 -0.019634 0.999801
0.003557 -0.019669 0.999800
0.003565 -0.019669 0.999800
0.003557 -0.019669 0.999800
0.003565 -0.019634 0.999801
0.003568 -0.019634 0.999801
-0.003568 0.019634 -0.999801
-0.003570 0.019634 -0.999801
-0.003568 0.019669 -0.999800
-0.003570 0.019669 -0.999800
-0.003568 0.019669 -0.999800
-0.003570 0.019634 -0.999801
-0.001274 -0.956104 -0.293024
-0.001269 -0.956279 -0.292452
-0.001264 -0.956279 -0.292452
-0.001269 -0.956279 -0.292452
-0.001274 -0.956104 -0.293024
-0.001272 -0.956104 -0.293024
0.001267 0.956299 0.292387
0.001274 0.956299 0.292387
0.001267 0.956537 0.291608
0.001264 0.956537 0.291608
0.001267 0.956537 0.291608
0.001274 0.956299 0.292387
0.003370 -0.273612 0.961834
0.003371 -0.273503 0.961865
0.003366 -0.273503 0.961865
0.003371 -0.273503 0.961865
0.003370 -0.273612 0.961834
0.003369 -0.273612 0.961834
0.003371 -0.273503 0.961865
0.003369 -0.273612 0.961834
0.003370 -0.273612 0.961834
0.003371 -0.273503 0.961865
0.003370 -0.273612 0.961834
0.003366 -0.273503 0.961865
-0.003366 0.273503 -0.961865
-0.003370 0.273981 -0.961729
-0.003370 0.273503 -0.961865
-0.003370 0.273981 -0.961729
-0.003371 0.273981 -0.961729
-0.003370 0.273503 -0.961865
-0.003371 0.273981 -0.961729
-0.003370 0.273981 -0.961729
-0.003370 0.273503 -0.961865
-0.003372 0.273503 -0.961865
-0.003370 0.273503 -0.961865
-0.003370 0.273981 -0.961729
0.001272 0.956244 0.292566
0.001273 0.956295 0.292401
0.001268 0.956295 0.292401
0.001273 0.956295 0.292401
0.001272 0.956244 0.292566
0.001271 0.956362 0.292180
0.001271 0.956362 0.292180
0.001272 0.956244 0.292566
0.001271 0.956362 0.292180
-0.001271 -0.956194 -0.292731
-0.001272 -0.956244 -0.292566
-0.001271 -0.956194 -0.292731
-0.001271 -0.956194 -0.292731
-0.001272 -0.956244 -0.292566
-0.001261 -0.956295 -0.292401
-0.001267 -0.956295 -0.292401
-0.001261 -0.956295 -0.292401
-0.001272 -0.956244 -0.292566
0.003557 -0.019616 0.999801
0.003567 -0.019574 0.999802
0.003562 -0.019616 0.999801
0.003567 -0.019574 0.999802
0.003557 -0.019616 0.999801
0.003567 -0.019574 0.999802
-0.003567 0.019574 -0.999802
-0.003566 0.019616 -0.999801
-0.003567 0.019574 -0.999802
-0.003566 0.019616 -0.999801
-0.003567 0.019574 -0.999802
-0.003566 0.019616 -0.999801
-0.001273 -0.956265 -0.292498
-0.001273 -0.956263 -0.292504
-0.001268 -0.956263 -0.292504
-0.001273 -0.956263 -0.292504
-0.001273 -0.956265 -0.292498
-0.001272 -0.956291 -0.292415
0.001268 0.956457 0.291871
0.001272 0.956457 0.291871
0.001268 0.956454 0.291880
0.001279 0.956454 0.291880
0.001268 0.956454 0.291880
0.001272 0.956457 0.291871
0.003369 -0.273776 0.961787
0.003373 -0.273864 0.961763
0.003374 -0.273776 0.961787
0.003373 -0.273864 0.961763
0.003369 -0.273776 0.961787
0.003379 -0.273864 0.961763
-0.003366 0.273053 -0.961993
-0.003369 0.273776 -0.961787
-0.003372 0.273053 -0.961993
-0.003364 0.273776 -0.961787
-0.003372 0.273053 -0.961993
-0.003369 0.273776 -0.961787
-0.000562 0.975172 -0.221449
-0.000563 0.975268 -0.221027
-0.000563 0.975268 -0.221027
-0.000563 0.975268 -0.221027
-0.000562 0.975172 -0.221449
-0.000559 0.975172 -0.221449
0.000559 -0.975058 0.221948
0.000562 -0.975058 0.221948
0.000563 -0.975133 0.221621
0.000563 -0.975133 0.221621
0.000563 -0.975133 0.221621
0.000562 -0.975058 0.221948
-0.000596 0.972912 -0.231173
-0.000605 0.973097 -0.230395
-0.000595 0.973097 -0.230395
-0.000605 0.973097 -0.230395
-0.000596 0.972912 -0.231173
-0.000598 0.972912 -0.231173
0.000588 -0.973078 0.230475
0.000596 -0.973076 0.230485
0.000590 -0.972986 0.230865
0.000595 -0.972979 0.230893
0.000590 -0.972986 0.230865
0.000596 -0.973076 0.230485
0.999994 -0.000235 -0.003572
0.999994 -0.000235 -0.003572
0.999994 -0.000235 -0.003572
0.999994 -0.000238 -0.003600
0.999994 -0.000238 -0.003600
0.999993 -0.000238 -0.003600
0.999994 -0.000235 -0.003571
0.999994 -0.000235 -0.003571
0.999994 -0.000235 -0.003571
0.999994 -0.000235 -0.003572
0.999994 -0.000235 -0.003572
0.999994 -0.000235 -0.003572
0.999994 -0.000235 -0.003573
0.999994 -0.000235 -0.003573
0.999994 -0.000235 -0.003573
0.999994 -0.000235 -0.003571
0.999994 -0.000235 -0.003571
0.999994 -0.000235 -0.003571
0.999994 -0.000235 -0.003573
0.999994 -0.000235 -0.003573
0.999994 -0.000235 -0.003573
0.999994 -0.000235 -0.003572
0.999994 -0.000235 -0.003572
0.999994 -0.000235 -0.003572
0.999994 -0.000235 -0.003571
0.999994 -0.000235 -0.003571
0.999994 -0.000235 -0.003571
0.999994 -0.000235 -0.003576
0.999994 -0.000235 -0.003576
0.999994 -0.000235 -0.003576
0.999994 -0.000236 -0.003572
0.999994 -0.000236 -0.003572
0.999994 -0.000236 -0.003572
0.999994 -0.000234 -0.003572
0.999994 -0.000234 -0.003572
0.999994 -0.000234 -0.003572
0.999994 -0.000235 -0.003572
0.999994 -0.000235 -0.003572
0.999994 -0.000235 -0.003572
0.999994 -0.000241 -0.003571
0.999994 -0.000241 -0.003571
0.999994 -0.000241 -0.003571
0.999994 -0.000234 -0.003572
0.999994 -0.000234 -0.003572
0.999994 -0.000234 -0.003572
0.999994 -0.000236 -0.003571
0.999994 -0.000236 -0.003571
0.999994 -0.000236 -0.003571
0.999994 -0.000234 -0.003573
0.999994 -0.000234 -0.003573
0.999994 -0.000234 -0.003573
0.999994 -0.000235 -0.003572
0.999994 -0.000235 -0.003572
0.999994 -0.000235 -0.003572
0.999994 -0.000235 -0.003571
0.999994 -0.000235 -0.003571
0.999994 -0.000235 -0.003571
0.999994 -0.000234 -0.003575
0.999994 -0.000234 -0.003575
0.999994 -0.000234 -0.003575
0.999994 -0.000235 -0.003569
0.999994 -0.000235 -0.003569
0.999994 -0.000235 -0.003569
0.999994 -0.000235 -0.003572
0.999994 -0.000235 -0.003572
0.999994 -0.000235 -0.003572
-0.999994 0.000235 0.003572
-0.999994 0.000235 0.003572
-0.999994 0.000235 0.003572
-0.999994 0.000236 0.003572
-0.999994 0.000236 0.003572
-0.999994 0.000236 0.003572
-0.999994 0.000234 0.003572
-0.999994 0.000234 0.003572
-0.999994 0.000234 0.003572
-0.999994 0.000235 0.003572
-0.999994 0.000235 0.003572
-0.999994 0.000235 0.003572
-0.999994 0.000235 0.003572
-0.999994 0.000235 0.003572
-0.999994 0.000235 0.003572
-0.999994 0.000231 0.003574
-0.999994 0.000231 0.003574
-0.999994 0.000231 0.003574
-0.999994 0.000236 0.003571
-0.999994 0.000236 0.003571
-0.999994 0.000236 0.003571
-0.999994 0.000234 0.003573
-0.999994 0.000234 0.003573
-0.999994 0.000234 0.003573
-0.999994 0.000235 0.003572
-0.999994 0.000235 0.003572
-0.999994 0.000235 0.003572
-0.999994 0.000235 0.003571
-0.999994 0.000235 0.003571
-0.999994 0.000235 0.003571
-0.999994 0.000234 0.003575
-0.999994 0.000234 0.003575
-0.999994 0.000234 0.003575
-0.999994 0.000234 0.003572
-0.999994 0.000234 0.003572
-0.999994 0.000234 0.003572
-0.999994 0.000235 0.003572
-0.999994 0.000235 0.003572
-0.999994 0.000235 0.003572
-0.999994 0.000235 0.003572
-0.999994 0.000235 0.003572
-0.999994 0.000235 0.003572
-0.999994 0.000232 0.003572
-0.999994 0.000232 0.003572
-0.999994 0.000232 0.003572
-0.999994 0.000246 0.003571
-0.999994 0.000246 0.003571
-0.999994 0.000246 0.003571
-0.999994 0.000235 0.003572
-0.999994 0.000235 0.003572
-0.999994 0.000235 0.003572
-0.999994 0.000235 0.003573
-0.999994 0.000235 0.003573
-0.999994 0.000235 0.003573
-0.999994 0.000235 0.003572
-0.999994 0.000235 0.003572
-0.999994 0.000235 0.003572
-0.999994 0.000235 0.003571
-0.999994 0.000235 0.003571
-0.999994 0.000235 0.003571
-0.999994 0.000235 0.003576
-0.999994 0.000235 0.003576
-0.999994 0.000235 0.003576
-0.999994 0.000235 0.003569
-0.999994 0.000235 0.003569
-0.999994 0.000235 0.003569
0.999993 0.000000 -0.003760
0.999995 -0.000307 -0.003068
0.999994 -0.000270 -0.003606
0.999995 -0.000307 -0.003068
0.999993 0.000000 -0.003760
0.999994 0.000000 -0.003548
-0.999994 0.000507 0.003548
-0.999995 0.000313 0.003133
-0.999993 0.000307 0.003681
-0.999994 0.000180 0.003606
-0.999993 0.000307 0.003681
-0.999995 0.000313 0.003133
-0.003548 -0.196902 -0.980417
-0.003551 0.063364 -0.997984
-0.003548 -0.197000 -0.980397
-0.003551 0.063364 -0.997984
-0.003548 -0.196902 -0.980417
-0.003543 0.063332 -0.997986
-0.003543 0.063332 -0.997986
-0.003310 0.319519 -0.947574
-0.003551 0.063364 -0.997984
-0.003310 0.319519 -0.947574
-0.003543 0.063332 -0.997986
-0.003319 0.319364 -0.947626
-0.003300 -0.444133 -0.895955
-0.003457 -0.323360 -0.946270
-0.003304 -0.444131 -0.895956
-0.003457 -0.323360 -0.946270
-0.003300 -0.444133 -0.895955
-0.003548 -0.197000 -0.980397
-0.003548 -0.197000 -0.980397
-0.003300 -0.444133 -0.895955
-0.003548 -0.196902 -0.980417
-0.003548 -0.196902 -0.980417
-0.003300 -0.444133 -0.895955
-0.003453 -0.323276 -0.946298
-0.003310 0.319519 -0.947574
-0.002841 0.553932 -0.832557
-0.002842 0.553990 -0.832518
-0.002841 0.553932 -0.832557
-0.003310 0.319519 -0.947574
-0.003319 0.319364 -0.947626
-0.002835 -0.660683 -0.750660
-0.003300 -0.444133 -0.895955
-0.003304 -0.444131 -0.895956
-0.003300 -0.444133 -0.895955
-0.002835 -0.660683 -0.750660
-0.002826 -0.660573 -0.750756
-0.002841 0.553932 -0.832557
-0.002186 0.750478 -0.660892
-0.002842 0.553990 -0.832518
-0.002186 0.750478 -0.660892
-0.002841 0.553932 -0.832557
-0.002206 0.750448 -0.660926
-0.002826 -0.660573 -0.750756
-0.002176 -0.832445 -0.554103
-0.002159 -0.832682 -0.553747
-0.002176 -0.832445 -0.554103
-0.002826 -0.660573 -0.750756
-0.002835 -0.660683 -0.750660
-0.002186 0.750478 -0.660892
-0.001378 0.896061 -0.443929
-0.001377 0.895909 -0.444235
-0.001378 0.896061 -0.443929
-0.002186 0.750478 -0.660892
-0.002206 0.750448 -0.660926
-0.002159 -0.832682 -0.553747
-0.001365 -0.947589 -0.319488
-0.001358 -0.947669 -0.319253
-0.001365 -0.947589 -0.319488
-0.002159 -0.832682 -0.553747
-0.002176 -0.832445 -0.554103
-0.001377 0.895909 -0.444235
-0.000450 0.980422 -0.196907
-0.000474 0.980402 -0.197006
-0.000450 0.980422 -0.196907
-0.001377 0.895909 -0.444235
-0.001378 0.896061 -0.443929
-0.001358 -0.947669 -0.319253
-0.000461 -0.997988 -0.063397
-0.000454 -0.997991 -0.063348
-0.000461 -0.997988 -0.063397
-0.001358 -0.947669 -0.319253
-0.001365 -0.947589 -0.319488
-0.000006 0.997714 -0.067580
0.000451 0.997953 0.063951
0.000462 0.997983 0.063487
0.000451 0.997953 0.063951
-0.000006 0.997714 -0.067580
0.000000 0.997717 -0.067528
0.000000 0.997717 -0.067528
-0.000006 0.997714 -0.067580
-0.000474 0.980402 -0.197006
0.000000 0.997717 -0.067528
-0.000474 0.980402 -0.197006
-0.000450 0.980422 -0.196907
-0.000454 -0.997991 -0.063348
0.000472 -0.980390 0.197068
0.000456 -0.980410 0.196968
0.000472 -0.980390 0.197068
-0.000454 -0.997991 -0.063348
-0.000461 -0.997988 -0.063397
0.000462 0.997983 0.063487
0.001359 0.947616 0.319409
0.001364 0.947563 0.319566
0.001359 0.947616 0.319409
0.000462 0.997983 0.063487
0.000451 0.997953 0.063951
0.000456 -0.980410 0.196968
0.001375 -0.896042 0.443968
0.001372 -0.895937 0.444180
0.001375 -0.896042 0.443968
0.000456 -0.980410 0.196968
0.000472 -0.980390 0.197068
0.001364 0.947563 0.319566
0.002176 0.832607 0.553859
0.002172 0.832448 0.554099
0.002176 0.832607 0.553859
0.001364 0.947563 0.319566
0.001359 0.947616 0.319409
0.001372 -0.895937 0.444180
0.002185 -0.750868 0.660449
0.002161 -0.750836 0.660485
0.002185 -0.750868 0.660449
0.001372 -0.895937 0.444180
0.001375 -0.896042 0.443968
0.002172 0.832448 0.554099
0.002834 0.660713 0.750633
0.002834 0.660678 0.750664
0.002834 0.660713 0.750633
0.002172 0.832448 0.554099
0.002176 0.832607 0.553859
0.002852 -0.553548 0.832813
0.002185 -0.750868 0.660449
0.002842 -0.553426 0.832894
0.002185 -0.750868 0.660449
0.002852 -0.553548 0.832813
0.002161 -0.750836 0.660485
0.002834 0.660678 0.750664
0.003301 0.443652 0.896193
0.003303 0.443650 0.896194
0.003301 0.443652 0.896193
0.002834 0.660678 0.750664
0.002834 0.660713 0.750633
0.003312 -0.319530 0.947571
0.002842 -0.553426 0.832894
0.003308 -0.319612 0.947543
0.002842 -0.553426 0.832894
0.003312 -0.319530 0.947571
0.002852 -0.553548 0.832813
0.003301 0.443652 0.896193
0.003454 0.323525 0.946213
0.003303 0.443650 0.896194
0.003454 0.323525 0.946213
0.003301 0.443652 0.896193
0.003548 0.196871 0.980423
0.003548 0.196871 0.980423
0.003301 0.443652 0.896193
0.003537 0.197022 0.980393
0.003537 0.197022 0.980393
0.003301 0.443652 0.896193
0.003469 0.323365 0.946268
0.003542 -0.063227 0.997993
0.003308 -0.319612 0.947543
0.003550 -0.062999 0.998007
0.003308 -0.319612 0.947543
0.003542 -0.063227 0.997993
0.003312 -0.319530 0.947571
0.003537 0.197022 0.980393
0.003550 -0.062999 0.998007
0.003548 0.196871 0.980423
0.003550 -0.062999 0.998007
0.003537 0.197022 0.980393
0.003542 -0.063227 0.997993
0.003543 -0.063332 0.997986
0.003548 0.197147 0.980367
0.003549 -0.063364 0.997984
0.003549 0.197246 0.980348
0.003549 -0.063364 0.997984
0.003548 0.197147 0.980367
0.003286 -0.319823 0.947472
0.003543 -0.063332 0.997986
0.003311 -0.319748 0.947497
0.003549 -0.063364 0.997984
0.003311 -0.319748 0.947497
0.003543 -0.063332 0.997986
0.003454 0.323662 0.946167
0.003300 0.444133 0.895955
0.003548 0.197147 0.980367
0.003548 0.197147 0.980367
0.003300 0.444133 0.895955
0.003549 0.197246 0.980348
0.003549 0.197246 0.980348
0.003300 0.444133 0.895955
0.003457 0.323589 0.946191
0.003304 0.444131 0.895956
0.003457 0.323589 0.946191
0.003300 0.444133 0.895955
0.003286 -0.319823 0.947472
0.003311 -0.319748 0.947497
0.002842 -0.553755 0.832675
0.002845 -0.553813 0.832636
0.002842 -0.553755 0.832675
0.003311 -0.319748 0.947497
0.002858 0.660573 0.750756
0.002833 0.660683 0.750660
0.003300 0.444133 0.895955
0.003304 0.444131 0.895956
0.003300 0.444133 0.895955
0.002833 0.660683 0.750660
0.002174 -0.750082 0.661341
0.002842 -0.553755 0.832675
0.002185 -0.750112 0.661307
0.002845 -0.553813 0.832636
0.002185 -0.750112 0.661307
0.002842 -0.553755 0.832675
0.002833 0.660683 0.750660
0.002858 0.660573 0.750756
0.002173 0.832445 0.554103
0.002191 0.832682 0.553747
0.002173 0.832445 0.554103
0.002858 0.660573 0.750756
0.002174 -0.750082 0.661341
0.002185 -0.750112 0.661307
0.001378 -0.896061 0.443929
0.001375 -0.896164 0.443722
0.001378 -0.896061 0.443929
0.002185 -0.750112 0.661307
0.002173 0.832445 0.554103
0.002191 0.832682 0.553747
0.001361 0.947433 0.319953
0.001358 0.947512 0.319717
0.001361 0.947433 0.319953
0.002191 0.832682 0.553747
0.001378 -0.896061 0.443929
0.001375 -0.896164 0.443722
0.000482 -0.980422 0.196907
0.000474 -0.980392 0.197056
0.000482 -0.980422 0.196907
0.001375 -0.896164 0.443722
0.001361 0.947433 0.319953
0.001358 0.947512 0.319717
0.000459 0.997988 0.063397
0.000454 0.997991 0.063348
0.000459 0.997988 0.063397
0.001358 0.947512 0.319717
0.000482 -0.980422 0.196907
0.000474 -0.980392 0.197056
0.000000 -0.997717 0.067528
0.000474 -0.980392 0.197056
0.000010 -0.997714 0.067580
0.000000 -0.997717 0.067528
0.000000 -0.997717 0.067528
0.000010 -0.997714 0.067580
-0.000451 -0.997986 -0.063438
-0.000462 -0.997983 -0.063487
-0.000451 -0.997986 -0.063438
0.000010 -0.997714 0.067580
0.000459 0.997988 0.063397
0.000454 0.997991 0.063348
-0.000472 0.980390 -0.197068
-0.000489 0.980410 -0.196968
-0.000472 0.980390 -0.197068
0.000454 0.997991 0.063348
-0.000451 -0.997986 -0.063438
-0.000462 -0.997983 -0.063487
-0.001359 -0.947799 -0.318866
-0.001366 -0.947720 -0.319101
-0.001359 -0.947799 -0.318866
-0.000462 -0.997983 -0.063487
-0.000472 0.980390 -0.197068
-0.000489 0.980410 -0.196968
-0.001376 0.895782 -0.444492
-0.001372 0.895677 -0.444703
-0.001376 0.895782 -0.444492
-0.000489 0.980410 -0.196968
-0.001359 -0.947799 -0.318866
-0.001366 -0.947720 -0.319101
-0.002175 -0.832687 -0.553740
-0.002174 -0.832448 -0.554099
-0.002175 -0.832687 -0.553740
-0.001366 -0.947720 -0.319101
-0.001376 0.895782 -0.444492
-0.001372 0.895677 -0.444703
-0.002186 0.750004 -0.661429
-0.002193 0.749974 -0.661464
-0.002186 0.750004 -0.661429
-0.001372 0.895677 -0.444703
-0.002175 -0.832687 -0.553740
-0.002174 -0.832448 -0.554099
-0.002834 -0.660713 -0.750633
-0.002839 -0.660678 -0.750664
-0.002834 -0.660713 -0.750633
-0.002174 -0.832448 -0.554099
-0.002193 0.749974 -0.661464
-0.002819 0.553548 -0.832813
-0.002186 0.750004 -0.661429
-0.002845 0.553850 -0.832612
-0.002186 0.750004 -0.661429
-0.002819 0.553548 -0.832813
-0.002834 -0.660713 -0.750633
-0.002839 -0.660678 -0.750664
-0.003299 -0.444491 -0.895777
-0.003308 -0.444488 -0.895779
-0.003299 -0.444491 -0.895777
-0.002839 -0.660678 -0.750664
-0.002819 0.553548 -0.832813
-0.003312 0.319294 -0.947650
-0.002845 0.553850 -0.832612
-0.003314 0.319376 -0.947622
-0.002845 0.553850 -0.832612
-0.003312 0.319294 -0.947650
-0.003470 -0.323130 -0.946348
-0.003299 -0.444491 -0.895777
-0.003570 -0.197274 -0.980342
-0.003570 -0.197274 -0.980342
-0.003299 -0.444491 -0.895777
-0.003549 -0.197123 -0.980372
-0.003549 -0.197123 -0.980372
-0.003299 -0.444491 -0.895777
-0.003454 -0.323291 -0.946293
-0.003308 -0.444488 -0.895779
-0.003454 -0.323291 -0.946293
-0.003299 -0.444491 -0.895777
-0.003312 0.319294 -0.947650
-0.003542 0.063488 -0.997976
-0.003314 0.319376 -0.947622
-0.003550 0.063260 -0.997991
-0.003314 0.319376 -0.947622
-0.003542 0.063488 -0.997976
-0.003542 0.063488 -0.997976
-0.003570 -0.197274 -0.980342
-0.003550 0.063260 -0.997991
-0.003549 -0.197123 -0.980372
-0.003550 0.063260 -0.997991
-0.003570 -0.197274 -0.980342
-0.000065 0.996531 -0.083216
0.000406 0.998858 0.047775
0.000404 0.998856 0.047818
0.000406 0.998858 0.047775
-0.000065 0.996531 -0.083216
-0.000074 0.996538 -0.083143
-0.000074 0.996538 -0.083143
-0.000065 0.996531 -0.083216
-0.000531 0.977200 -0.212320
-0.000074 0.996538 -0.083143
-0.000531 0.977200 -0.212320
-0.000514 0.977240 -0.212137
-0.001427 0.888905 -0.458090
-0.000514 0.977240 -0.212137
-0.000531 0.977200 -0.212320
-0.000514 0.977240 -0.212137
-0.001427 0.888905 -0.458090
-0.001428 0.888851 -0.458195
0.000404 0.998856 0.047818
0.001295 0.952375 0.304926
0.001310 0.952465 0.304646
0.001295 0.952375 0.304926
0.000404 0.998856 0.047818
0.000406 0.998858 0.047775
-0.002228 0.740097 -0.672496
-0.001428 0.888851 -0.458195
-0.001427 0.888905 -0.458090
-0.001428 0.888851 -0.458195
-0.002228 0.740097 -0.672496
-0.002230 0.740071 -0.672526
0.001310 0.952465 0.304646
0.002155 0.841350 0.540486
0.002129 0.841360 0.540471
0.002155 0.841350 0.540486
0.001310 0.952465 0.304646
0.001295 0.952375 0.304926
-0.002877 0.540933 -0.841061
-0.002230 0.740071 -0.672526
-0.002228 0.740097 -0.672496
-0.002230 0.740071 -0.672526
-0.002877 0.540933 -0.841061
-0.002884 0.541080 -0.840966
0.002129 0.841360 0.540471
0.002798 0.673042 0.739599
0.002798 0.673012 0.739626
0.002798 0.673042 0.739599
0.002129 0.841360 0.540471
0.002155 0.841350 0.540486
-0.003358 0.304816 -0.952405
-0.002877 0.540933 -0.841061
-0.003332 0.304456 -0.952521
-0.002877 0.540933 -0.841061
-0.003358 0.304816 -0.952405
-0.002884 0.541080 -0.840966
0.002798 0.673042 0.739599
0.003282 0.458213 0.888837
0.002798 0.673012 0.739626
0.003282 0.458213 0.888837
0.002798 0.673042 0.739599
0.003259 0.458442 0.888718
-0.003543 0.047926 -0.998845
-0.003332 0.304456 -0.952521
-0.003558 0.047954 -0.998843
-0.003332 0.304456 -0.952521
-0.003543 0.047926 -0.998845
-0.003358 0.304816 -0.952405
0.003259 0.458442 0.888718
0.003540 0.212279 0.977203
0.003282 0.458213 0.888837
0.003540 0.212279 0.977203
0.003259 0.458442 0.888718
0.003531 0.212154 0.977230
-0.003513 -0.212246 -0.977210
-0.003558 0.047954 -0.998843
-0.003539 -0.212489 -0.977157
-0.003558 0.047954 -0.998843
-0.003513 -0.212246 -0.977210
-0.003543 0.047926 -0.998845
0.003531 0.212154 0.977230
0.003555 -0.047593 0.998860
0.003540 0.212279 0.977203
0.003555 -0.047593 0.998860
0.003531 0.212154 0.977230
0.003537 -0.047565 0.998862
-0.003266 -0.458214 -0.888836
-0.003441 -0.338043 -0.941124
-0.003283 -0.458229 -0.888828
-0.003441 -0.338043 -0.941124
-0.003266 -0.458214 -0.888836
-0.003539 -0.212489 -0.977157
-0.003539 -0.212489 -0.977157
-0.003266 -0.458214 -0.888836
-0.003513 -0.212246 -0.977210
-0.003513 -0.212246 -0.977210
-0.003266 -0.458214 -0.888836
-0.003440 -0.338189 -0.941072
0.003537 -0.047565 0.998862
0.003334 -0.304894 0.952380
0.003555 -0.047593 0.998860
0.003334 -0.304894 0.952380
0.003537 -0.047565 0.998862
0.003353 -0.304993 0.952349
-0.002798 -0.672729 -0.739884
-0.003283 -0.458229 -0.888828
-0.002799 -0.672699 -0.739910
-0.003283 -0.458229 -0.888828
-0.002798 -0.672729 -0.739884
-0.003266 -0.458214 -0.888836
0.003353 -0.304993 0.952349
0.002877 -0.540847 0.841116
0.003334 -0.304894 0.952380
0.002877 -0.540847 0.841116
0.003353 -0.304993 0.952349
0.002862 -0.540786 0.841155
-0.002798 -0.672729 -0.739884
-0.002130 -0.840955 -0.541100
-0.002144 -0.840946 -0.541115
-0.002130 -0.840955 -0.541100
-0.002798 -0.672729 -0.739884
-0.002799 -0.672699 -0.739910
0.002877 -0.540847 0.841116
0.002219 -0.739857 0.672761
0.002230 -0.739884 0.672731
0.002219 -0.739857 0.672761
0.002877 -0.540847 0.841116
0.002862 -0.540786 0.841155
-0.002144 -0.840946 -0.541115
-0.001310 -0.952561 -0.304344
-0.001299 -0.952644 -0.304086
-0.001310 -0.952561 -0.304344
-0.002144 -0.840946 -0.541115
-0.002130 -0.840955 -0.541100
0.001426 -0.888588 0.458704
0.002230 -0.739884 0.672731
0.002219 -0.739857 0.672761
0.002230 -0.739884 0.672731
0.001426 -0.888588 0.458704
0.001429 -0.888707 0.458474
-0.001299 -0.952644 -0.304086
-0.000403 -0.998859 -0.047749
-0.000410 -0.998861 -0.047707
-0.000403 -0.998859 -0.047749
-0.001299 -0.952644 -0.304086
-0.001310 -0.952561 -0.304344
0.000524 -0.977163 0.212492
0.001429 -0.888707 0.458474
0.001426 -0.888588 0.458704
0.001429 -0.888707 0.458474
0.000524 -0.977163 0.212492
0.000529 -0.977122 0.212678
-0.000410 -0.998861 -0.047707
0.000529 -0.977122 0.212678
0.000524 -0.977163 0.212492
0.000529 -0.977122 0.212678
-0.000410 -0.998861 -0.047707
-0.000403 -0.998859 -0.047749
0.000514 -0.977105 0.212759
0.000531 -0.977065 0.212942
0.000074 -0.996588 0.082533
0.000531 -0.977065 0.212942
0.000062 -0.996582 0.082606
0.000074 -0.996588 0.082533
0.000074 -0.996588 0.082533
0.000062 -0.996582 0.082606
-0.000406 -0.998886 -0.047187
-0.000404 -0.998884 -0.047229
-0.000406 -0.998886 -0.047187
0.000062 -0.996582 0.082606
0.001428 -0.888550 0.458777
0.001427 -0.888604 0.458672
0.000514 -0.977105 0.212759
0.000531 -0.977065 0.212942
0.000514 -0.977105 0.212759
0.001427 -0.888604 0.458672
-0.000406 -0.998886 -0.047187
-0.000404 -0.998884 -0.047229
-0.001332 -0.952547 -0.304389
-0.001310 -0.952664 -0.304023
-0.001332 -0.952547 -0.304389
-0.000404 -0.998884 -0.047229
0.002229 -0.740203 0.672380
0.002229 -0.740229 0.672351
0.001428 -0.888550 0.458777
0.001427 -0.888604 0.458672
0.001428 -0.888550 0.458777
0.002229 -0.740229 0.672351
-0.001332 -0.952547 -0.304389
-0.001310 -0.952664 -0.304023
-0.002118 -0.841350 -0.540486
-0.002129 -0.841447 -0.540335
-0.002118 -0.841350 -0.540486
-0.001310 -0.952664 -0.304023
0.002884 -0.540873 0.841099
0.002882 -0.540726 0.841194
0.002229 -0.740203 0.672380
0.002229 -0.740229 0.672351
0.002229 -0.740203 0.672380
0.002882 -0.540726 0.841194
-0.002118 -0.841350 -0.540486
-0.002129 -0.841447 -0.540335
-0.002798 -0.672418 -0.740167
-0.002802 -0.672224 -0.740343
-0.002798 -0.672418 -0.740167
-0.002129 -0.841447 -0.540335
0.002884 -0.540873 0.841099
0.003321 -0.304816 0.952405
0.002882 -0.540726 0.841194
0.003329 -0.304721 0.952436
0.002882 -0.540726 0.841194
0.003321 -0.304816 0.952405
-0.003294 -0.458198 -0.888844
-0.002798 -0.672418 -0.740167
-0.003286 -0.457976 -0.888959
-0.002802 -0.672224 -0.740343
-0.003286 -0.457976 -0.888959
-0.002798 -0.672418 -0.740167
0.003321 -0.304816 0.952405
0.003580 -0.047634 0.998858
0.003329 -0.304721 0.952436
0.003553 -0.047662 0.998857
0.003329 -0.304721 0.952436
0.003580 -0.047634 0.998858
-0.003568 -0.212441 -0.977167
-0.003294 -0.458198 -0.888844
-0.003540 -0.212566 -0.977140
-0.003286 -0.457976 -0.888959
-0.003540 -0.212566 -0.977140
-0.003294 -0.458198 -0.888844
0.003580 -0.047634 0.998858
0.003550 0.212246 0.977210
0.003553 -0.047662 0.998857
0.003541 0.212489 0.977157
0.003553 -0.047662 0.998857
0.003550 0.212246 0.977210
-0.003575 0.047565 -0.998862
-0.003568 -0.212441 -0.977167
-0.003555 0.047593 -0.998860
-0.003540 -0.212566 -0.977140
-0.003555 0.047593 -0.998860
-0.003568 -0.212441 -0.977167
0.003440 0.338189 0.941072
0.003303 0.457982 0.888955
0.003550 0.212246 0.977210
0.003550 0.212246 0.977210
0.003303 0.457982 0.888955
0.003541 0.212489 0.977157
0.003541 0.212489 0.977157
0.003303 0.457982 0.888955
0.003442 0.338302 0.941031
0.003283 0.458229 0.888828
0.003442 0.338302 0.941031
0.003303 0.457982 0.888955
-0.003314 0.304271 -0.952580
-0.003575 0.047565 -0.998862
-0.003331 0.304347 -0.952555
-0.003555 0.047593 -0.998860
-0.003331 0.304347 -0.952555
-0.003575 0.047565 -0.998862
0.003303 0.457982 0.888955
0.002799 0.672567 0.740030
0.003283 0.458229 0.888828
0.002801 0.672538 0.740057
0.003283 0.458229 0.888828
0.002799 0.672567 0.740030
-0.002900 0.540786 -0.841155
-0.003314 0.304271 -0.952580
-0.002878 0.540847 -0.841116
-0.003331 0.304347 -0.952555
-0.002878 0.540847 -0.841116
-0.003314 0.304271 -0.952580
0.002801 0.672538 0.740057
0.002799 0.672567 0.740030
0.002128 0.841311 0.540547
0.002107 0.841302 0.540562
0.002128 0.841311 0.540547
0.002799 0.672567 0.740030
-0.002900 0.540786 -0.841155
-0.002878 0.540847 -0.841116
-0.002256 0.739993 -0.672611
-0.002224 0.739884 -0.672731
-0.002256 0.739993 -0.672611
-0.002878 0.540847 -0.841116
0.002128 0.841311 0.540547
0.002107 0.841302 0.540562
0.001312 0.952361 0.304970
0.001336 0.952471 0.304625
0.001312 0.952361 0.304970
0.002107 0.841302 0.540562
-0.001427 0.889014 -0.457877
-0.001426 0.888896 -0.458107
-0.002224 0.739884 -0.672731
-0.002256 0.739993 -0.672611
-0.002224 0.739884 -0.672731
-0.001426 0.888896 -0.458107
0.001312 0.952361 0.304970
0.001336 0.952471 0.304625
0.000406 0.998859 0.047749
0.000410 0.998861 0.047707
0.000406 0.998859 0.047749
0.001336 0.952471 0.304625
-0.000531 0.977122 -0.212678
-0.000524 0.977163 -0.212492
-0.001427 0.889014 -0.457877
-0.001426 0.888896 -0.458107
-0.001427 0.889014 -0.457877
-0.000524 0.977163 -0.212492
0.000406 0.998859 0.047749
0.000410 0.998861 0.047707
-0.000531 0.977122 -0.212678
-0.000524 0.977163 -0.212492
-0.000531 0.977122 -0.212678
0.000410 0.998861 0.047707
-0.003564 0.019551 -0.999803
-0.003367 0.277622 -0.960685
-0.003569 0.019561 -0.999802
-0.003367 0.277622 -0.960685
-0.003564 0.019551 -0.999803
-0.003388 0.277583 -0.960696
-0.003388 0.277583 -0.960696
-0.002937 0.516964 -0.856002
-0.003367 0.277622 -0.960685
-0.002937 0.516964 -0.856002
-0.003388 0.277583 -0.960696
-0.002948 0.516923 -0.856027
-0.003537 -0.239460 -0.970900
-0.003569 0.019561 -0.999802
-0.003525 -0.239456 -0.970901
-0.003569 0.019561 -0.999802
-0.003537 -0.239460 -0.970900
-0.003564 0.019551 -0.999803
-0.002948 0.516923 -0.856027
-0.002305 0.721071 -0.692857
-0.002937 0.516964 -0.856002
-0.002305 0.721071 -0.692857
-0.002948 0.516923 -0.856027
-0.002304 0.721060 -0.692869
-0.003241 -0.482880 -0.875681
-0.003525 -0.239456 -0.970901
-0.003244 -0.482692 -0.875784
-0.003525 -0.239456 -0.970901
-0.003241 -0.482880 -0.875681
-0.003537 -0.239460 -0.970900
-0.002305 0.721071 -0.692857
-0.001493 0.875498 -0.483220
-0.001518 0.875537 -0.483149
-0.001493 0.875498 -0.483220
-0.002305 0.721071 -0.692857
-0.002304 0.721060 -0.692869
-0.002740 -0.692854 -0.721073
-0.003244 -0.482692 -0.875784
-0.002740 -0.692843 -0.721083
-0.003244 -0.482692 -0.875784
-0.002740 -0.692854 -0.721073
-0.003241 -0.482880 -0.875681
-0.001518 0.875537 -0.483149
-0.000612 0.970779 -0.239974
-0.000628 0.970859 -0.239651
-0.000612 0.970779 -0.239974
-0.001518 0.875537 -0.483149
-0.001493 0.875498 -0.483220
-0.002740 -0.692854 -0.721073
-0.002047 -0.856104 -0.516800
-0.002028 -0.856008 -0.516959
-0.002047 -0.856104 -0.516800
-0.002740 -0.692854 -0.721073
-0.002740 -0.692843 -0.721083
-0.000628 0.970859 -0.239651
0.000307 0.999807 0.019647
0.000305 0.999807 0.019663
0.000307 0.999807 0.019647
-0.000628 0.970859 -0.239651
-0.000612 0.970779 -0.239974
-0.002028 -0.856008 -0.516959
-0.001214 -0.960600 -0.277930
-0.001208 -0.960517 -0.278219
-0.001214 -0.960600 -0.277930
-0.002028 -0.856008 -0.516959
-0.002047 -0.856104 -0.516800
0.000305 0.999807 0.019663
0.001232 0.960671 0.277685
0.001219 0.960754 0.277399
0.001232 0.960671 0.277685
0.000305 0.999807 0.019663
0.000307 0.999807 0.019647
-0.001208 -0.960517 -0.278219
-0.000305 -0.999801 -0.019963
-0.000312 -0.999801 -0.019946
-0.000305 -0.999801 -0.019963
-0.001208 -0.960517 -0.278219
-0.001214 -0.960600 -0.277930
0.001219 0.960754 0.277399
0.002062 0.856081 0.516838
0.002048 0.855860 0.517203
0.002062 0.856081 0.516838
0.001219 0.960754 0.277399
0.001232 0.960671 0.277685
-0.000312 -0.999801 -0.019946
0.000630 -0.970842 0.239721
0.000625 -0.970760 0.240051
0.000630 -0.970842 0.239721
-0.000312 -0.999801 -0.019946
-0.000305 -0.999801 -0.019963
0.002048 0.855860 0.517203
0.002725 0.693029 0.720905
0.002735 0.692598 0.721318
0.002725 0.693029 0.720905
0.002048 0.855860 0.517203
0.002062 0.856081 0.516838
0.000625 -0.970760 0.240051
0.001518 -0.875455 0.483298
0.001532 -0.875349 0.483489
0.001518 -0.875455 0.483298
0.000625 -0.970760 0.240051
0.000630 -0.970842 0.239721
0.002735 0.692598 0.721318
0.003219 0.482299 0.876001
0.003241 0.482767 0.875743
0.003219 0.482299 0.876001
0.002735 0.692598 0.721318
0.002725 0.693029 0.720905
0.001532 -0.875349 0.483489
0.002307 -0.720649 0.693297
0.002301 -0.720638 0.693307
0.002307 -0.720649 0.693297
0.001532 -0.875349 0.483489
0.001518 -0.875455 0.483298
0.003219 0.482299 0.876001
0.003523 0.239393 0.970916
0.003241 0.482767 0.875743
0.003523 0.239393 0.970916
0.003219 0.482299 0.876001
0.003506 0.239396 0.970916
0.002930 -0.516585 0.856231
0.002307 -0.720649 0.693297
0.002934 -0.516627 0.856205
0.002307 -0.720649 0.693297
0.002930 -0.516585 0.856231
0.002301 -0.720638 0.693307
0.003506 0.239396 0.970916
0.003565 -0.019784 0.999798
0.003523 0.239393 0.970916
0.003565 -0.019784 0.999798
0.003506 0.239396 0.970916
0.003551 -0.019773 0.999798
0.003364 -0.277704 0.960661
0.002930 -0.516585 0.856231
0.002934 -0.516627 0.856205
0.002930 -0.516585 0.856231
0.003364 -0.277704 0.960661
0.003347 -0.277813 0.960629
0.003551 -0.019773 0.999798
0.003364 -0.277704 0.960661
0.003565 -0.019784 0.999798
0.003364 -0.277704 0.960661
0.003551 -0.019773 0.999798
0.003347 -0.277813 0.960629
0.003356 -0.277977 0.960582
0.003598 -0.019822 0.999797
0.003369 -0.277872 0.960612
0.003565 -0.019833 0.999797
0.003369 -0.277872 0.960612
0.003598 -0.019822 0.999797
0.002914 -0.516923 0.856027
0.003356 -0.277977 0.960582
0.002936 -0.516964 0.856002
0.003369 -0.277872 0.960612
0.002936 -0.516964 0.856002
0.003356 -0.277977 0.960582
0.003598 -0.019822 0.999797
0.003539 0.239843 0.970805
0.003565 -0.019833 0.999797
0.003526 0.239970 0.970774
0.003565 -0.019833 0.999797
0.003539 0.239843 0.970805
0.002304 -0.720529 0.693421
0.002914 -0.516923 0.856027
0.002305 -0.720539 0.693410
0.002936 -0.516964 0.856002
0.002305 -0.720539 0.693410
0.002914 -0.516923 0.856027
0.003539 0.239843 0.970805
0.003241 0.483089 0.875565
0.003526 0.239970 0.970774
0.003238 0.482902 0.875669
0.003526 0.239970 0.970774
0.003241 0.483089 0.875565
0.002304 -0.720529 0.693421
0.002305 -0.720539 0.693410
0.001527 -0.875498 0.483220
0.001520 -0.875537 0.483149
0.001527 -0.875498 0.483220
0.002305 -0.720539 0.693410
0.003241 0.483089 0.875565
0.002739 0.692997 0.720936
0.003238 0.482902 0.875669
0.002739 0.692986 0.720946
0.003238 0.482902 0.875669
0.002739 0.692997 0.720936
0.001527 -0.875498 0.483220
0.001520 -0.875537 0.483149
0.000646 -0.970779 0.239974
0.000630 -0.970859 0.239651
0.000646 -0.970779 0.239974
0.001520 -0.875537 0.483149
0.002739 0.692986 0.720946
0.002739 0.692997 0.720936
0.002045 0.856104 0.516800
0.002062 0.856008 0.516959
0.002045 0.856104 0.516800
0.002739 0.692997 0.720936
0.000646 -0.970779 0.239974
0.000630 -0.970859 0.239651
-0.000307 -0.999807 -0.019647
-0.000305 -0.999807 -0.019663
-0.000307 -0.999807 -0.019647
0.000630 -0.970859 0.239651
0.002045 0.856104 0.516800
0.002062 0.856008 0.516959
0.001217 0.960769 0.277347
0.001242 0.960664 0.277709
0.001217 0.960769 0.277347
0.002062 0.856008 0.516959
-0.000307 -0.999807 -0.019647
-0.000305 -0.999807 -0.019663
-0.001198 -0.960504 -0.278264
-0.001216 -0.960608 -0.277905
-0.001198 -0.960504 -0.278264
-0.000305 -0.999807 -0.019663
0.001217 0.960769 0.277347
0.001242 0.960664 0.277709
0.000303 0.999812 0.019408
0.000312 0.999812 0.019392
0.000303 0.999812 0.019408
0.001242 0.960664 0.277709
-0.001198 -0.960504 -0.278264
-0.001216 -0.960608 -0.277905
-0.002062 -0.856081 -0.516838
-0.002048 -0.855860 -0.517203
-0.002062 -0.856081 -0.516838
-0.001216 -0.960608 -0.277905
0.000303 0.999812 0.019408
0.000312 0.999812 0.019392
-0.000628 0.970987 -0.239132
-0.000625 0.970890 -0.239527
-0.000628 0.970987 -0.239132
0.000312 0.999812 0.019392
-0.002062 -0.856081 -0.516838
-0.002048 -0.855860 -0.517203
-0.002759 -0.693172 -0.720767
-0.002738 -0.693018 -0.720915
-0.002759 -0.693172 -0.720767
-0.002048 -0.855860 -0.517203
-0.000628 0.970987 -0.239132
-0.000625 0.970890 -0.239527
-0.001520 0.875755 -0.482753
-0.001532 0.875650 -0.482944
-0.001520 0.875755 -0.482753
-0.000625 0.970890 -0.239527
-0.002759 -0.693172 -0.720767
-0.002738 -0.693018 -0.720915
-0.003255 -0.482533 -0.875872
-0.003239 -0.482767 -0.875743
-0.003255 -0.482533 -0.875872
-0.002738 -0.693018 -0.720915
-0.001520 0.875755 -0.482753
-0.001532 0.875650 -0.482944
-0.002306 0.720649 -0.693297
-0.002336 0.720638 -0.693307
-0.002306 0.720649 -0.693297
-0.001532 0.875650 -0.482944
-0.003542 -0.240049 -0.970754
-0.003255 -0.482533 -0.875872
-0.003525 -0.239917 -0.970787
-0.003239 -0.482767 -0.875743
-0.003525 -0.239917 -0.970787
-0.003255 -0.482533 -0.875872
-0.002336 0.720638 -0.693307
-0.002964 0.516994 -0.855984
-0.002306 0.720649 -0.693297
-0.002939 0.517079 -0.855932
-0.002306 0.720649 -0.693297
-0.002964 0.516994 -0.855984
-0.003586 0.019495 -0.999803
-0.003542 -0.240049 -0.970754
-0.003568 0.019506 -0.999803
-0.003525 -0.239917 -0.970787
-0.003568 0.019506 -0.999803
-0.003542 -0.240049 -0.970754
-0.003382 0.277813 -0.960629
-0.003368 0.277704 -0.960661
-0.002964 0.516994 -0.855984
-0.002939 0.517079 -0.855932
-0.002964 0.516994 -0.855984
-0.003368 0.277704 -0.960661
-0.003382 0.277813 -0.960629
-0.003586 0.019495 -0.999803
-0.003368 0.277704 -0.960661
-0.003568 0.019506 -0.999803
-0.003368 0.277704 -0.960661
-0.003586 0.019495 -0.999803
0.003256 0.483061 0.875580
0.003522 0.239548 0.970878
0.003244 0.482887 0.875676
0.003522 0.239548 0.970878
0.003256 0.483061 0.875580
0.003519 0.239430 0.970907
0.003519 0.239430 0.970907
0.003567 -0.019335 0.999807
0.003522 0.239548 0.970878
0.003567 -0.019335 0.999807
0.003519 0.239430 0.970907
0.003560 -0.019325 0.999807
0.002740 0.692854 0.721072
0.003244 0.482887 0.875676
0.002738 0.692844 0.721082
0.003244 0.482887 0.875676
0.002740 0.692854 0.721072
0.003256 0.483061 0.875580
0.003560 -0.019325 0.999807
0.003364 -0.277883 0.960609
0.003567 -0.019335 0.999807
0.003364 -0.277883 0.960609
0.003560 -0.019325 0.999807
0.003376 -0.277747 0.960648
0.002047 0.855891 0.517153
0.002740 0.692854 0.721072
0.002738 0.692844 0.721082
0.002740 0.692854 0.721072
0.002047 0.855891 0.517153
0.002040 0.855803 0.517299
0.003376 -0.277747 0.960648
0.002936 -0.516443 0.856316
0.003364 -0.277883 0.960609
0.002936 -0.516443 0.856316
0.003376 -0.277747 0.960648
0.002965 -0.516218 0.856452
0.001217 0.960592 0.277961
0.002040 0.855803 0.517299
0.002047 0.855891 0.517153
0.002040 0.855803 0.517299
0.001217 0.960592 0.277961
0.001220 0.960630 0.277827
0.002965 -0.516218 0.856452
0.002305 -0.720753 0.693188
0.002936 -0.516443 0.856316
0.002305 -0.720753 0.693188
0.002965 -0.516218 0.856452
0.002327 -0.720743 0.693199
0.000306 0.999800 0.019976
0.001220 0.960630 0.277827
0.001217 0.960592 0.277961
0.001220 0.960630 0.277827
0.000306 0.999800 0.019976
0.000312 0.999801 0.019966
0.001529 -0.875881 0.482524
0.002305 -0.720753 0.693188
0.002327 -0.720743 0.693199
0.002305 -0.720753 0.693188
0.001529 -0.875881 0.482524
0.001521 -0.875428 0.483346
-0.000627 0.970986 -0.239135
0.000312 0.999801 0.019966
0.000306 0.999800 0.019976
0.000312 0.999801 0.019966
-0.000627 0.970986 -0.239135
-0.000622 0.970899 -0.239488
0.000636 -0.970738 0.240141
0.001521 -0.875428 0.483346
0.001529 -0.875881 0.482524
0.001521 -0.875428 0.483346
0.000636 -0.970738 0.240141
0.000626 -0.970827 0.239780
-0.001517 0.875700 -0.482853
-0.000622 0.970899 -0.239488
-0.000627 0.970986 -0.239135
-0.000622 0.970899 -0.239488
-0.001517 0.875700 -0.482853
-0.001522 0.875606 -0.483024
-0.000317 -0.999804 -0.019793
0.000626 -0.970827 0.239780
0.000636 -0.970738 0.240141
0.000626 -0.970827 0.239780
-0.000317 -0.999804 -0.019793
-0.000305 -0.999804 -0.019803
-0.002306 0.721127 -0.692799
-0.001522 0.875606 -0.483024
-0.001517 0.875700 -0.482853
-0.001522 0.875606 -0.483024
-0.002306 0.721127 -0.692799
-0.002328 0.721117 -0.692809
-0.001201 -0.960659 -0.277726
-0.000305 -0.999804 -0.019803
-0.000317 -0.999804 -0.019793
-0.000305 -0.999804 -0.019803
-0.001201 -0.960659 -0.277726
-0.001214 -0.960755 -0.277394
-0.002938 0.516757 -0.856127
-0.002328 0.721117 -0.692809
-0.002306 0.721127 -0.692799
-0.002328 0.721117 -0.692809
-0.002938 0.516757 -0.856127
-0.002948 0.516901 -0.856040
-0.002049 -0.855751 -0.517384
-0.001214 -0.960755 -0.277394
-0.001201 -0.960659 -0.277726
-0.001214 -0.960755 -0.277394
-0.002049 -0.855751 -0.517384
-0.002047 -0.855839 -0.517238
-0.003355 0.277344 -0.960765
-0.003179 0.400451 -0.916312
-0.003366 0.277018 -0.960859
-0.003179 0.400451 -0.916312
-0.003355 0.277344 -0.960765
-0.002938 0.516757 -0.856127
-0.002938 0.516757 -0.856127
-0.003355 0.277344 -0.960765
-0.002948 0.516901 -0.856040
-0.002948 0.516901 -0.856040
-0.003355 0.277344 -0.960765
-0.003169 0.400686 -0.916210
-0.002764 -0.693407 -0.720541
-0.002047 -0.855839 -0.517238
-0.002049 -0.855751 -0.517384
-0.002047 -0.855839 -0.517238
-0.002764 -0.693407 -0.720541
-0.002739 -0.693397 -0.720550
-0.003548 0.019419 -0.999805
-0.003366 0.277018 -0.960859
-0.003570 0.019438 -0.999805
-0.003366 0.277018 -0.960859
-0.003548 0.019419 -0.999805
-0.003355 0.277344 -0.960765
-0.002764 -0.693407 -0.720541
-0.003243 -0.482532 -0.875873
-0.002739 -0.693397 -0.720550
-0.003243 -0.482532 -0.875873
-0.002764 -0.693407 -0.720541
-0.003223 -0.482704 -0.875777
-0.003525 -0.239597 -0.970866
-0.003570 0.019438 -0.999805
-0.003518 -0.239713 -0.970837
-0.003570 0.019438 -0.999805
-0.003525 -0.239597 -0.970866
-0.003548 0.019419 -0.999805
-0.003223 -0.482704 -0.875777
-0.003518 -0.239713 -0.970837
-0.003243 -0.482532 -0.875873
-0.003518 -0.239713 -0.970837
-0.003223 -0.482704 -0.875777
-0.003525 -0.239597 -0.970866
-0.003519 -0.239430 -0.970907
-0.003223 -0.482848 -0.875699
-0.003528 -0.239666 -0.970849
-0.003240 -0.482673 -0.875794
-0.003528 -0.239666 -0.970849
-0.003223 -0.482848 -0.875699
-0.003592 0.019833 -0.999797
-0.003519 -0.239430 -0.970907
-0.003568 0.019853 -0.999797
-0.003528 -0.239666 -0.970849
-0.003568 0.019853 -0.999797
-0.003519 -0.239430 -0.970907
-0.003223 -0.482848 -0.875699
-0.002708 -0.693368 -0.720579
-0.003240 -0.482673 -0.875794
-0.002736 -0.693358 -0.720588
-0.003240 -0.482673 -0.875794
-0.002708 -0.693368 -0.720579
-0.003344 0.278217 -0.960512
-0.003592 0.019833 -0.999797
-0.003367 0.278354 -0.960473
-0.003568 0.019853 -0.999797
-0.003367 0.278354 -0.960473
-0.003592 0.019833 -0.999797
-0.002040 -0.855803 -0.517299
-0.002049 -0.855891 -0.517153
-0.002708 -0.693368 -0.720579
-0.002736 -0.693358 -0.720588
-0.002708 -0.693368 -0.720579
-0.002049 -0.855891 -0.517153
-0.002932 0.516592 -0.856227
-0.003344 0.278217 -0.960512
-0.002936 0.517043 -0.855954
-0.003367 0.278354 -0.960473
-0.002936 0.517043 -0.855954
-0.003344 0.278217 -0.960512
-0.001220 -0.960630 -0.277827
-0.001219 -0.960592 -0.277961
-0.002040 -0.855803 -0.517299
-0.002049 -0.855891 -0.517153
-0.002040 -0.855803 -0.517299
-0.001219 -0.960592 -0.277961
-0.002295 0.720988 -0.692944
-0.002932 0.516592 -0.856227
-0.002307 0.720998 -0.692933
-0.002936 0.517043 -0.855954
-0.002307 0.720998 -0.692933
-0.002932 0.516592 -0.856227
-0.000312 -0.999810 -0.019467
-0.000304 -0.999810 -0.019477
-0.001220 -0.960630 -0.277827
-0.001219 -0.960592 -0.277961
-0.001220 -0.960630 -0.277827
-0.000304 -0.999810 -0.019477
-0.001521 0.875644 -0.482955
-0.001529 0.875881 -0.482524
-0.002307 0.720998 -0.692933
-0.002295 0.720988 -0.692944
-0.002307 0.720998 -0.692933
-0.001529 0.875881 -0.482524
0.000622 -0.970783 0.239958
0.000629 -0.970870 0.239604
-0.000312 -0.999810 -0.019467
-0.000304 -0.999810 -0.019477
-0.000312 -0.999810 -0.019467
0.000629 -0.970870 0.239604
-0.000628 0.970946 -0.239300
-0.000636 0.970886 -0.239543
-0.001521 0.875644 -0.482955
-0.001529 0.875881 -0.482524
-0.001521 0.875644 -0.482955
-0.000636 0.970886 -0.239543
0.001522 -0.875816 0.482643
0.001520 -0.875910 0.482472
0.000622 -0.970783 0.239958
0.000629 -0.970870 0.239604
0.000622 -0.970783 0.239958
0.001520 -0.875910 0.482472
0.000305 0.999804 0.019803
0.000317 0.999804 0.019793
-0.000628 0.970946 -0.239300
-0.000636 0.970886 -0.239543
-0.000628 0.970946 -0.239300
0.000317 0.999804 0.019793
0.002296 -0.720869 0.693067
0.002307 -0.720879 0.693057
0.001522 -0.875816 0.482643
0.001520 -0.875910 0.482472
0.001522 -0.875816 0.482643
0.002307 -0.720879 0.693057
0.001218 0.960620 0.277861
0.001233 0.960524 0.278193
0.000305 0.999804 0.019803
0.000317 0.999804 0.019793
0.000305 0.999804 0.019803
0.001233 0.960524 0.278193
0.002917 -0.516901 0.856040
0.002934 -0.516757 0.856127
0.002296 -0.720869 0.693067
0.002307 -0.720879 0.693057
0.002296 -0.720869 0.693067
0.002934 -0.516757 0.856127
0.002047 0.855974 0.517015
0.002048 0.855886 0.517161
0.001218 0.960620 0.277861
0.001233 0.960524 0.278193
0.001218 0.960620 0.277861
0.002048 0.855886 0.517161
0.003200 -0.401104 0.916027
0.003387 -0.277936 0.960594
0.002917 -0.516901 0.856040
0.002917 -0.516901 0.856040
0.003387 -0.277936 0.960594
0.002934 -0.516757 0.856127
0.002934 -0.516757 0.856127
0.003387 -0.277936 0.960594
0.003179 -0.400869 0.916130
0.003369 -0.277610 0.960688
0.003179 -0.400869 0.916130
0.003387 -0.277936 0.960594
0.002739 0.692885 0.721043
0.002732 0.692895 0.721033
0.002047 0.855974 0.517015
0.002048 0.855886 0.517161
0.002047 0.855974 0.517015
0.002732 0.692895 0.721033
0.003387 -0.277936 0.960594
0.003579 -0.019916 0.999795
0.003369 -0.277610 0.960688
0.003566 -0.019936 0.999795
0.003369 -0.277610 0.960688
0.003579 -0.019916 0.999795
0.003255 0.482704 0.875777
0.002732 0.692895 0.721033
0.003241 0.482532 0.875873
0.002739 0.692885 0.721043
0.003241 0.482532 0.875873
0.002732 0.692895 0.721033
0.003579 -0.019916 0.999795
0.003525 0.239597 0.970866
0.003566 -0.019936 0.999795
0.003526 0.239829 0.970809
0.003566 -0.019936 0.999795
0.003525 0.239597 0.970866
0.003525 0.239597 0.970866
0.003255 0.482704 0.875777
0.003526 0.239829 0.970809
0.003241 0.482532 0.875873
0.003526 0.239829 0.970809
0.003255 0.482704 0.875777
0.999993 -0.000458 -0.003666
0.999994 -0.000245 -0.003435
0.999994 -0.000243 -0.003408
0.999994 -0.000245 -0.003435
0.999993 -0.000458 -0.003666
0.999993 -0.000462 -0.003693
-0.999993 0.000000 0.003693
-0.999993 0.000000 0.003666
-0.999994 0.000245 0.003435
-0.999994 0.000243 0.003408
-0.999994 0.000245 0.003435
-0.999993 0.000000 0.003666
0.003524 -0.019550 0.999803
0.003558 -0.019878 0.999796
0.003577 -0.019848 0.999797
0.003558 -0.019878 0.999796
0.003524 -0.019550 0.999803
0.003498 -0.019784 0.999798
-0.003619 0.019542 -0.999802
-0.003637 0.019550 -0.999802
-0.003620 0.019633 -0.999801
-0.003577 0.019848 -0.999797
-0.003620 0.019633 -0.999801
-0.003637 0.019550 -0.999802
-0.000239 -0.999807 -0.019628
-0.000307 -0.999807 -0.019628
-0.000362 -0.999804 -0.019779
-0.000307 -0.999807 -0.019628
-0.000239 -0.999807 -0.019628
-0.000304 -0.999810 -0.019471
0.000304 0.999810 0.019471
0.000359 0.999807 0.019628
0.000307 0.999807 0.019628
0.000241 0.999804 0.019779
0.000307 0.999807 0.019628
0.000359 0.999807 0.019628
-0.003590 0.019862 -0.999796
-0.003608 0.019703 -0.999799
-0.003529 0.019714 -0.999799
-0.003608 0.019703 -0.999799
-0.003590 0.019862 -0.999796
-0.003613 0.019869 -0.999796
0.003500 -0.019418 0.999805
0.003590 -0.019623 0.999801
0.003551 -0.019703 0.999799
0.003590 -0.019714 0.999799
0.003551 -0.019703 0.999799
0.003590 -0.019623 0.999801
0.000286 0.999806 0.019703
0.000227 0.999809 0.019551
0.000288 0.999812 0.019387
0.000227 0.999809 0.019551
0.000286 0.999806 0.019703
0.000339 0.999811 0.019418
-0.000339 -0.999803 -0.019870
-0.000344 -0.999806 -0.019703
-0.000341 -0.999800 -0.020005
-0.000288 -0.999803 -0.019848
-0.000341 -0.999800 -0.020005
-0.000344 -0.999806 -0.019703
-0.999993 0.000455 0.003637
-0.999994 0.000239 0.003351
-0.999994 0.000241 0.003377
-0.999994 0.000239 0.003351
-0.999993 0.000455 0.003637
-0.999993 0.000452 0.003612
0.999994 0.000000 -0.003612
0.999993 0.000000 -0.003637
0.999993 -0.000239 -0.003830
0.999992 -0.000241 -0.003860
0.999993 -0.000239 -0.003830
0.999993 0.000000 -0.003637
-0.750475 -0.012621 0.660779
-0.750742 -0.012788 0.660472
-0.750059 -0.012687 0.661249
-0.750742 -0.012788 0.660472
-0.750475 -0.012621 0.660779
-0.750495 -0.012501 0.660757
0.750491 0.012947 -0.660754
0.750667 0.013067 -0.660551
0.750523 0.012793 -0.660721
0.750530 0.012940 -0.660710
0.750523 0.012793 -0.660721
0.750667 0.013067 -0.660551
0.661086 -0.015218 0.750156
0.660703 -0.014799 0.750502
0.660737 -0.014733 0.750473
0.660703 -0.014799 0.750502
0.661086 -0.015218 0.750156
0.660816 -0.014847 0.750401
-0.661097 0.015094 -0.750149
-0.661090 0.014770 -0.750161
-0.660983 0.015045 -0.750250
-0.660959 0.014738 -0.750278
-0.660983 0.015045 -0.750250
-0.661090 0.014770 -0.750161
0.000508 0.999814 0.019286
0.000000 0.999807 0.019624
0.000000 0.999813 0.019345
0.000000 0.999807 0.019624
0.000508 0.999814 0.019286
0.000000 0.999809 0.019565
-0.000502 -0.999798 -0.020066
-0.000508 -0.999804 -0.019793
-0.000503 -0.999797 -0.020127
-0.000509 -0.999803 -0.019854
-0.000503 -0.999797 -0.020127
-0.000508 -0.999804 -0.019793
-0.661092 0.015013 -0.750154
-0.661231 0.015325 -0.750026
-0.661226 0.015224 -0.750032
-0.661231 0.015325 -0.750026
-0.661092 0.015013 -0.750154
-0.660891 0.014907 -0.750334
0.660662 -0.015354 0.750526
0.660808 -0.014764 0.750409
0.660758 -0.014874 0.750452
0.660694 -0.014716 0.750511
0.660758 -0.014874 0.750452
0.660808 -0.014764 0.750409
0.000000 -0.999806 -0.019692
-0.000451 -0.999803 -0.019825
-0.000452 -0.999802 -0.019879
-0.000451 -0.999803 -0.019825
0.000000 -0.999806 -0.019692
-0.000447 -0.999807 -0.019648
0.000000 0.999807 0.019648
0.000448 0.999806 0.019692
0.000451 0.999812 0.019374
0.000000 0.999811 0.019427
0.000451 0.999812 0.019374
0.000448 0.999806 0.019692
-0.750437 -0.012735 0.660819
-0.750624 -0.013204 0.660597
-0.750179 -0.012980 0.661107
-0.750624 -0.013204 0.660597
-0.750437 -0.012735 0.660819
-0.750424 -0.013040 0.660828
0.750432 0.012199 -0.660835
0.750669 0.012975 -0.660551
0.750434 0.012401 -0.660830
0.750377 0.012752 -0.660887
0.750434 0.012401 -0.660830
0.750669 0.012975 -0.660551
-0.750426 -0.012799 0.660830
-0.750599 -0.012756 0.660635
-0.750713 -0.012951 0.660502
-0.750599 -0.012756 0.660635
-0.750426 -0.012799 0.660830
-0.750229 -0.012976 0.661051
-0.750229 -0.012976 0.661051
-0.750426 -0.012799 0.660830
-0.750499 -0.013063 0.660742
-0.750229 -0.012976 0.661051
-0.750499 -0.013063 0.660742
-0.750241 -0.013044 0.661036
-0.750241 -0.013044 0.661036
-0.750499 -0.013063 0.660742
-0.750255 -0.012804 0.661025
-0.750255 -0.012804 0.661025
-0.750499 -0.013063 0.660742
-0.750609 -0.013141 0.660616
-0.750599 -0.012756 0.660635
-0.750609 -0.013141 0.660616
-0.750713 -0.012951 0.660502
-0.750609 -0.013141 0.660616
-0.750599 -0.012756 0.660635
-0.750255 -0.012804 0.661025
0.133088 -0.982308 0.131749
0.132719 -0.982355 0.131771
0.133215 -0.982285 0.131793
0.132719 -0.982355 0.131771
0.133088 -0.982308 0.131749
0.133059 -0.982316 0.131720
0.660727 -0.014748 0.750481
0.660811 -0.014932 0.750404
0.660964 -0.014744 0.750272
0.660811 -0.014932 0.750404
0.660727 -0.014748 0.750481
0.660808 -0.015169 0.750401
0.133564 0.976239 0.170642
0.133395 0.976369 0.170028
0.133564 0.976239 0.170642
0.133395 0.976369 0.170028
0.133564 0.976239 0.170642
0.133386 0.976303 0.170415
-0.660959 0.014738 -0.750278
-0.660817 0.015525 -0.750386
-0.660957 0.014961 -0.750275
-0.660817 0.015525 -0.750386
-0.660959 0.014738 -0.750278
-0.660601 0.014733 -0.750593
0.750259 0.012404 -0.661028
0.750404 0.012760 -0.660857
0.750416 0.012739 -0.660843
0.750298 0.012728 -0.660977
0.750416 0.012739 -0.660843
0.750404 0.012760 -0.660857
0.750416 0.012739 -0.660843
0.750892 0.013063 -0.660296
0.750259 0.012404 -0.661028
0.750259 0.012404 -0.661028
0.750892 0.013063 -0.660296
0.750428 0.012619 -0.660831
0.750428 0.012619 -0.660831
0.750892 0.013063 -0.660296
0.750465 0.012744 -0.660787
0.750892 0.013063 -0.660296
0.750871 0.012562 -0.660330
0.750465 0.012744 -0.660787
0.750465 0.012744 -0.660787
0.750871 0.012562 -0.660330
0.750404 0.012760 -0.660857
0.750298 0.012728 -0.660977
0.750404 0.012760 -0.660857
0.750871 0.012562 -0.660330
-0.132621 0.982374 -0.131727
-0.133081 0.982251 -0.132187
-0.133207 0.982224 -0.132259
-0.132750 0.982347 -0.131801
-0.133207 0.982224 -0.132259
-0.133081 0.982251 -0.132187
-0.661046 0.014938 -0.750197
-0.661173 0.014749 -0.750088
-0.661310 0.015170 -0.749959
-0.660723 0.015170 -0.750477
-0.661310 0.015170 -0.749959
-0.661173 0.014749 -0.750088
-0.133386 -0.976303 -0.170415
-0.133574 -0.976309 -0.170233
-0.133377 -0.976236 -0.170802
-0.133593 -0.976449 -0.169414
-0.133377 -0.976236 -0.170802
-0.133574 -0.976309 -0.170233
0.661019 -0.015132 0.750217
0.660957 -0.014961 0.750275
0.660404 -0.014729 0.750766
0.660735 -0.014956 0.750470
0.660404 -0.014729 0.750766
0.660957 -0.014961 0.750275
-0.660797 0.015093 -0.750413
-0.660575 0.014726 -0.750615
-0.661021 0.014727 -0.750223
-0.660575 0.014726 -0.750615
-0.660797 0.015093 -0.750413
-0.660768 0.014867 -0.750443
-0.132559 0.982398 -0.131615
-0.132971 0.982280 -0.132075
-0.132590 0.982390 -0.131646
-0.132971 0.982280 -0.132075
-0.132559 0.982398 -0.131615
-0.132472 0.982355 -0.132025
-0.133243 -0.976315 -0.170455
-0.133354 -0.976388 -0.169953
-0.133399 -0.976298 -0.170431
-0.133354 -0.976388 -0.169953
-0.133243 -0.976315 -0.170455
-0.133243 -0.976315 -0.170455
0.661006 -0.014805 0.750234
0.661088 -0.014994 0.750158
0.660998 -0.015605 0.750225
0.661088 -0.014994 0.750158
0.661006 -0.014805 0.750234
0.660614 -0.014994 0.750576
0.661031 -0.015098 0.750207
0.660534 -0.014862 0.750649
0.660571 -0.015147 0.750611
0.660804 -0.015563 0.750397
0.660571 -0.015147 0.750611
0.660534 -0.014862 0.750649
0.132912 -0.982296 0.132017
0.133022 -0.982336 0.131607
0.132502 -0.982347 0.132054
0.133084 -0.982320 0.131668
0.132502 -0.982347 0.132054
0.133022 -0.982336 0.131607
0.133243 0.976315 0.170455
0.133243 0.976315 0.170455
0.133345 0.976318 0.170361
0.133399 0.976298 0.170431
0.133345 0.976318 0.170361
0.133243 0.976315 0.170455
-0.660614 0.014994 -0.750576
-0.660781 0.014809 -0.750433
-0.660869 0.014766 -0.750356
-0.660583 0.014804 -0.750607
-0.660869 0.014766 -0.750356
-0.660781 0.014809 -0.750433
0.999994 -0.000347 -0.003469
0.999993 -0.000188 -0.003762
0.999993 -0.000187 -0.003746
0.999993 -0.000188 -0.003762
0.999994 -0.000347 -0.003469
0.999994 -0.000349 -0.003487
0.999994 -0.000349 -0.003487
0.999994 -0.000347 -0.003469
0.999993 0.000000 -0.003682
0.999993 0.000000 -0.003682
0.999994 0.000000 -0.003462
0.999992 0.000000 -0.003925
0.999994 0.000000 -0.003462
0.999993 0.000000 -0.003682
0.999993 0.000000 -0.003696
0.999993 0.000000 -0.003696
0.999993 0.000000 -0.003682
0.999994 -0.000347 -0.003469
-0.999994 0.000347 0.003469
-0.999995 0.000460 0.003222
-0.999995 0.000462 0.003234
-0.999995 0.000462 0.003234
-0.999995 0.000460 0.003222
-0.999994 0.000495 0.003462
-0.999994 0.000491 0.003434
-0.999994 0.000495 0.003462
-0.999995 0.000460 0.003222
-0.999995 0.000460 0.003222
-0.999994 0.000347 0.003469
-0.999994 0.000349 0.003487
-0.999994 0.000349 0.003487
-0.999994 0.000347 0.003469
-0.999993 0.000376 0.003762
-0.999993 0.000375 0.003746
-0.999993 0.000376 0.003762
-0.999994 0.000347 0.003469
0.003579 -0.019857 0.999796
0.003566 -0.019778 0.999798
0.003566 -0.019867 0.999796
0.003566 -0.019778 0.999798
0.003579 -0.019857 0.999796
0.003552 -0.019769 0.999798
-0.003583 0.019275 -0.999808
-0.003550 0.019857 -0.999797
-0.003567 0.019284 -0.999808
-0.003568 0.019867 -0.999796
-0.003567 0.019284 -0.999808
-0.003550 0.019857 -0.999797
-0.000306 -0.999808 -0.019614
-0.000305 -0.999804 -0.019779
-0.000309 -0.999804 -0.019769
-0.000305 -0.999804 -0.019779
-0.000306 -0.999808 -0.019614
-0.000305 -0.999807 -0.019623
0.000305 0.999807 0.019623
0.000306 0.999808 0.019614
0.000305 0.999804 0.019779
0.000309 0.999804 0.019769
0.000305 0.999804 0.019779
0.000306 0.999808 0.019614
-0.003555 0.019614 -0.999801
-0.003567 0.019793 -0.999798
-0.003568 0.019623 -0.999801
-0.003567 0.019793 -0.999798
-0.003555 0.019614 -0.999801
-0.003564 0.019775 -0.999798
0.003564 -0.019316 0.999807
0.003586 -0.019614 0.999801
0.003566 -0.019333 0.999807
0.003566 -0.019623 0.999801
0.003566 -0.019333 0.999807
0.003586 -0.019614 0.999801
-0.000305 -0.999809 -0.019522
-0.000304 -0.999804 -0.019794
-0.000316 -0.999804 -0.019775
-0.000304 -0.999804 -0.019794
-0.000305 -0.999809 -0.019522
-0.000305 -0.999809 -0.019529
0.000305 0.999795 0.020226
0.000305 0.999795 0.020219
0.000306 0.999813 0.019333
0.000316 0.999804 0.019775
0.000306 0.999813 0.019333
0.000305 0.999795 0.020219
0.003573 -0.019870 0.999796
0.003565 -0.019748 0.999799
0.003566 -0.019884 0.999796
0.003565 -0.019748 0.999799
0.003573 -0.019870 0.999796
0.003573 -0.019748 0.999799
-0.003550 0.019560 -0.999802
-0.003551 0.019522 -0.999803
-0.003568 0.019560 -0.999802
-0.003566 0.019536 -0.999803
-0.003568 0.019560 -0.999802
-0.003551 0.019522 -0.999803
-0.000304 -0.999810 -0.019476
-0.000306 -0.999809 -0.019560
-0.000306 -0.999809 -0.019552
-0.000306 -0.999809 -0.019560
-0.000304 -0.999810 -0.019476
-0.000304 -0.999810 -0.019483
0.000304 0.999810 0.019483
0.000304 0.999810 0.019476
0.000306 0.999809 0.019560
0.000306 0.999809 0.019552
0.000306 0.999809 0.019560
0.000304 0.999810 0.019476
-0.003567 0.019674 -0.999800
-0.003578 0.019774 -0.999798
-0.003567 0.019774 -0.999798
-0.003578 0.019774 -0.999798
-0.003567 0.019674 -0.999800
-0.003557 0.019659 -0.999800
0.003581 -0.019659 0.999800
0.003567 -0.019674 0.999800
0.003556 -0.019774 0.999798
0.003567 -0.019774 0.999798
0.003556 -0.019774 0.999798
0.003567 -0.019674 0.999800
0.000304 0.999811 0.019427
0.000317 0.999803 0.019858
0.000305 0.999803 0.019867
0.000317 0.999803 0.019858
0.000304 0.999811 0.019427
0.000303 0.999811 0.019421
-0.000303 -0.999811 -0.019421
-0.000306 -0.999811 -0.019427
-0.000289 -0.999812 -0.019396
-0.000305 -0.999812 -0.019405
-0.000289 -0.999812 -0.019396
-0.000306 -0.999811 -0.019427
-0.999995 0.000462 0.003232
-0.999994 0.000490 0.003432
-0.999994 0.000494 0.003460
-0.999994 0.000490 0.003432
-0.999995 0.000462 0.003232
-0.999995 0.000460 0.003220
-0.999995 0.000460 0.003220
-0.999995 0.000462 0.003232
-0.999994 0.000349 0.003486
-0.999994 0.000349 0.003486
-0.999993 0.000187 0.003745
-0.999993 0.000188 0.003760
-0.999993 0.000187 0.003745
-0.999994 0.000349 0.003486
-0.999994 0.000347 0.003468
-0.999994 0.000347 0.003468
-0.999994 0.000349 0.003486
-0.999995 0.000462 0.003232
0.999993 0.000000 -0.003694
0.999994 0.000000 -0.003486
0.999994 0.000000 -0.003468
0.999994 0.000000 -0.003468
0.999994 0.000000 -0.003486
0.999993 -0.000375 -0.003745
0.999993 -0.000376 -0.003760
0.999993 -0.000375 -0.003745
0.999994 0.000000 -0.003486
0.999994 0.000000 -0.003486
0.999993 0.000000 -0.003694
0.999993 0.000000 -0.003680
0.999993 0.000000 -0.003680
0.999993 0.000000 -0.003694
0.999992 0.000000 -0.003922
0.999992 0.000000 -0.003954
0.999992 0.000000 -0.003922
0.999993 0.000000 -0.003694
0.999993 -0.000233 -0.003736
0.999991 -0.000209 -0.004186
0.999991 -0.000209 -0.004182
0.999991 -0.000209 -0.004186
0.999993 -0.000233 -0.003736
0.999993 -0.000234 -0.003740
-0.999996 0.000234 0.002805
-0.999996 0.000233 0.002802
-0.999994 0.000209 0.003349
-0.999994 0.000209 0.003346
-0.999994 0.000209 0.003349
-0.999996 0.000233 0.002802
-0.000321 -0.999807 -0.019622
-0.000304 -0.999815 -0.019255
-0.000305 -0.999807 -0.019636
-0.000304 -0.999815 -0.019255
-0.000321 -0.999807 -0.019622
-0.000314 -0.999815 -0.019247
0.000314 0.999798 0.020084
0.000292 0.999807 0.019622
0.000307 0.999798 0.020096
0.000305 0.999807 0.019636
0.000307 0.999798 0.020096
0.000292 0.999807 0.019622
-0.003579 0.019645 -0.999801
-0.003569 0.019678 -0.999800
-0.003582 0.019661 -0.999800
-0.003569 0.019678 -0.999800
-0.003579 0.019645 -0.999801
-0.003570 0.019661 -0.999800
0.003566 -0.019661 0.999800
0.003553 -0.019645 0.999801
0.003566 -0.019678 0.999800
0.003556 -0.019661 0.999800
0.003566 -0.019678 0.999800
0.003553 -0.019645 0.999801
0.000287 0.999799 0.020067
0.000305 0.999808 0.019613
0.000304 0.999798 0.020075
0.000305 0.999808 0.019613
0.000287 0.999799 0.020067
0.000321 0.999808 0.019600
-0.000292 -0.999808 -0.019600
-0.000314 -0.999815 -0.019231
-0.000305 -0.999808 -0.019613
-0.000304 -0.999815 -0.019239
-0.000305 -0.999808 -0.019613
-0.000314 -0.999815 -0.019231
0.003563 -0.019837 0.999797
0.003562 -0.019622 0.999801
0.003567 -0.019641 0.999801
0.003562 -0.019622 0.999801
0.003563 -0.019837 0.999797
0.003588 -0.019837 0.999797
-0.003559 0.019604 -0.999802
-0.003565 0.019604 -0.999802
-0.003562 0.019622 -0.999801
-0.003568 0.019641 -0.999801
-0.003562 0.019622 -0.999801
-0.003565 0.019604 -0.999802
-0.999993 0.000234 0.003738
-0.999994 0.000209 0.003344
-0.999994 0.000209 0.003348
-0.999994 0.000209 0.003344
-0.999993 0.000234 0.003738
-0.999993 0.000233 0.003734
0.999993 -0.000233 -0.003734
0.999993 -0.000234 -0.003738
0.999991 -0.000209 -0.004180
0.999991 -0.000209 -0.004184
0.999991 -0.000209 -0.004180
0.999993 -0.000234 -0.003738
0.999993 -0.000228 -0.003646
0.999993 -0.000229 -0.003662
0.999993 -0.000229 -0.003657
0.999993 -0.000229 -0.003662
0.999993 -0.000228 -0.003646
0.999993 -0.000229 -0.003669
0.999993 -0.000229 -0.003669
0.999993 -0.000228 -0.003646
0.999993 -0.000230 -0.003679
0.999993 -0.000230 -0.003679
0.999993 -0.000228 -0.003646
0.999993 -0.000227 -0.003635
0.999993 -0.000230 -0.003679
0.999993 -0.000227 -0.003635
0.999993 -0.000230 -0.003688
0.999993 -0.000230 -0.003688
0.999993 -0.000227 -0.003635
0.999993 -0.000227 -0.003625
0.999993 -0.000230 -0.003688
0.999993 -0.000227 -0.003625
0.999993 -0.000231 -0.003694
0.999993 -0.000231 -0.003694
0.999993 -0.000227 -0.003625
0.999994 -0.000226 -0.003617
0.999993 -0.000231 -0.003694
0.999994 -0.000226 -0.003617
0.999993 -0.000231 -0.003697
0.999993 -0.000231 -0.003697
0.999994 -0.000226 -0.003617
0.999993 -0.000226 -0.003614
0.999993 -0.000231 -0.003697
0.999993 -0.000226 -0.003614
0.999993 -0.000231 -0.003698
0.999993 -0.000231 -0.003698
0.999993 -0.000226 -0.003614
0.999993 -0.000226 -0.003612
0.999993 -0.000231 -0.003698
0.999993 -0.000226 -0.003612
0.999994 -0.000226 -0.003609
0.999993 -0.000231 -0.003698
0.999994 -0.000226 -0.003609
0.999993 -0.000231 -0.003695
0.999993 -0.000231 -0.003695
0.999994 -0.000226 -0.003609
0.999994 -0.000226 -0.003609
0.999993 -0.000231 -0.003695
0.999994 -0.000226 -0.003609
0.999993 -0.000231 -0.003692
0.999993 -0.000231 -0.003692
0.999994 -0.000226 -0.003609
0.999993 -0.000231 -0.003689
0.999993 -0.000231 -0.003689
0.999994 -0.000226 -0.003609
0.999994 -0.000226 -0.003613
0.999993 -0.000231 -0.003689
0.999994 -0.000226 -0.003613
0.999993 -0.000230 -0.003681
0.999993 -0.000230 -0.003681
0.999994 -0.000226 -0.003613
0.999993 -0.000226 -0.003619
0.999993 -0.000230 -0.003681
0.999993 -0.000226 -0.003619
0.999993 -0.000229 -0.003671
0.999993 -0.000229 -0.003671
0.999993 -0.000226 -0.003619
0.999993 -0.000227 -0.003627
0.999993 -0.000229 -0.003671
0.999993 -0.000227 -0.003627
0.999993 -0.000229 -0.003660
0.999993 -0.000229 -0.003660
0.999993 -0.000227 -0.003627
0.999994 -0.000227 -0.003637
0.999993 -0.000229 -0.003660
0.999994 -0.000227 -0.003637
0.999993 -0.000228 -0.003648
0.999993 -0.000228 -0.003648
0.999994 -0.000227 -0.003637
0.999993 -0.000228 -0.003643
-0.999993 0.000228 0.003643
-0.999994 0.000227 0.003637
-0.999993 0.000228 0.003648
-0.999993 0.000228 0.003648
-0.999994 0.000227 0.003637
-0.999993 0.000229 0.003660
-0.999994 0.000227 0.003637
-0.999993 0.000227 0.003627
-0.999993 0.000229 0.003660
-0.999993 0.000229 0.003660
-0.999993 0.000227 0.003627
-0.999993 0.000229 0.003671
-0.999993 0.000227 0.003627
-0.999993 0.000226 0.003619
-0.999993 0.000229 0.003671
-0.999993 0.000229 0.003671
-0.999993 0.000226 0.003619
-0.999993 0.000230 0.003681
-0.999993 0.000226 0.003619
-0.999994 0.000226 0.003613
-0.999993 0.000230 0.003681
-0.999993 0.000230 0.003681
-0.999994 0.000226 0.003613
-0.999993 0.000231 0.003689
-0.999994 0.000226 0.003613
-0.999994 0.000226 0.003609
-0.999993 0.000231 0.003689
-0.999993 0.000231 0.003689
-0.999994 0.000226 0.003609
-0.999993 0.000231 0.003692
-0.999993 0.000231 0.003692
-0.999994 0.000226 0.003609
-0.999993 0.000231 0.003695
-0.999994 0.000226 0.003609
-0.999994 0.000226 0.003609
-0.999993 0.000231 0.003695
-0.999993 0.000231 0.003695
-0.999994 0.000226 0.003609
-0.999993 0.000231 0.003698
-0.999994 0.000226 0.003609
-0.999993 0.000226 0.003612
-0.999993 0.000231 0.003698
-0.999993 0.000226 0.003612
-0.999993 0.000226 0.003614
-0.999993 0.000231 0.003698
-0.999993 0.000231 0.003698
-0.999993 0.000226 0.003614
-0.999993 0.000231 0.003697
-0.999993 0.000226 0.003614
-0.999993 0.000226 0.003617
-0.999993 0.000231 0.003697
-0.999993 0.000231 0.003697
-0.999993 0.000226 0.003617
-0.999993 0.000346 0.003694
-0.999993 0.000226 0.003617
-0.999993 0.000340 0.003625
-0.999993 0.000346 0.003694
-0.999993 0.000346 0.003694
-0.999993 0.000340 0.003625
-0.999993 0.000346 0.003688
-0.999993 0.000340 0.003625
-0.999993 0.000341 0.003635
-0.999993 0.000346 0.003688
-0.999993 0.000346 0.003688
-0.999993 0.000341 0.003635
-0.999993 0.000345 0.003679
-0.999993 0.000341 0.003635
-0.999993 0.000342 0.003646
-0.999993 0.000345 0.003679
-0.999993 0.000345 0.003679
-0.999993 0.000342 0.003646
-0.999993 0.000344 0.003669
-0.999993 0.000344 0.003669
-0.999993 0.000342 0.003646
-0.999993 0.000343 0.003662
-0.999993 0.000343 0.003657
-0.999993 0.000343 0.003662
-0.999993 0.000342 0.003646
0.002682 -0.609625 0.792685
0.001984 -0.794307 0.607513
0.002688 -0.609781 0.792565
0.001984 -0.794307 0.607513
0.002682 -0.609625 0.792685
0.001987 -0.794520 0.607235
0.001120 -0.924754 0.380565
0.001984 -0.794307 0.607513
0.001987 -0.794520 0.607235
0.001984 -0.794307 0.607513
0.001120 -0.924754 0.380565
0.001145 -0.924654 0.380807
0.003205 -0.384417 0.923154
0.002688 -0.609781 0.792565
0.003206 -0.384023 0.923318
0.002688 -0.609781 0.792565
0.003205 -0.384417 0.923154
0.002682 -0.609625 0.792685
0.001120 -0.924754 0.380565
0.000229 -0.991602 0.129324
0.001145 -0.924654 0.380807
0.000229 -0.991602 0.129324
0.001120 -0.924754 0.380565
0.000229 -0.991612 0.129251
0.003522 -0.132102 0.991230
0.003206 -0.384023 0.923318
0.003514 -0.131996 0.991244
0.003206 -0.384023 0.923318
0.003522 -0.132102 0.991230
0.003205 -0.384417 0.923154
-0.000257 -1.000000 -0.000915
0.000229 -0.991602 0.129324
0.000229 -0.991612 0.129251
0.000229 -0.991602 0.129324
-0.000257 -1.000000 -0.000915
-0.000238 -1.000000 -0.000916
-0.000238 -1.000000 -0.000916
-0.000257 -1.000000 -0.000915
-0.000714 -0.991182 -0.132508
-0.000238 -1.000000 -0.000916
-0.000714 -0.991182 -0.132508
-0.000705 -0.991174 -0.132568
0.003578 0.128805 0.991664
0.003514 -0.131996 0.991244
0.003571 0.128805 0.991664
0.003514 -0.131996 0.991244
0.003578 0.128805 0.991664
0.003522 -0.132102 0.991230
-0.001594 -0.923170 -0.384389
-0.000705 -0.991174 -0.132568
-0.000714 -0.991182 -0.132508
-0.000705 -0.991174 -0.132568
-0.001594 -0.923170 -0.384389
-0.001586 -0.923460 -0.383693
0.003399 0.381339 0.924429
0.003514 0.257489 0.966275
0.003394 0.381467 0.924376
0.003514 0.257489 0.966275
0.003399 0.381339 0.924429
0.003571 0.128805 0.991664
0.003571 0.128805 0.991664
0.003399 0.381339 0.924429
0.003578 0.128805 0.991664
0.003578 0.128805 0.991664
0.003399 0.381339 0.924429
0.003519 0.257489 0.966275
-0.002356 -0.792816 -0.609457
-0.001586 -0.923460 -0.383693
-0.001594 -0.923170 -0.384389
-0.001586 -0.923460 -0.383693
-0.002356 -0.792816 -0.609457
-0.002364 -0.792605 -0.609731
0.002980 0.607627 0.794217
0.003399 0.381339 0.924429
0.003394 0.381467 0.924376
0.003399 0.381339 0.924429
0.002980 0.607627 0.794217
0.002961 0.608062 0.793884
-0.002356 -0.792816 -0.609457
-0.002982 -0.607872 -0.794029
-0.002364 -0.792605 -0.609731
-0.002982 -0.607872 -0.794029
-0.002356 -0.792816 -0.609457
-0.003000 -0.607506 -0.794309
0.002362 0.791580 0.611061
0.002961 0.608062 0.793884
0.002980 0.607627 0.794217
0.002961 0.608062 0.793884
0.002362 0.791580 0.611061
0.002378 0.791837 0.610728
-0.002982 -0.607872 -0.794029
-0.003389 -0.381338 -0.924429
-0.003395 -0.381464 -0.924378
-0.003389 -0.381338 -0.924429
-0.002982 -0.607872 -0.794029
-0.003000 -0.607506 -0.794309
0.001590 0.922852 0.385151
0.002378 0.791837 0.610728
0.002362 0.791580 0.611061
0.002378 0.791837 0.610728
0.001590 0.922852 0.385151
0.001572 0.922920 0.384988
-0.003389 -0.381338 -0.924429
-0.003514 -0.257169 -0.966360
-0.003395 -0.381464 -0.924378
-0.003514 -0.257169 -0.966360
-0.003389 -0.381338 -0.924429
-0.003571 -0.128923 -0.991648
-0.003571 -0.128923 -0.991648
-0.003389 -0.381338 -0.924429
-0.003553 -0.128808 -0.991663
-0.003553 -0.128808 -0.991663
-0.003389 -0.381338 -0.924429
-0.003499 -0.257380 -0.966304
0.000704 0.991216 0.132253
0.001572 0.922920 0.384988
0.001590 0.922852 0.385151
0.001572 0.922920 0.384988
0.000704 0.991216 0.132253
0.000712 0.991228 0.132164
-0.003553 -0.128808 -0.991663
-0.003509 0.131912 -0.991255
-0.003571 -0.128923 -0.991648
-0.003509 0.131912 -0.991255
-0.003553 -0.128808 -0.991663
-0.003523 0.132355 -0.991196
0.000240 1.000000 0.000911
0.000712 0.991228 0.132164
0.000704 0.991216 0.132253
0.000712 0.991228 0.132164
0.000240 1.000000 0.000911
0.000228 1.000000 0.000910
0.000228 1.000000 0.000910
0.000240 1.000000 0.000911
-0.000227 0.991632 -0.129096
0.000228 1.000000 0.000910
-0.000227 0.991632 -0.129096
-0.000227 0.991640 -0.129038
-0.003523 0.132355 -0.991196
-0.003207 0.384037 -0.923312
-0.003509 0.131912 -0.991255
-0.003207 0.384037 -0.923312
-0.003523 0.132355 -0.991196
-0.003212 0.384101 -0.923285
-0.001144 0.924645 -0.380829
-0.000227 0.991640 -0.129038
-0.000227 0.991632 -0.129096
-0.000227 0.991640 -0.129038
-0.001144 0.924645 -0.380829
-0.001161 0.924358 -0.381524
-0.003212 0.384101 -0.923285
-0.002689 0.610352 -0.792126
-0.003207 0.384037 -0.923312
-0.002689 0.610352 -0.792126
-0.003212 0.384101 -0.923285
-0.002708 0.609916 -0.792462
-0.001985 0.794016 -0.607894
-0.001161 0.924358 -0.381524
-0.001144 0.924645 -0.380829
-0.001161 0.924358 -0.381524
-0.001985 0.794016 -0.607894
-0.001978 0.794266 -0.607566
-0.002708 0.609916 -0.792462
-0.001985 0.794016 -0.607894
-0.002689 0.610352 -0.792126
-0.001985 0.794016 -0.607894
-0.002708 0.609916 -0.792462
-0.001978 0.794266 -0.607566
-0.001987 0.794520 -0.607235
-0.002683 0.610361 -0.792119
-0.001984 0.794307 -0.607513
-0.002686 0.609999 -0.792398
-0.001984 0.794307 -0.607513
-0.002683 0.610361 -0.792119
-0.001142 0.924296 -0.381675
-0.001149 0.924380 -0.381472
-0.001984 0.794307 -0.607513
-0.001987 0.794520 -0.607235
-0.001984 0.794307 -0.607513
-0.001149 0.924380 -0.381472
-0.002683 0.610361 -0.792119
-0.003205 0.384417 -0.923154
-0.002686 0.609999 -0.792398
-0.003209 0.384220 -0.923236
-0.002686 0.609999 -0.792398
-0.003205 0.384417 -0.923154
-0.000229 0.991612 -0.129251
-0.001149 0.924380 -0.381472
-0.000228 0.991602 -0.129324
-0.001142 0.924296 -0.381675
-0.000228 0.991602 -0.129324
-0.001149 0.924380 -0.381472
-0.003205 0.384417 -0.923154
-0.003493 0.132102 -0.991230
-0.003209 0.384220 -0.923236
-0.003508 0.132223 -0.991214
-0.003209 0.384220 -0.923236
-0.003493 0.132102 -0.991230
0.000704 0.991295 0.131655
0.000714 0.991303 0.131595
0.000241 0.999998 0.001831
0.000714 0.991303 0.131595
0.000229 0.999998 0.001830
0.000241 0.999998 0.001831
0.000241 0.999998 0.001831
0.000229 0.999998 0.001830
-0.000228 0.991602 -0.129324
-0.000229 0.991612 -0.129251
-0.000228 0.991602 -0.129324
0.000229 0.999998 0.001830
-0.003493 0.132102 -0.991230
-0.003578 -0.129032 -0.991634
-0.003508 0.132223 -0.991214
-0.003571 -0.129032 -0.991634
-0.003508 0.132223 -0.991214
-0.003578 -0.129032 -0.991634
0.001590 0.923443 0.383733
0.001594 0.923153 0.384429
0.000704 0.991295 0.131655
0.000714 0.991303 0.131595
0.000704 0.991295 0.131655
0.001594 0.923153 0.384429
-0.003519 -0.257273 -0.966332
-0.003370 -0.381142 -0.924510
-0.003578 -0.129032 -0.991634
-0.003578 -0.129032 -0.991634
-0.003370 -0.381142 -0.924510
-0.003571 -0.129032 -0.991634
-0.003571 -0.129032 -0.991634
-0.003370 -0.381142 -0.924510
-0.003509 -0.257273 -0.966332
-0.003394 -0.381467 -0.924376
-0.003509 -0.257273 -0.966332
-0.003370 -0.381142 -0.924510
0.002364 0.791997 0.610521
0.002355 0.792208 0.610247
0.001590 0.923443 0.383733
0.001594 0.923153 0.384429
0.001590 0.923443 0.383733
0.002355 0.792208 0.610247
-0.002990 -0.607917 -0.793995
-0.002983 -0.607627 -0.794217
-0.003370 -0.381142 -0.924510
-0.003394 -0.381467 -0.924376
-0.003370 -0.381142 -0.924510
-0.002983 -0.607627 -0.794217
0.002972 0.607435 0.794364
0.002355 0.792208 0.610247
0.002981 0.607872 0.794029
0.002364 0.791997 0.610521
0.002981 0.607872 0.794029
0.002355 0.792208 0.610247
-0.002350 -0.792451 -0.609931
-0.002367 -0.792195 -0.610263
-0.002990 -0.607917 -0.793995
-0.002983 -0.607627 -0.794217
-0.002990 -0.607917 -0.793995
-0.002367 -0.792195 -0.610263
0.002972 0.607435 0.794364
0.002981 0.607872 0.794029
0.003389 0.381338 0.924429
0.003395 0.381464 0.924378
0.003389 0.381338 0.924429
0.002981 0.607872 0.794029
-0.001600 -0.923312 -0.384047
-0.001587 -0.923211 -0.384290
-0.002350 -0.792451 -0.609931
-0.002367 -0.792195 -0.610263
-0.002350 -0.792451 -0.609931
-0.001587 -0.923211 -0.384290
0.003528 0.257380 0.966304
0.003389 0.381338 0.924429
0.003581 0.128808 0.991663
0.003581 0.128808 0.991663
0.003389 0.381338 0.924429
0.003571 0.128923 0.991648
0.003571 0.128923 0.991648
0.003389 0.381338 0.924429
0.003511 0.256958 0.966416
0.003395 0.381464 0.924378
0.003511 0.256958 0.966416
0.003389 0.381338 0.924429
-0.000684 -0.991347 -0.131268
-0.000704 -0.991339 -0.131327
-0.001600 -0.923312 -0.384047
-0.001587 -0.923211 -0.384290
-0.001600 -0.923312 -0.384047
-0.000704 -0.991339 -0.131327
0.003495 -0.132133 0.991226
0.003581 0.128808 0.991663
0.003506 -0.131912 0.991255
0.003571 0.128923 0.991648
0.003506 -0.131912 0.991255
0.003581 0.128808 0.991663
0.000227 -0.991759 0.128115
0.000226 -0.991748 0.128202
-0.000256 -0.999998 -0.001821
0.000226 -0.991748 0.128202
-0.000240 -0.999998 -0.001821
-0.000256 -0.999998 -0.001821
-0.000256 -0.999998 -0.001821
-0.000240 -0.999998 -0.001821
-0.000684 -0.991347 -0.131268
-0.000704 -0.991339 -0.131327
-0.000684 -0.991347 -0.131268
-0.000240 -0.999998 -0.001821
0.003212 -0.384101 0.923285
0.003495 -0.132133 0.991226
0.003208 -0.384229 0.923232
0.003506 -0.131912 0.991255
0.003208 -0.384229 0.923232
0.003495 -0.132133 0.991226
0.001133 -0.924358 0.381524
0.001143 -0.924645 0.380829
0.000227 -0.991759 0.128115
0.000226 -0.991748 0.128202
0.000227 -0.991759 0.128115
0.001143 -0.924645 0.380829
0.002680 -0.609916 0.792462
0.003212 -0.384101 0.923285
0.002686 -0.610210 0.792235
0.003208 -0.384229 0.923232
0.002686 -0.610210 0.792235
0.003212 -0.384101 0.923285
0.002006 -0.794266 0.607566
0.001984 -0.794016 0.607894
0.001133 -0.924358 0.381524
0.001143 -0.924645 0.380829
0.001133 -0.924358 0.381524
0.001984 -0.794016 0.607894
0.002006 -0.794266 0.607566
0.002680 -0.609916 0.792462
0.001984 -0.794016 0.607894
0.002686 -0.610210 0.792235
0.001984 -0.794016 0.607894
0.002680 -0.609916 0.792462
-0.750521 -0.013015 0.660719
-0.750731 -0.012951 0.660481
-0.751035 -0.012928 0.660135
-0.750731 -0.012951 0.660481
-0.750521 -0.013015 0.660719
-0.750985 -0.012970 0.660192
-0.750985 -0.012970 0.660192
-0.750521 -0.013015 0.660719
-0.750462 -0.012700 0.660791
-0.750985 -0.012970 0.660192
-0.750462 -0.012700 0.660791
-0.750584 -0.012683 0.660653
-0.750584 -0.012683 0.660653
-0.750462 -0.012700 0.660791
-0.750607 -0.013010 0.660621
-0.750607 -0.013010 0.660621
-0.750462 -0.012700 0.660791
-0.750640 -0.012607 0.660592
-0.750731 -0.012951 0.660481
-0.750640 -0.012607 0.660592
-0.751035 -0.012928 0.660135
-0.750640 -0.012607 0.660592
-0.750731 -0.012951 0.660481
-0.750607 -0.013010 0.660621
0.132494 -0.982397 0.131686
0.133104 -0.982241 0.132237
0.132735 -0.982282 0.132301
0.133104 -0.982241 0.132237
0.132494 -0.982397 0.131686
0.132442 -0.982411 0.131634
0.660796 -0.015001 0.750415
0.660241 -0.014966 0.750905
0.660732 -0.014741 0.750477
0.660241 -0.014966 0.750905
0.660796 -0.015001 0.750415
0.660580 -0.015004 0.750606
0.133480 0.976291 0.170409
0.133613 0.976346 0.169987
0.133152 0.976323 0.170481
0.133613 0.976346 0.169987
0.133480 0.976291 0.170409
0.133243 0.976273 0.170695
-0.661000 0.014940 -0.750237
-0.660569 0.015128 -0.750613
-0.660775 0.014764 -0.750439
-0.660569 0.015128 -0.750613
-0.661000 0.014940 -0.750237
-0.660773 0.014944 -0.750437
0.750453 0.012652 -0.660803
0.750733 0.012748 -0.660483
0.750122 0.012964 -0.661173
0.750460 0.012723 -0.660793
0.750122 0.012964 -0.661173
0.750733 0.012748 -0.660483
0.750122 0.012964 -0.661173
0.750458 0.013085 -0.660788
0.750453 0.012652 -0.660803
0.750453 0.012652 -0.660803
0.750458 0.013085 -0.660788
0.750417 0.012686 -0.660843
0.750417 0.012686 -0.660843
0.750458 0.013085 -0.660788
0.750369 0.012751 -0.660896
0.750458 0.013085 -0.660788
0.750712 0.012794 -0.660505
0.750369 0.012751 -0.660896
0.750369 0.012751 -0.660896
0.750712 0.012794 -0.660505
0.750733 0.012748 -0.660483
0.750460 0.012723 -0.660793
0.750733 0.012748 -0.660483
0.750712 0.012794 -0.660505
-0.132851 0.982247 -0.132447
-0.132891 0.982344 -0.131679
-0.133084 0.982304 -0.131783
-0.132743 0.982338 -0.131875
-0.133084 0.982304 -0.131783
-0.132891 0.982344 -0.131679
-0.660987 0.015005 -0.750247
-0.660987 0.015005 -0.750247
-0.660947 0.014746 -0.750288
-0.660974 0.014953 -0.750260
-0.660947 0.014746 -0.750288
-0.660987 0.015005 -0.750247
-0.133243 -0.976273 -0.170695
-0.133489 -0.976355 -0.170035
-0.133275 -0.976512 -0.169296
-0.133530 -0.976273 -0.170473
-0.133275 -0.976512 -0.169296
-0.133489 -0.976355 -0.170035
0.661399 -0.015151 0.749881
0.660998 -0.015142 0.750235
0.661335 -0.014768 0.749945
0.661538 -0.014765 0.749767
0.661335 -0.014768 0.749945
0.660998 -0.015142 0.750235
-0.750961 -0.012746 0.660224
-0.750922 -0.013003 0.660263
-0.750508 -0.012738 0.660738
-0.750922 -0.013003 0.660263
-0.750961 -0.012746 0.660224
-0.750756 -0.012295 0.660465
0.750390 0.013064 -0.660866
0.750558 0.012747 -0.660681
0.750252 0.012643 -0.661031
0.749753 0.012739 -0.661595
0.750252 0.012643 -0.661031
0.750558 0.012747 -0.660681
0.660984 -0.015178 0.750247
0.660718 -0.014961 0.750485
0.661394 -0.014810 0.749893
0.660718 -0.014961 0.750485
0.660984 -0.015178 0.750247
0.660889 -0.015177 0.750330
-0.133358 -0.976151 -0.171305
-0.133699 -0.976231 -0.170581
-0.133380 -0.976327 -0.170281
-0.133699 -0.976231 -0.170581
-0.133358 -0.976151 -0.171305
-0.133311 -0.976168 -0.171245
-0.133077 0.982306 -0.131781
-0.132744 0.982221 -0.132744
-0.133162 0.982283 -0.131865
-0.132744 0.982221 -0.132744
-0.133077 0.982306 -0.131781
-0.133062 0.982190 -0.132657
-0.660878 0.014696 -0.750349
-0.660658 0.014980 -0.750538
-0.660447 0.014902 -0.750724
-0.660658 0.014980 -0.750538
-0.660878 0.014696 -0.750349
-0.660822 0.014992 -0.750393
-0.660663 0.014978 -0.750533
-0.660987 0.014817 -0.750251
-0.660488 0.015167 -0.750683
-0.660629 0.014809 -0.750567
-0.660488 0.015167 -0.750683
-0.660987 0.014817 -0.750251
0.133668 0.976498 0.169072
0.133344 0.976408 0.169842
0.133321 0.976281 0.170590
0.133380 0.976327 0.170281
0.133321 0.976281 0.170590
0.133344 0.976408 0.169842
0.132666 -0.982459 0.131048
0.132645 -0.982306 0.132213
0.133143 -0.982385 0.131120
0.132729 -0.982283 0.132297
0.133143 -0.982385 0.131120
0.132645 -0.982306 0.132213
0.661039 -0.014989 0.750202
0.660630 -0.015132 0.750559
0.660852 -0.014600 0.750374
0.660903 -0.015119 0.750319
0.660852 -0.014600 0.750374
0.660630 -0.015132 0.750559
-0.133042 0.982297 -0.131878
-0.132653 0.982492 -0.130815
-0.132380 0.982371 -0.131992
-0.132653 0.982492 -0.130815
-0.133042 0.982297 -0.131878
-0.132544 0.982423 -0.131443
0.660622 -0.014827 0.750572
0.661390 -0.014965 0.749893
0.661175 -0.015146 0.750078
0.661390 -0.014965 0.749893
0.660622 -0.014827 0.750572
0.660770 -0.014884 0.750441
-0.660353 0.014946 -0.750807
-0.660734 0.014899 -0.750472
-0.661009 0.014935 -0.750229
-0.660734 0.014899 -0.750472
-0.660353 0.014946 -0.750807
-0.660879 0.015256 -0.750337
-0.133427 -0.976485 -0.169336
-0.133368 -0.976181 -0.171126
-0.133458 -0.976148 -0.171242
-0.133368 -0.976181 -0.171126
-0.133427 -0.976485 -0.169336
-0.133326 -0.976406 -0.169867
0.132917 -0.982372 0.131448
0.132674 -0.982448 0.131122
0.133012 -0.982248 0.132277
0.132789 -0.982521 0.130459
0.133012 -0.982248 0.132277
0.132674 -0.982448 0.131122
-0.660975 0.015064 -0.750256
-0.661317 0.015157 -0.749954
-0.660819 0.014960 -0.750396
-0.661179 0.014817 -0.750082
-0.660819 0.014960 -0.750396
-0.661317 0.015157 -0.749954
0.661273 -0.014903 0.749997
0.660957 -0.014951 0.750275
0.661465 -0.015246 0.749821
0.661227 -0.014931 0.750037
0.661465 -0.015246 0.749821
0.660957 -0.014951 0.750275
0.133649 0.976363 0.169860
0.133088 0.976418 0.169984
0.133383 0.976296 0.170453
0.133104 0.976440 0.169846
0.133383 0.976296 0.170453
0.133088 0.976418 0.169984
-0.751144 -0.012797 0.660014
-0.750717 -0.012841 0.660499
-0.750419 -0.012758 0.660839
-0.750717 -0.012841 0.660499
-0.751144 -0.012797 0.660014
-0.750817 -0.012820 0.660386
0.750325 0.012471 -0.660951
0.750421 0.012798 -0.660836
0.750247 0.012839 -0.661033
0.750419 0.012758 -0.660839
0.750247 0.012839 -0.661033
0.750421 0.012798 -0.660836
0.999994 -0.000349 -0.003488
0.999994 -0.000350 -0.003504
0.999994 -0.000350 -0.003497
0.999994 -0.000350 -0.003504
0.999994 -0.000349 -0.003488
0.999994 -0.000348 -0.003480
0.999994 -0.000350 -0.003504
0.999994 -0.000348 -0.003480
0.999994 -0.000351 -0.003511
0.999994 -0.000351 -0.003511
0.999994 -0.000348 -0.003480
0.999994 -0.000347 -0.003472
0.999994 -0.000351 -0.003511
0.999994 -0.000347 -0.003472
0.999994 -0.000352 -0.003516
0.999994 -0.000352 -0.003516
0.999994 -0.000347 -0.003472
0.999994 -0.000346 -0.003465
0.999994 -0.000352 -0.003516
0.999994 -0.000346 -0.003465
0.999994 -0.000352 -0.003518
0.999994 -0.000352 -0.003518
0.999994 -0.000346 -0.003465
0.999994 -0.000346 -0.003460
0.999994 -0.000352 -0.003518
0.999994 -0.000346 -0.003460
0.999994 -0.000352 -0.003519
0.999994 -0.000352 -0.003519
0.999994 -0.000346 -0.003460
0.999991 -0.000346 -0.004147
0.999994 -0.000352 -0.003519
0.999991 -0.000346 -0.004147
0.999994 -0.000352 -0.003517
0.999994 -0.000352 -0.003517
0.999991 -0.000346 -0.004147
0.999991 -0.000345 -0.004145
0.999994 -0.000352 -0.003517
0.999991 -0.000345 -0.004145
0.999994 -0.000351 -0.003513
0.999994 -0.000351 -0.003513
0.999991 -0.000345 -0.004145
0.999991 -0.000345 -0.004146
0.999994 -0.000351 -0.003513
0.999991 -0.000345 -0.004146
0.999994 -0.000351 -0.003508
0.999994 -0.000351 -0.003508
0.999991 -0.000345 -0.004146
0.999994 -0.000346 -0.003457
0.999994 -0.000351 -0.003508
0.999994 -0.000346 -0.003457
0.999994 -0.000350 -0.003500
0.999994 -0.000350 -0.003500
0.999994 -0.000346 -0.003457
0.999994 0.000000 -0.003462
0.999994 -0.000350 -0.003500
0.999994 0.000000 -0.003462
0.999994 0.000000 -0.003492
0.999994 0.000000 -0.003492
0.999994 0.000000 -0.003462
0.999994 0.000000 -0.003468
0.999994 0.000000 -0.003492
0.999994 0.000000 -0.003468
0.999994 0.000000 -0.003484
0.999994 0.000000 -0.003484
0.999994 0.000000 -0.003468
0.999994 0.000000 -0.003476
-0.999994 0.000348 0.003476
-0.999994 0.000347 0.003468
-0.999994 0.000348 0.003484
-0.999994 0.000348 0.003484
-0.999994 0.000347 0.003468
-0.999994 0.000349 0.003492
-0.999994 0.000347 0.003468
-0.999994 0.000346 0.003462
-0.999994 0.000349 0.003492
-0.999994 0.000349 0.003492
-0.999994 0.000346 0.003462
-0.999994 0.000175 0.003500
-0.999994 0.000346 0.003462
-0.999994 0.000173 0.003457
-0.999994 0.000175 0.003500
-0.999994 0.000175 0.003500
-0.999994 0.000173 0.003457
-0.999994 0.000175 0.003508
-0.999994 0.000173 0.003457
-0.999994 0.000173 0.003455
-0.999994 0.000175 0.003508
-0.999994 0.000175 0.003508
-0.999994 0.000173 0.003455
-0.999994 0.000176 0.003513
-0.999994 0.000173 0.003455
-0.999994 0.000173 0.003454
-0.999994 0.000176 0.003513
-0.999994 0.000176 0.003513
-0.999994 0.000173 0.003454
-0.999994 0.000176 0.003517
-0.999994 0.000173 0.003454
-0.999994 0.000173 0.003456
-0.999994 0.000176 0.003517
-0.999994 0.000176 0.003517
-0.999994 0.000173 0.003456
-0.999994 0.000176 0.003519
-0.999994 0.000173 0.003456
-0.999994 0.000173 0.003460
-0.999994 0.000176 0.003519
-0.999994 0.000176 0.003519
-0.999994 0.000173 0.003460
-0.999994 0.000176 0.003518
-0.999994 0.000173 0.003460
-0.999994 0.000173 0.003465
-0.999994 0.000176 0.003518
-0.999994 0.000176 0.003518
-0.999994 0.000173 0.003465
-0.999994 0.000176 0.003516
-0.999994 0.000173 0.003465
-0.999994 0.000174 0.003472
-0.999994 0.000176 0.003516
-0.999994 0.000176 0.003516
-0.999994 0.000174 0.003472
-0.999994 0.000176 0.003511
-0.999994 0.000174 0.003472
-0.999994 0.000174 0.003480
-0.999994 0.000176 0.003511
-0.999994 0.000176 0.003511
-0.999994 0.000174 0.003480
-0.999994 0.000175 0.003504
-0.999994 0.000174 0.003480
-0.999994 0.000174 0.003488
-0.999994 0.000175 0.003504
-0.999994 0.000175 0.003497
-0.999994 0.000175 0.003504
-0.999994 0.000174 0.003488
-0.003579 -0.078569 -0.996902
-0.003470 0.181792 -0.983331
-0.003580 -0.078619 -0.996898
-0.003470 0.181792 -0.983331
-0.003579 -0.078569 -0.996902
-0.003456 0.182100 -0.983274
-0.003456 0.182100 -0.983274
-0.003122 0.429845 -0.902897
-0.003470 0.181792 -0.983331
-0.003122 0.429845 -0.902897
-0.003456 0.182100 -0.983274
-0.003117 0.429845 -0.902897
-0.003445 -0.334234 -0.942484
-0.003580 -0.078619 -0.996898
-0.003444 -0.334234 -0.942484
-0.003580 -0.078619 -0.996898
-0.003445 -0.334234 -0.942484
-0.003579 -0.078569 -0.996902
-0.003117 0.429845 -0.902897
-0.002565 0.648955 -0.760822
-0.003122 0.429845 -0.902897
-0.002565 0.648955 -0.760822
-0.003117 0.429845 -0.902897
-0.002562 0.649139 -0.760665
-0.003079 -0.566797 -0.823852
-0.003445 -0.334234 -0.942484
-0.003444 -0.334234 -0.942484
-0.003445 -0.334234 -0.942484
-0.003079 -0.566797 -0.823852
-0.003093 -0.567014 -0.823702
-0.002565 0.648955 -0.760822
-0.001848 0.824041 -0.566528
-0.001833 0.824439 -0.565948
-0.001848 0.824041 -0.566528
-0.002565 0.648955 -0.760822
-0.002562 0.649139 -0.760665
-0.002499 -0.761147 -0.648574
-0.003079 -0.566797 -0.823852
-0.002501 -0.761329 -0.648361
-0.003079 -0.566797 -0.823852
-0.002499 -0.761147 -0.648574
-0.003093 -0.567014 -0.823702
-0.001833 0.824439 -0.565948
-0.000955 0.942495 -0.334218
-0.000975 0.942495 -0.334218
-0.000955 0.942495 -0.334218
-0.001833 0.824439 -0.565948
-0.001848 0.824041 -0.566528
-0.002499 -0.761147 -0.648574
-0.001749 -0.902669 -0.430331
-0.001743 -0.902729 -0.430207
-0.001749 -0.902669 -0.430331
-0.002499 -0.761147 -0.648574
-0.002501 -0.761329 -0.648361
-0.000975 0.942495 -0.334218
-0.000040 0.996920 -0.078427
-0.000047 0.996920 -0.078427
-0.000040 0.996920 -0.078427
-0.000975 0.942495 -0.334218
-0.000955 0.942495 -0.334218
-0.001743 -0.902729 -0.430207
-0.000879 -0.983194 -0.182561
-0.000884 -0.983205 -0.182503
-0.000879 -0.983194 -0.182561
-0.001743 -0.902729 -0.430207
-0.001749 -0.902669 -0.430331
-0.000047 0.996920 -0.078427
0.000878 0.983406 0.181414
0.000879 0.983396 0.181471
0.000878 0.983406 0.181414
-0.000047 0.996920 -0.078427
-0.000040 0.996920 -0.078427
-0.000422 -0.998641 -0.052120
0.000050 -0.996858 0.079208
0.000060 -0.996860 0.079182
0.000050 -0.996858 0.079208
-0.000422 -0.998641 -0.052120
-0.000420 -0.998641 -0.052120
-0.000420 -0.998641 -0.052120
-0.000422 -0.998641 -0.052120
-0.000884 -0.983205 -0.182503
-0.000420 -0.998641 -0.052120
-0.000884 -0.983205 -0.182503
-0.000879 -0.983194 -0.182561
0.000879 0.983396 0.181471
0.001761 0.902717 0.430231
0.001749 0.902658 0.430355
0.001761 0.902717 0.430231
0.000879 0.983396 0.181471
0.000878 0.983406 0.181414
0.000060 -0.996860 0.079182
0.000970 -0.942512 0.334169
0.000988 -0.942549 0.334068
0.000970 -0.942512 0.334169
0.000060 -0.996860 0.079182
0.000050 -0.996858 0.079208
0.001749 0.902658 0.430355
0.002487 0.760431 0.649414
0.002496 0.760431 0.649414
0.002487 0.760431 0.649414
0.001749 0.902658 0.430355
0.001761 0.902717 0.430231
0.000988 -0.942549 0.334068
0.001829 -0.824116 0.566418
0.001816 -0.823814 0.566857
0.001829 -0.824116 0.566418
0.000988 -0.942549 0.334068
0.000970 -0.942512 0.334169
0.002487 0.760431 0.649414
0.003078 0.566663 0.823944
0.002496 0.760431 0.649414
0.003078 0.566663 0.823944
0.002487 0.760431 0.649414
0.003075 0.566881 0.823794
0.001816 -0.823814 0.566857
0.002564 -0.649671 0.760212
0.002564 -0.649351 0.760484
0.002564 -0.649671 0.760212
0.001816 -0.823814 0.566857
0.001829 -0.824116 0.566418
0.003075 0.566881 0.823794
0.003440 0.334048 0.942550
0.003078 0.566663 0.823944
0.003440 0.334048 0.942550
0.003075 0.566881 0.823794
0.003443 0.334048 0.942550
0.003130 -0.430069 0.902790
0.002564 -0.649671 0.760212
0.003121 -0.430333 0.902665
0.002564 -0.649671 0.760212
0.003130 -0.430069 0.902790
0.002564 -0.649351 0.760484
0.003440 0.334048 0.942550
0.003589 0.078719 0.996890
0.003578 0.078719 0.996890
0.003589 0.078719 0.996890
0.003440 0.334048 0.942550
0.003443 0.334048 0.942550
0.003470 -0.181753 0.983338
0.003324 -0.308851 0.951105
0.003470 -0.181868 0.983317
0.003324 -0.308851 0.951105
0.003470 -0.181753 0.983338
0.003121 -0.430333 0.902665
0.003121 -0.430333 0.902665
0.003470 -0.181753 0.983338
0.003130 -0.430069 0.902790
0.003130 -0.430069 0.902790
0.003470 -0.181753 0.983338
0.003331 -0.309143 0.951010
0.003589 0.078719 0.996890
0.003470 -0.181868 0.983317
0.003578 0.078719 0.996890
0.003470 -0.181868 0.983317
0.003589 0.078719 0.996890
0.003470 -0.181753 0.983338
0.003476 -0.182100 0.983274
0.003578 0.078885 0.996877
0.003468 -0.181792 0.983331
0.003582 0.078935 0.996873
0.003468 -0.181792 0.983331
0.003578 0.078885 0.996877
0.003117 -0.430363 0.902651
0.003476 -0.182100 0.983274
0.003125 -0.430351 0.902656
0.003468 -0.181792 0.983331
0.003125 -0.430351 0.902656
0.003476 -0.182100 0.983274
0.003578 0.078885 0.996877
0.003445 0.333951 0.942584
0.003582 0.078935 0.996873
0.003446 0.333668 0.942684
0.003582 0.078935 0.996873
0.003445 0.333951 0.942584
0.002581 -0.649507 0.760352
0.003117 -0.430363 0.902651
0.002568 -0.649637 0.760240
0.003125 -0.430351 0.902656
0.002568 -0.649637 0.760240
0.003117 -0.430363 0.902651
0.003072 0.566499 0.824057
0.003074 0.566282 0.824206
0.003445 0.333951 0.942584
0.003446 0.333668 0.942684
0.003445 0.333951 0.942584
0.003074 0.566282 0.824206
0.002581 -0.649507 0.760352
0.002568 -0.649637 0.760240
0.001828 -0.824041 0.566528
0.001830 -0.824337 0.566096
0.001828 -0.824041 0.566528
0.002568 -0.649637 0.760240
0.003072 0.566499 0.824057
0.002499 0.760427 0.649418
0.003074 0.566282 0.824206
0.002496 0.760427 0.649418
0.003074 0.566282 0.824206
0.002499 0.760427 0.649418
0.001828 -0.824041 0.566528
0.001830 -0.824337 0.566096
0.000975 -0.942531 0.334118
0.000972 -0.942495 0.334218
0.000975 -0.942531 0.334118
0.001830 -0.824337 0.566096
0.002496 0.760427 0.649418
0.002499 0.760427 0.649418
0.001751 0.902978 0.429684
0.001743 0.903037 0.429560
0.001751 0.902978 0.429684
0.002499 0.760427 0.649418
0.000975 -0.942531 0.334118
0.000972 -0.942495 0.334218
0.000040 -0.996920 0.078427
0.000045 -0.996920 0.078427
0.000040 -0.996920 0.078427
0.000972 -0.942495 0.334218
0.001751 0.902978 0.429684
0.001743 0.903037 0.429560
0.000882 0.983320 0.181882
0.000883 0.983331 0.181825
0.000882 0.983320 0.181882
0.001743 0.903037 0.429560
0.000040 -0.996920 0.078427
0.000045 -0.996920 0.078427
-0.000878 -0.983292 -0.182032
-0.000881 -0.983282 -0.182089
-0.000878 -0.983292 -0.182032
0.000045 -0.996920 0.078427
0.000882 0.983320 0.181882
0.000883 0.983331 0.181825
0.000422 0.998641 0.052120
0.000883 0.983331 0.181825
0.000422 0.998641 0.052120
0.000422 0.998641 0.052120
0.000422 0.998641 0.052120
0.000422 0.998641 0.052120
-0.000045 0.996858 -0.079208
-0.000040 0.996860 -0.079182
-0.000045 0.996858 -0.079208
0.000422 0.998641 0.052120
-0.000878 -0.983292 -0.182032
-0.000881 -0.983282 -0.182089
-0.001741 -0.902717 -0.430231
-0.001751 -0.902658 -0.430355
-0.001741 -0.902717 -0.430231
-0.000881 -0.983282 -0.182089
-0.000045 0.996858 -0.079208
-0.000040 0.996860 -0.079182
-0.000973 0.942512 -0.334169
-0.000967 0.942549 -0.334068
-0.000973 0.942512 -0.334169
-0.000040 0.996860 -0.079182
-0.001741 -0.902717 -0.430231
-0.001751 -0.902658 -0.430355
-0.002506 -0.760566 -0.649256
-0.002496 -0.760431 -0.649414
-0.002506 -0.760566 -0.649256
-0.001751 -0.902658 -0.430355
-0.000973 0.942512 -0.334169
-0.000967 0.942549 -0.334068
-0.001832 0.823607 -0.567158
-0.001836 0.823305 -0.567596
-0.001832 0.823607 -0.567158
-0.000967 0.942549 -0.334068
-0.003094 -0.566362 -0.824151
-0.002506 -0.760566 -0.649256
-0.003076 -0.566144 -0.824301
-0.002496 -0.760431 -0.649414
-0.003076 -0.566144 -0.824301
-0.002506 -0.760566 -0.649256
-0.001832 0.823607 -0.567158
-0.001836 0.823305 -0.567596
-0.002565 0.649165 -0.760644
-0.002565 0.649165 -0.760644
-0.002565 0.649165 -0.760644
-0.001836 0.823305 -0.567596
-0.003442 -0.334334 -0.942448
-0.003094 -0.566362 -0.824151
-0.003447 -0.334048 -0.942550
-0.003076 -0.566144 -0.824301
-0.003447 -0.334048 -0.942550
-0.003094 -0.566362 -0.824151
-0.002565 0.649165 -0.760644
-0.003130 0.430069 -0.902790
-0.002565 0.649165 -0.760644
-0.003122 0.430069 -0.902790
-0.002565 0.649165 -0.760644
-0.003130 0.430069 -0.902790
-0.003442 -0.334334 -0.942448
-0.003447 -0.334048 -0.942550
-0.003569 -0.079039 -0.996865
-0.003578 -0.079039 -0.996865
-0.003569 -0.079039 -0.996865
-0.003447 -0.334048 -0.942550
-0.003330 0.308369 -0.951261
-0.003473 0.181868 -0.983317
-0.003130 0.430069 -0.902790
-0.003130 0.430069 -0.902790
-0.003473 0.181868 -0.983317
-0.003122 0.430069 -0.902790
-0.003122 0.430069 -0.902790
-0.003473 0.181868 -0.983317
-0.003328 0.308266 -0.951294
-0.003470 0.181868 -0.983317
-0.003328 0.308266 -0.951294
-0.003473 0.181868 -0.983317
-0.003473 0.181868 -0.983317
-0.003569 -0.079039 -0.996865
-0.003470 0.181868 -0.983317
-0.003578 -0.079039 -0.996865
-0.003470 0.181868 -0.983317
-0.003569 -0.079039 -0.996865
-0.750561 -0.012646 0.660680
-0.749938 -0.012768 0.661385
-0.750216 -0.012748 0.661070
-0.749938 -0.012768 0.661385
-0.750561 -0.012646 0.660680
-0.750637 -0.012808 0.660591
-0.750637 -0.012808 0.660591
-0.750561 -0.012646 0.660680
-0.750707 -0.012836 0.660511
-0.750637 -0.012808 0.660591
-0.750707 -0.012836 0.660511
-0.751013 -0.012482 0.660170
-0.751013 -0.012482 0.660170
-0.750707 -0.012836 0.660511
-0.750432 -0.012518 0.660829
-0.750432 -0.012518 0.660829
-0.750707 -0.012836 0.660511
-0.750026 -0.012818 0.661285
-0.749938 -0.012768 0.661385
-0.750026 -0.012818 0.661285
-0.750216 -0.012748 0.661070
-0.750026 -0.012818 0.661285
-0.749938 -0.012768 0.661385
-0.750432 -0.012518 0.660829
0.132447 -0.982252 0.132814
0.132622 -0.982411 0.131455
0.132698 -0.982391 0.131530
0.132622 -0.982411 0.131455
0.132447 -0.982252 0.132814
0.133108 -0.982271 0.132008
0.660492 -0.014917 0.750685
0.661290 -0.014976 0.749981
0.660886 -0.014563 0.750345
0.661290 -0.014976 0.749981
0.660492 -0.014917 0.750685
0.660852 -0.014984 0.750367
0.133149 0.976424 0.169903
0.133405 0.976222 0.170863
0.132882 0.976321 0.170700
0.133405 0.976222 0.170863
0.133149 0.976424 0.169903
0.133700 0.976304 0.170163
-0.661231 0.015045 -0.750031
-0.661119 0.015436 -0.750122
-0.661075 0.014941 -0.750171
-0.661119 0.015436 -0.750122
-0.661231 0.015045 -0.750031
-0.661263 0.015118 -0.750001
0.750897 0.013179 -0.660288
0.751147 0.012862 -0.660010
0.750169 0.012815 -0.661122
0.750739 0.012843 -0.660474
0.750169 0.012815 -0.661122
0.751147 0.012862 -0.660010
0.750169 0.012815 -0.661122
0.750059 0.012836 -0.661246
0.750897 0.013179 -0.660288
0.750897 0.013179 -0.660288
0.750059 0.012836 -0.661246
0.750514 0.012826 -0.660730
0.750514 0.012826 -0.660730
0.750059 0.012836 -0.661246
0.749912 0.012809 -0.661413
0.750059 0.012836 -0.661246
0.749833 0.012841 -0.661503
0.749912 0.012809 -0.661413
0.749912 0.012809 -0.661413
0.749833 0.012841 -0.661503
0.751147 0.012862 -0.660010
0.750739 0.012843 -0.660474
0.751147 0.012862 -0.660010
0.749833 0.012841 -0.661503
-0.132748 0.982319 -0.132015
-0.132820 0.982299 -0.132086
-0.133015 0.982253 -0.132238
-0.133078 0.982131 -0.133078
-0.133015 0.982253 -0.132238
-0.132820 0.982299 -0.132086
-0.660854 0.014789 -0.750369
-0.660492 0.014917 -0.750685
-0.660685 0.014971 -0.750514
-0.661418 0.015261 -0.749862
-0.660685 0.014971 -0.750514
-0.660492 0.014917 -0.750685
-0.133377 -0.976347 -0.170171
-0.133535 -0.976363 -0.169953
-0.133097 -0.976374 -0.170233
-0.133564 -0.976231 -0.170684
-0.133097 -0.976374 -0.170233
-0.133535 -0.976363 -0.169953
0.660756 -0.014786 0.750455
0.660663 -0.014857 0.750536
0.660430 -0.014778 0.750742
0.661074 -0.015033 0.750170
0.660430 -0.014778 0.750742
0.660663 -0.014857 0.750536
-0.133512 -0.976285 -0.170415
-0.133580 -0.976137 -0.171208
-0.133115 -0.976384 -0.170161
-0.133580 -0.976137 -0.171208
-0.133512 -0.976285 -0.170415
-0.133355 -0.976342 -0.170215
-0.660909 0.014989 -0.750316
-0.661090 0.015053 -0.750156
-0.661154 0.014883 -0.750102
-0.661090 0.015053 -0.750156
-0.660909 0.014989 -0.750316
-0.660694 0.015073 -0.750504
0.660763 -0.014997 0.750445
0.661305 -0.014999 0.749967
0.661438 -0.014985 0.749850
0.661305 -0.014999 0.749967
0.660763 -0.014997 0.750445
0.660366 -0.014932 0.750795
-0.133052 0.982138 -0.133052
-0.132819 0.982380 -0.131485
-0.132916 0.982316 -0.131864
-0.132819 0.982380 -0.131485
-0.133052 0.982138 -0.133052
-0.132960 0.982208 -0.132627
0.133355 0.976342 0.170215
0.133512 0.976285 0.170415
0.133286 0.976283 0.170606
0.133464 0.976328 0.170206
0.133286 0.976283 0.170606
0.133512 0.976285 0.170415
0.660874 -0.014756 0.750351
0.660712 -0.014992 0.750490
0.661090 -0.015053 0.750156
0.661154 -0.014971 0.750101
0.661090 -0.015053 0.750156
0.660712 -0.014992 0.750490
-0.660885 0.014937 -0.750338
-0.660763 0.014997 -0.750445
-0.660599 0.014998 -0.750589
-0.660975 0.014682 -0.750264
-0.660599 0.014998 -0.750589
-0.660763 0.014997 -0.750445
0.132961 -0.982297 0.131962
0.132710 -0.982372 0.131660
0.132819 -0.982380 0.131485
0.132572 -0.982456 0.131169
0.132819 -0.982380 0.131485
0.132710 -0.982372 0.131660
-0.750777 -0.012781 0.660432
-0.750841 -0.012884 0.660357
-0.750612 -0.012832 0.660619
-0.750841 -0.012884 0.660357
-0.750777 -0.012781 0.660432
-0.750763 -0.012858 0.660446
0.750763 0.012858 -0.660446
0.750777 0.012781 -0.660432
0.750285 0.012585 -0.660994
0.750137 0.012747 -0.661160
0.750285 0.012585 -0.660994
0.750777 0.012781 -0.660432
-0.750443 -0.012742 0.660812
-0.750507 -0.012681 0.660740
-0.750136 -0.012830 0.661159
-0.750507 -0.012681 0.660740
-0.750443 -0.012742 0.660812
-0.750514 -0.012713 0.660733
-0.750514 -0.012713 0.660733
-0.750443 -0.012742 0.660812
-0.750564 -0.012887 0.660672
-0.750514 -0.012713 0.660733
-0.750564 -0.012887 0.660672
-0.750530 -0.012561 0.660717
-0.750530 -0.012561 0.660717
-0.750564 -0.012887 0.660672
-0.750187 -0.012898 0.661100
-0.750187 -0.012898 0.661100
-0.750564 -0.012887 0.660672
-0.750378 -0.012870 0.660884
-0.750507 -0.012681 0.660740
-0.750378 -0.012870 0.660884
-0.750136 -0.012830 0.661159
-0.750378 -0.012870 0.660884
-0.750507 -0.012681 0.660740
-0.750187 -0.012898 0.661100
0.132622 -0.982254 0.132622
0.132721 -0.982416 0.131316
0.132846 -0.982288 0.132143
0.132721 -0.982416 0.131316
0.132622 -0.982254 0.132622
0.132842 -0.982329 0.131843
0.660829 -0.015083 0.750385
0.660664 -0.015007 0.750531
0.660874 -0.014756 0.750351
0.660664 -0.015007 0.750531
0.660829 -0.015083 0.750385
0.660618 -0.014846 0.750575
0.133464 0.976328 0.170206
0.133494 0.976359 0.170010
0.133546 0.976299 0.170310
0.133494 0.976359 0.170010
0.133464 0.976328 0.170206
0.133402 0.976287 0.170491
-0.660644 0.014984 -0.750550
-0.660550 0.014666 -0.750639
-0.660585 0.015251 -0.750597
-0.660550 0.014666 -0.750639
-0.660644 0.014984 -0.750550
-0.660599 0.014998 -0.750589
0.750615 0.012900 -0.660613
0.750507 0.012764 -0.660740
0.750381 0.012571 -0.660886
0.750282 0.012827 -0.660994
0.750381 0.012571 -0.660886
0.750507 0.012764 -0.660740
0.750381 0.012571 -0.660886
0.750704 0.012569 -0.660519
0.750615 0.012900 -0.660613
0.750615 0.012900 -0.660613
0.750704 0.012569 -0.660519
0.750664 0.012872 -0.660559
0.750664 0.012872 -0.660559
0.750704 0.012569 -0.660519
0.750513 0.012801 -0.660732
0.750704 0.012569 -0.660519
0.751098 0.012829 -0.660066
0.750513 0.012801 -0.660732
0.750513 0.012801 -0.660732
0.751098 0.012829 -0.660066
0.750507 0.012764 -0.660740
0.750282 0.012827 -0.660994
0.750507 0.012764 -0.660740
0.751098 0.012829 -0.660066
-0.132842 0.982329 -0.131843
-0.132950 0.982300 -0.131951
-0.133065 0.982276 -0.132012
-0.132489 0.982337 -0.132138
-0.133065 0.982276 -0.132012
-0.132950 0.982300 -0.131951
-0.661361 0.015023 -0.749917
-0.661321 0.014773 -0.749958
-0.661409 0.014920 -0.749877
-0.660871 0.015070 -0.750348
-0.661409 0.014920 -0.749877
-0.661321 0.014773 -0.749958
-0.133095 -0.976226 -0.171079
-0.133452 -0.976551 -0.168934
-0.133480 -0.976259 -0.170591
-0.133560 -0.976403 -0.169700
-0.133480 -0.976259 -0.170591
-0.133452 -0.976551 -0.168934
0.660786 -0.014995 0.750424
0.660831 -0.015064 0.750384
0.661178 -0.015265 0.750074
0.660591 -0.014653 0.750603
0.661178 -0.015265 0.750074
0.660831 -0.015064 0.750384
-0.003517 -0.239713 -0.970837
-0.003564 0.019624 -0.999801
-0.003527 -0.239868 -0.970799
-0.003564 0.019624 -0.999801
-0.003517 -0.239713 -0.970837
-0.003575 0.019624 -0.999801
-0.003575 0.019624 -0.999801
-0.003363 0.277265 -0.960787
-0.003564 0.019624 -0.999801
-0.003363 0.277265 -0.960787
-0.003575 0.019624 -0.999801
-0.003365 0.277879 -0.960610
-0.003251 -0.482863 -0.875690
-0.003527 -0.239868 -0.970799
-0.003239 -0.482890 -0.875675
-0.003527 -0.239868 -0.970799
-0.003251 -0.482863 -0.875690
-0.003517 -0.239713 -0.970837
-0.003365 0.277879 -0.960610
-0.002933 0.516789 -0.856108
-0.003363 0.277265 -0.960787
-0.002933 0.516789 -0.856108
-0.003365 0.277879 -0.960610
-0.002929 0.516789 -0.856108
-0.002736 -0.692759 -0.721164
-0.003239 -0.482890 -0.875675
-0.002734 -0.693266 -0.720676
-0.003239 -0.482890 -0.875675
-0.002736 -0.692759 -0.721164
-0.003251 -0.482863 -0.875690
-0.002933 0.516789 -0.856108
-0.002307 0.720933 -0.693001
-0.002305 0.720774 -0.693167
-0.002307 0.720933 -0.693001
-0.002933 0.516789 -0.856108
-0.002929 0.516789 -0.856108
-0.002736 -0.692759 -0.721164
-0.002048 -0.856543 -0.516071
-0.002052 -0.856633 -0.515923
-0.002048 -0.856543 -0.516071
-0.002736 -0.692759 -0.721164
-0.002734 -0.693266 -0.720676
-0.002305 0.720774 -0.693167
-0.001519 0.875800 -0.482672
-0.001519 0.875722 -0.482813
-0.001519 0.875800 -0.482672
-0.002305 0.720774 -0.693167
-0.002307 0.720933 -0.693001
-0.002052 -0.856633 -0.515923
-0.001216 -0.960733 -0.277471
-0.001196 -0.960759 -0.277381
-0.001216 -0.960733 -0.277471
-0.002052 -0.856633 -0.515923
-0.002048 -0.856543 -0.516071
-0.001519 0.875722 -0.482813
-0.000625 0.970766 -0.240025
-0.000628 0.970747 -0.240102
-0.000625 0.970766 -0.240025
-0.001519 0.875722 -0.482813
-0.001519 0.875800 -0.482672
-0.001196 -0.960759 -0.277381
-0.000305 -0.999809 -0.019525
-0.000315 -0.999809 -0.019518
-0.000305 -0.999809 -0.019525
-0.001196 -0.960759 -0.277381
-0.001216 -0.960733 -0.277471
-0.000628 0.970747 -0.240102
0.000292 0.999812 0.019375
0.000303 0.999812 0.019381
0.000292 0.999812 0.019375
-0.000628 0.970747 -0.240102
-0.000625 0.970766 -0.240025
-0.000315 -0.999809 -0.019518
0.000630 -0.970892 0.239518
0.000611 -0.970911 0.239440
0.000630 -0.970892 0.239518
-0.000315 -0.999809 -0.019518
-0.000305 -0.999809 -0.019525
0.000303 0.999812 0.019381
0.001234 0.960813 0.277196
0.001217 0.960965 0.276667
0.001234 0.960813 0.277196
0.000303 0.999812 0.019381
0.000292 0.999812 0.019375
0.000611 -0.970911 0.239440
0.001520 -0.875587 0.483059
0.001520 -0.875665 0.482916
0.001520 -0.875587 0.483059
0.000611 -0.970911 0.239440
0.000630 -0.970892 0.239518
0.001217 0.960965 0.276667
0.002035 0.856096 0.516812
0.002051 0.856007 0.516961
0.002035 0.856096 0.516812
0.001217 0.960965 0.276667
0.001234 0.960813 0.277196
0.001520 -0.875665 0.482916
0.002307 -0.721169 0.692755
0.002303 -0.720831 0.693107
0.002307 -0.721169 0.692755
0.001520 -0.875665 0.482916
0.001520 -0.875587 0.483059
0.002051 0.856007 0.516961
0.002733 0.692837 0.721089
0.002735 0.692662 0.721257
0.002733 0.692837 0.721089
0.002051 0.856007 0.516961
0.002035 0.856096 0.516812
0.002939 -0.516979 0.855993
0.002307 -0.721169 0.692755
0.002936 -0.516979 0.855993
0.002307 -0.721169 0.692755
0.002939 -0.516979 0.855993
0.002303 -0.720831 0.693107
0.002733 0.692837 0.721089
0.003239 0.482718 0.875770
0.002735 0.692662 0.721257
0.003239 0.482718 0.875770
0.002733 0.692837 0.721089
0.003245 0.482718 0.875770
0.003361 -0.277712 0.960659
0.002936 -0.516979 0.855993
0.003367 -0.277892 0.960606
0.002936 -0.516979 0.855993
0.003361 -0.277712 0.960659
0.002939 -0.516979 0.855993
0.003245 0.482718 0.875770
0.003528 0.240149 0.970730
0.003239 0.482718 0.875770
0.003528 0.240149 0.970730
0.003245 0.482718 0.875770
0.003523 0.240310 0.970690
0.003549 -0.019604 0.999802
0.003367 -0.277892 0.960606
0.003566 -0.019617 0.999801
0.003367 -0.277892 0.960606
0.003549 -0.019604 0.999802
0.003361 -0.277712 0.960659
0.003523 0.240310 0.970690
0.003566 -0.019617 0.999801
0.003528 0.240149 0.970730
0.003566 -0.019617 0.999801
0.003523 0.240310 0.970690
0.003549 -0.019604 0.999802
0.003575 -0.019624 0.999801
0.003517 0.239713 0.970837
0.003569 -0.019624 0.999801
0.003523 0.239868 0.970799
0.003569 -0.019624 0.999801
0.003517 0.239713 0.970837
0.003365 -0.277879 0.960610
0.003575 -0.019624 0.999801
0.003368 -0.277572 0.960699
0.003569 -0.019624 0.999801
0.003368 -0.277572 0.960699
0.003575 -0.019624 0.999801
0.003517 0.239713 0.970837
0.003253 0.483401 0.875393
0.003523 0.239868 0.970799
0.003247 0.483401 0.875393
0.003523 0.239868 0.970799
0.003253 0.483401 0.875393
0.002928 -0.517032 0.855961
0.003365 -0.277879 0.960610
0.002939 -0.517083 0.855930
0.003368 -0.277572 0.960699
0.002939 -0.517083 0.855930
0.003365 -0.277879 0.960610
0.003253 0.483401 0.875393
0.002736 0.692759 0.721164
0.003247 0.483401 0.875393
0.002737 0.693093 0.720843
0.003247 0.483401 0.875393
0.002736 0.692759 0.721164
0.002928 -0.517032 0.855961
0.002939 -0.517083 0.855930
0.002306 -0.721093 0.692834
0.002306 -0.720933 0.693001
0.002306 -0.721093 0.692834
0.002939 -0.517083 0.855930
0.002737 0.693093 0.720843
0.002736 0.692759 0.721164
0.002048 0.856158 0.516711
0.002052 0.856247 0.516562
0.002048 0.856158 0.516711
0.002736 0.692759 0.721164
0.002306 -0.721093 0.692834
0.002306 -0.720933 0.693001
0.001519 -0.875800 0.482672
0.001519 -0.875722 0.482813
0.001519 -0.875800 0.482672
0.002306 -0.720933 0.693001
0.002048 0.856158 0.516711
0.002052 0.856247 0.516562
0.001220 0.960733 0.277471
0.001238 0.960759 0.277381
0.001220 0.960733 0.277471
0.002052 0.856247 0.516562
0.001519 -0.875800 0.482672
0.001519 -0.875722 0.482813
0.000625 -0.970922 0.239396
0.000628 -0.970903 0.239474
0.000625 -0.970922 0.239396
0.001519 -0.875722 0.482813
0.001220 0.960733 0.277471
0.001238 0.960759 0.277381
0.000305 0.999809 0.019525
0.000294 0.999809 0.019518
0.000305 0.999809 0.019525
0.001238 0.960759 0.277381
0.000625 -0.970922 0.239396
0.000628 -0.970903 0.239474
-0.000313 -0.999799 -0.020043
-0.000305 -0.999799 -0.020049
-0.000313 -0.999799 -0.020043
0.000628 -0.970903 0.239474
0.000305 0.999809 0.019525
0.000294 0.999809 0.019518
-0.000629 0.970735 -0.240154
-0.000632 0.970754 -0.240075
-0.000629 0.970735 -0.240154
0.000294 0.999809 0.019518
-0.000313 -0.999799 -0.020043
-0.000305 -0.999799 -0.020049
-0.001214 -0.960429 -0.278521
-0.001216 -0.960582 -0.277993
-0.001214 -0.960429 -0.278521
-0.000305 -0.999799 -0.020049
-0.000629 0.970735 -0.240154
-0.000632 0.970754 -0.240075
-0.001518 0.875508 -0.483202
-0.001520 0.875587 -0.483059
-0.001518 0.875508 -0.483202
-0.000632 0.970754 -0.240075
-0.001214 -0.960429 -0.278521
-0.001216 -0.960582 -0.277993
-0.002055 -0.855709 -0.517453
-0.002045 -0.855620 -0.517601
-0.002055 -0.855709 -0.517453
-0.001216 -0.960582 -0.277993
-0.001518 0.875508 -0.483202
-0.001520 0.875587 -0.483059
-0.002303 0.721331 -0.692586
-0.002303 0.720831 -0.693107
-0.002303 0.721331 -0.692586
-0.001520 0.875587 -0.483059
-0.002055 -0.855709 -0.517453
-0.002045 -0.855620 -0.517601
-0.002733 -0.693348 -0.720598
-0.002738 -0.693348 -0.720598
-0.002733 -0.693348 -0.720598
-0.002045 -0.855620 -0.517601
-0.002303 0.720831 -0.693107
-0.002940 0.516731 -0.856143
-0.002303 0.721331 -0.692586
-0.002935 0.516731 -0.856143
-0.002303 0.721331 -0.692586
-0.002940 0.516731 -0.856143
-0.003244 -0.482977 -0.875627
-0.002733 -0.693348 -0.720598
-0.003243 -0.482977 -0.875627
-0.002738 -0.693348 -0.720598
-0.003243 -0.482977 -0.875627
-0.002733 -0.693348 -0.720598
-0.002940 0.516731 -0.856143
-0.003361 0.278024 -0.960568
-0.002935 0.516731 -0.856143
-0.003370 0.277892 -0.960606
-0.002935 0.516731 -0.856143
-0.003361 0.278024 -0.960568
-0.003523 -0.239674 -0.970847
-0.003244 -0.482977 -0.875627
-0.003525 -0.239512 -0.970887
-0.003243 -0.482977 -0.875627
-0.003525 -0.239512 -0.970887
-0.003244 -0.482977 -0.875627
-0.003361 0.278024 -0.960568
-0.003570 0.019604 -0.999801
-0.003370 0.277892 -0.960606
-0.003568 0.019617 -0.999801
-0.003370 0.277892 -0.960606
-0.003570 0.019604 -0.999801
-0.003570 0.019604 -0.999801
-0.003523 -0.239674 -0.970847
-0.003568 0.019617 -0.999801
-0.003525 -0.239512 -0.970887
-0.003568 0.019617 -0.999801
-0.003523 -0.239674 -0.970847
-0.002733 -0.692822 -0.721104
-0.002049 -0.856707 -0.515799
-0.002044 -0.856399 -0.516310
-0.002049 -0.856707 -0.515799
-0.002733 -0.692822 -0.721104
-0.002737 -0.693078 -0.720857
-0.002733 -0.692822 -0.721104
-0.003240 -0.482342 -0.875977
-0.002737 -0.693078 -0.720857
-0.003240 -0.482342 -0.875977
-0.002733 -0.692822 -0.721104
-0.003248 -0.482608 -0.875831
-0.002044 -0.856399 -0.516310
-0.001218 -0.960676 -0.277668
-0.001220 -0.960703 -0.277575
-0.001218 -0.960676 -0.277668
-0.002044 -0.856399 -0.516310
-0.002049 -0.856707 -0.515799
-0.003248 -0.482608 -0.875831
-0.003523 -0.239602 -0.970865
-0.003240 -0.482342 -0.875977
-0.003523 -0.239602 -0.970865
-0.003248 -0.482608 -0.875831
-0.003522 -0.239767 -0.970824
-0.001220 -0.960703 -0.277575
-0.000303 -0.999808 -0.019580
-0.000306 -0.999808 -0.019573
-0.000303 -0.999808 -0.019580
-0.001220 -0.960703 -0.277575
-0.001218 -0.960676 -0.277668
-0.003523 -0.239602 -0.970865
-0.003563 0.019692 -0.999800
-0.003564 0.019692 -0.999800
-0.003563 0.019692 -0.999800
-0.003523 -0.239602 -0.970865
-0.003522 -0.239767 -0.970824
-0.000306 -0.999808 -0.019573
0.000627 -0.971022 0.238988
0.000635 -0.971042 0.238907
0.000627 -0.971022 0.238988
-0.000306 -0.999808 -0.019573
-0.000303 -0.999808 -0.019580
-0.003563 0.019692 -0.999800
-0.003361 0.277637 -0.960680
-0.003564 0.019692 -0.999800
-0.003361 0.277637 -0.960680
-0.003563 0.019692 -0.999800
-0.003367 0.277478 -0.960726
0.000635 -0.971042 0.238907
0.001516 -0.875577 0.483077
0.001514 -0.875659 0.482928
0.001516 -0.875577 0.483077
0.000635 -0.971042 0.238907
0.000627 -0.971022 0.238988
-0.003367 0.277478 -0.960726
-0.002937 0.517082 -0.855931
-0.003361 0.277637 -0.960680
-0.002937 0.517082 -0.855931
-0.003367 0.277478 -0.960726
-0.002936 0.517082 -0.855931
0.001514 -0.875659 0.482928
0.002304 -0.720683 0.693261
0.002306 -0.720851 0.693086
0.002304 -0.720683 0.693261
0.001514 -0.875659 0.482928
0.001516 -0.875577 0.483077
-0.002936 0.517082 -0.855931
-0.002306 0.720542 -0.693407
-0.002937 0.517082 -0.855931
-0.002306 0.720542 -0.693407
-0.002936 0.517082 -0.855931
-0.002311 0.720708 -0.693235
0.002924 -0.516845 0.856074
0.002304 -0.720683 0.693261
0.002934 -0.516587 0.856230
0.002304 -0.720683 0.693261
0.002924 -0.516845 0.856074
0.002306 -0.720851 0.693086
-0.002306 0.720542 -0.693407
-0.001536 0.876303 -0.481759
-0.001523 0.876222 -0.481905
-0.001536 0.876303 -0.481759
-0.002306 0.720542 -0.693407
-0.002311 0.720708 -0.693235
0.003365 -0.277809 0.960631
0.002934 -0.516587 0.856230
0.003367 -0.277809 0.960631
0.002934 -0.516587 0.856230
0.003365 -0.277809 0.960631
0.002924 -0.516845 0.856074
-0.001523 0.876222 -0.481905
-0.000628 0.970791 -0.239924
-0.000629 0.970771 -0.240005
-0.000628 0.970791 -0.239924
-0.001523 0.876222 -0.481905
-0.001536 0.876303 -0.481759
0.003566 -0.019700 0.999800
0.003365 -0.277809 0.960631
0.003367 -0.277809 0.960631
0.003365 -0.277809 0.960631
0.003566 -0.019700 0.999800
0.003581 -0.019687 0.999800
-0.000629 0.970771 -0.240005
0.000304 0.999811 0.019461
0.000304 0.999811 0.019461
0.000304 0.999811 0.019461
-0.000629 0.970771 -0.240005
-0.000628 0.970791 -0.239924
0.003512 0.239723 0.970835
0.003566 -0.019700 0.999800
0.003525 0.239558 0.970876
0.003566 -0.019700 0.999800
0.003512 0.239723 0.970835
0.003581 -0.019687 0.999800
0.000304 0.999811 0.019461
0.001219 0.960810 0.277204
0.001217 0.960969 0.276653
0.001219 0.960810 0.277204
0.000304 0.999811 0.019461
0.000304 0.999811 0.019461
0.003243 0.482616 0.875826
0.003525 0.239558 0.970876
0.003238 0.482912 0.875663
0.003525 0.239558 0.970876
0.003243 0.482616 0.875826
0.003512 0.239723 0.970835
0.001217 0.960969 0.276653
0.002051 0.856133 0.516752
0.002046 0.856039 0.516907
0.002051 0.856133 0.516752
0.001217 0.960969 0.276653
0.001219 0.960810 0.277204
0.002737 0.692875 0.721052
0.003243 0.482616 0.875826
0.003238 0.482912 0.875663
0.003243 0.482616 0.875826
0.002737 0.692875 0.721052
0.002734 0.693057 0.720877
0.002046 0.856039 0.516907
0.002734 0.693057 0.720877
0.002737 0.692875 0.721052
0.002734 0.693057 0.720877
0.002046 0.856039 0.516907
0.002051 0.856133 0.516752
0.002737 0.693078 0.720857
0.002733 0.692822 0.721104
0.002044 0.855906 0.517128
0.002043 0.855644 0.517560
0.002044 0.855906 0.517128
0.002733 0.692822 0.721104
0.003247 0.483139 0.875538
0.002733 0.692822 0.721104
0.003244 0.483299 0.875449
0.002737 0.693078 0.720857
0.003244 0.483299 0.875449
0.002733 0.692822 0.721104
0.002044 0.855906 0.517128
0.002043 0.855644 0.517560
0.001218 0.960676 0.277668
0.001220 0.960503 0.278265
0.001218 0.960676 0.277668
0.002043 0.855644 0.517560
0.003522 0.239767 0.970824
0.003247 0.483139 0.875538
0.003523 0.239602 0.970865
0.003244 0.483299 0.875449
0.003523 0.239602 0.970865
0.003247 0.483139 0.875538
0.001218 0.960676 0.277668
0.001220 0.960503 0.278265
0.000306 0.999808 0.019580
0.000306 0.999808 0.019573
0.000306 0.999808 0.019580
0.001220 0.960503 0.278265
0.003522 0.239767 0.970824
0.003523 0.239602 0.970865
0.003563 -0.019692 0.999800
0.003567 -0.019692 0.999800
0.003563 -0.019692 0.999800
0.003523 0.239602 0.970865
0.000306 0.999808 0.019580
0.000306 0.999808 0.019573
-0.000630 0.970849 -0.239690
-0.000613 0.970869 -0.239608
-0.000630 0.970849 -0.239690
0.000306 0.999808 0.019573
0.003367 -0.277797 0.960634
0.003563 -0.019692 0.999800
0.003370 -0.278140 0.960535
0.003567 -0.019692 0.999800
0.003370 -0.278140 0.960535
0.003563 -0.019692 0.999800
-0.000630 0.970849 -0.239690
-0.000613 0.970869 -0.239608
-0.001519 0.875577 -0.483077
-0.001535 0.875659 -0.482928
-0.001519 0.875577 -0.483077
-0.000613 0.970869 -0.239608
0.002936 -0.517082 0.855931
0.003367 -0.277797 0.960634
0.002937 -0.517082 0.855931
0.003370 -0.278140 0.960535
0.002937 -0.517082 0.855931
0.003367 -0.277797 0.960634
-0.001519 0.875577 -0.483077
-0.001535 0.875659 -0.482928
-0.002311 0.721203 -0.692720
-0.002306 0.721020 -0.692910
-0.002311 0.721203 -0.692720
-0.001535 0.875659 -0.482928
0.002311 -0.720625 0.693321
0.002936 -0.517082 0.855931
0.002309 -0.720459 0.693494
0.002937 -0.517082 0.855931
0.002309 -0.720459 0.693494
0.002936 -0.517082 0.855931
-0.002306 0.721020 -0.692910
-0.002945 0.516974 -0.855996
-0.002311 0.721203 -0.692720
-0.002937 0.516716 -0.856152
-0.002311 0.721203 -0.692720
-0.002945 0.516974 -0.855996
0.002311 -0.720625 0.693321
0.002309 -0.720459 0.693494
0.001514 -0.875930 0.482436
0.001517 -0.875849 0.482583
0.001514 -0.875930 0.482436
0.002309 -0.720459 0.693494
-0.002945 0.516974 -0.855996
-0.003365 0.277809 -0.960631
-0.002937 0.516716 -0.856152
-0.003367 0.277971 -0.960584
-0.002937 0.516716 -0.856152
-0.003365 0.277809 -0.960631
0.001514 -0.875930 0.482436
0.001517 -0.875849 0.482583
0.000629 -0.970953 0.239270
0.000629 -0.970953 0.239270
0.000629 -0.970953 0.239270
0.001517 -0.875849 0.482583
-0.003559 0.019511 -0.999803
-0.003568 0.019525 -0.999803
-0.003365 0.277809 -0.960631
-0.003367 0.277971 -0.960584
-0.003365 0.277809 -0.960631
-0.003568 0.019525 -0.999803
0.000629 -0.970953 0.239270
0.000629 -0.970953 0.239270
-0.000304 -0.999797 -0.020156
-0.000304 -0.999797 -0.020156
-0.000304 -0.999797 -0.020156
0.000629 -0.970953 0.239270
-0.003559 0.019511 -0.999803
-0.003534 -0.239723 -0.970835
-0.003568 0.019525 -0.999803
-0.003520 -0.239558 -0.970876
-0.003568 0.019525 -0.999803
-0.003534 -0.239723 -0.970835
-0.000304 -0.999797 -0.020156
-0.000304 -0.999797 -0.020156
-0.001219 -0.960598 -0.277939
-0.001220 -0.960784 -0.277296
-0.001219 -0.960598 -0.277939
-0.000304 -0.999797 -0.020156
-0.003534 -0.239723 -0.970835
-0.003243 -0.482750 -0.875752
-0.003520 -0.239558 -0.970876
-0.003242 -0.483047 -0.875588
-0.003520 -0.239558 -0.970876
-0.003243 -0.482750 -0.875752
-0.001219 -0.960598 -0.277939
-0.001220 -0.960784 -0.277296
-0.002029 -0.856133 -0.516752
-0.002049 -0.856039 -0.516907
-0.002029 -0.856133 -0.516752
-0.001220 -0.960784 -0.277296
-0.002733 -0.693239 -0.720703
-0.002737 -0.693407 -0.720541
-0.003243 -0.482750 -0.875752
-0.003242 -0.483047 -0.875588
-0.003243 -0.482750 -0.875752
-0.002737 -0.693407 -0.720541
-0.002029 -0.856133 -0.516752
-0.002049 -0.856039 -0.516907
-0.002733 -0.693239 -0.720703
-0.002737 -0.693407 -0.720541
-0.002733 -0.693239 -0.720703
-0.002049 -0.856039 -0.516907
-0.003472 -0.316386 -0.948624
-0.003581 -0.059984 -0.998193
-0.003467 -0.316440 -0.948606
-0.003581 -0.059984 -0.998193
-0.003472 -0.316386 -0.948624
-0.003580 -0.059942 -0.998195
-0.003580 -0.059942 -0.998195
-0.003454 0.200799 -0.979626
-0.003581 -0.059984 -0.998193
-0.003454 0.200799 -0.979626
-0.003580 -0.059942 -0.998195
-0.003446 0.200628 -0.979661
-0.003098 -0.551113 -0.834425
-0.003467 -0.316440 -0.948606
-0.003112 -0.551192 -0.834372
-0.003467 -0.316440 -0.948606
-0.003098 -0.551113 -0.834425
-0.003472 -0.316386 -0.948624
-0.003446 0.200628 -0.979661
-0.003091 0.447211 -0.894423
-0.003454 0.200799 -0.979626
-0.003091 0.447211 -0.894423
-0.003446 0.200628 -0.979661
-0.003091 0.447354 -0.894352
-0.002547 -0.748274 -0.663385
-0.003112 -0.551192 -0.834372
-0.002545 -0.748117 -0.663562
-0.003112 -0.551192 -0.834372
-0.002547 -0.748274 -0.663385
-0.003098 -0.551113 -0.834425
-0.003091 0.447354 -0.894352
-0.002519 0.663731 -0.747967
-0.003091 0.447211 -0.894423
-0.002519 0.663731 -0.747967
-0.003091 0.447354 -0.894352
-0.002514 0.663577 -0.748104
-0.002547 -0.748274 -0.663385
-0.001804 -0.894748 -0.446568
-0.001791 -0.894497 -0.447070
-0.001804 -0.894748 -0.446568
-0.002547 -0.748274 -0.663385
-0.002545 -0.748117 -0.663562
-0.002519 0.663731 -0.747967
-0.001760 0.834454 -0.551075
-0.001772 0.834782 -0.550578
-0.001760 0.834454 -0.551075
-0.002519 0.663731 -0.747967
-0.002514 0.663577 -0.748104
-0.001791 -0.894497 -0.447070
-0.000946 -0.979700 -0.200467
-0.000943 -0.979715 -0.200396
-0.000946 -0.979700 -0.200467
-0.001791 -0.894497 -0.447070
-0.001804 -0.894748 -0.446568
-0.001772 0.834782 -0.550578
-0.000915 0.948379 -0.317138
-0.000904 0.948576 -0.316549
-0.000915 0.948379 -0.317138
-0.001772 0.834782 -0.550578
-0.001760 0.834454 -0.551075
-0.000495 -0.997511 -0.070506
-0.000023 -0.998211 0.059788
-0.000023 -0.998212 0.059767
-0.000023 -0.998211 0.059788
-0.000495 -0.997511 -0.070506
-0.000486 -0.997510 -0.070531
-0.000486 -0.997510 -0.070531
-0.000495 -0.997511 -0.070506
-0.000943 -0.979715 -0.200396
-0.000486 -0.997510 -0.070531
-0.000943 -0.979715 -0.200396
-0.000946 -0.979700 -0.200467
-0.000904 0.948576 -0.316549
0.000045 0.998190 -0.060138
0.000022 0.998189 -0.060160
0.000045 0.998190 -0.060138
-0.000904 0.948576 -0.316549
-0.000915 0.948379 -0.317138
-0.000023 -0.998212 0.059767
0.000908 -0.948683 0.316228
0.000925 -0.948719 0.316119
0.000908 -0.948683 0.316228
-0.000023 -0.998212 0.059767
-0.000023 -0.998211 0.059788
0.000490 0.997479 0.070954
0.000942 0.979602 0.200944
0.000945 0.979736 0.200290
0.000942 0.979602 0.200944
0.000490 0.997479 0.070954
0.000493 0.997481 0.070929
0.000493 0.997481 0.070929
0.000490 0.997479 0.070954
0.000022 0.998189 -0.060160
0.000493 0.997481 0.070929
0.000022 0.998189 -0.060160
0.000045 0.998190 -0.060138
0.000925 -0.948719 0.316119
0.001773 -0.834821 0.550519
0.001785 -0.834930 0.550353
0.001773 -0.834821 0.550519
0.000925 -0.948719 0.316119
0.000908 -0.948683 0.316228
0.000945 0.979736 0.200290
0.001799 0.894282 0.447501
0.001807 0.894210 0.447645
0.001799 0.894282 0.447501
0.000945 0.979736 0.200290
0.000942 0.979602 0.200944
0.001785 -0.834930 0.550353
0.002518 -0.663462 0.748206
0.002512 -0.663563 0.748116
0.002518 -0.663462 0.748206
0.001785 -0.834930 0.550353
0.001773 -0.834821 0.550519
0.001807 0.894210 0.447645
0.002525 0.748719 0.662883
0.002543 0.748560 0.663062
0.002525 0.748719 0.662883
0.001807 0.894210 0.447645
0.001799 0.894282 0.447501
0.003090 -0.446776 0.894640
0.002512 -0.663563 0.748116
0.002518 -0.663462 0.748206
0.002512 -0.663563 0.748116
0.003090 -0.446776 0.894640
0.003103 -0.447066 0.894495
0.002525 0.748719 0.662883
0.003111 0.550563 0.834788
0.002543 0.748560 0.663062
0.003111 0.550563 0.834788
0.002525 0.748719 0.662883
0.003117 0.550563 0.834788
0.003444 -0.200680 0.979651
0.003090 -0.446776 0.894640
0.003450 -0.200680 0.979651
0.003090 -0.446776 0.894640
0.003444 -0.200680 0.979651
0.003103 -0.447066 0.894495
0.003117 0.550563 0.834788
0.003461 0.316117 0.948714
0.003111 0.550563 0.834788
0.003461 0.316117 0.948714
0.003117 0.550563 0.834788
0.003460 0.315900 0.948786
0.003577 0.059942 0.998195
0.003450 -0.200680 0.979651
0.003579 0.059986 0.998193
0.003450 -0.200680 0.979651
0.003577 0.059942 0.998195
0.003444 -0.200680 0.979651
0.003460 0.315900 0.948786
0.003579 0.059986 0.998193
0.003461 0.316117 0.948714
0.003579 0.059986 0.998193
0.003460 0.315900 0.948786
0.003577 0.059942 0.998195
0.003580 0.059764 0.998206
0.003450 0.316066 0.948731
0.003586 0.059807 0.998204
0.003461 0.315905 0.948784
0.003586 0.059807 0.998204
0.003450 0.316066 0.948731
0.003466 -0.200317 0.979725
0.003580 0.059764 0.998206
0.003452 -0.200457 0.979696
0.003586 0.059807 0.998204
0.003452 -0.200457 0.979696
0.003580 0.059764 0.998206
0.003450 0.316066 0.948731
0.003120 0.551113 0.834425
0.003461 0.315905 0.948784
0.003112 0.551192 0.834372
0.003461 0.315905 0.948784
0.003120 0.551113 0.834425
0.003090 -0.447780 0.894138
0.003466 -0.200317 0.979725
0.003092 -0.447496 0.894281
0.003452 -0.200457 0.979696
0.003092 -0.447496 0.894281
0.003466 -0.200317 0.979725
0.003120 0.551113 0.834425
0.002524 0.748274 0.663385
0.003112 0.551192 0.834372
0.002545 0.748038 0.663651
0.003112 0.551192 0.834372
0.002524 0.748274 0.663385
0.002536 -0.663378 0.748280
0.003090 -0.447780 0.894138
0.002517 -0.663179 0.748457
0.003092 -0.447496 0.894281
0.002517 -0.663179 0.748457
0.003090 -0.447780 0.894138
0.002545 0.748038 0.663651
0.002524 0.748274 0.663385
0.001809 0.894426 0.447213
0.001814 0.894139 0.447786
0.001809 0.894426 0.447213
0.002524 0.748274 0.663385
0.002536 -0.663378 0.748280
0.002517 -0.663179 0.748457
0.001782 -0.834454 0.551075
0.001769 -0.834782 0.550578
0.001782 -0.834454 0.551075
0.002517 -0.663179 0.748457
0.001809 0.894426 0.447213
0.001814 0.894139 0.447786
0.000943 0.979700 0.200467
0.000943 0.979715 0.200396
0.000943 0.979700 0.200467
0.001814 0.894139 0.447786
0.001782 -0.834454 0.551075
0.001769 -0.834782 0.550578
0.000915 -0.948611 0.316442
0.000904 -0.948808 0.315852
0.000915 -0.948611 0.316442
0.001769 -0.834782 0.550578
0.000943 0.979700 0.200467
0.000943 0.979715 0.200396
0.000489 0.997510 0.070531
0.000943 0.979715 0.200396
0.000495 0.997511 0.070506
0.000489 0.997510 0.070531
0.000489 0.997510 0.070531
0.000495 0.997511 0.070506
0.000020 0.998211 -0.059788
0.000023 0.998212 -0.059767
0.000020 0.998211 -0.059788
0.000495 0.997511 0.070506
0.000915 -0.948611 0.316442
0.000904 -0.948808 0.315852
0.000000 -0.998233 0.059425
-0.000020 -0.998231 0.059446
0.000000 -0.998233 0.059425
0.000904 -0.948808 0.315852
0.000020 0.998211 -0.059788
0.000023 0.998212 -0.059767
-0.000908 0.948683 -0.316228
-0.000902 0.948719 -0.316119
-0.000908 0.948683 -0.316228
0.000023 0.998212 -0.059767
0.000000 -0.998233 0.059425
-0.000020 -0.998231 0.059446
-0.000493 -0.997430 -0.071642
-0.000020 -0.998231 0.059446
-0.000487 -0.997428 -0.071667
-0.000493 -0.997430 -0.071642
-0.000493 -0.997430 -0.071642
-0.000487 -0.997428 -0.071667
-0.000942 -0.979602 -0.200944
-0.000945 -0.979736 -0.200290
-0.000942 -0.979602 -0.200944
-0.000487 -0.997428 -0.071667
-0.000908 0.948683 -0.316228
-0.000902 0.948719 -0.316119
-0.001773 0.834821 -0.550519
-0.001763 0.834930 -0.550353
-0.001773 0.834821 -0.550519
-0.000902 0.948719 -0.316119
-0.000942 -0.979602 -0.200944
-0.000945 -0.979736 -0.200290
-0.001821 -0.894282 -0.447501
-0.001810 -0.894210 -0.447645
-0.001821 -0.894282 -0.447501
-0.000945 -0.979736 -0.200290
-0.001773 0.834821 -0.550519
-0.001763 0.834930 -0.550353
-0.002515 0.663462 -0.748206
-0.002512 0.663563 -0.748116
-0.002515 0.663462 -0.748206
-0.001763 0.834930 -0.550353
-0.001821 -0.894282 -0.447501
-0.001810 -0.894210 -0.447645
-0.002547 -0.748123 -0.663556
-0.002544 -0.748043 -0.663645
-0.002547 -0.748123 -0.663556
-0.001810 -0.894210 -0.447645
-0.003080 0.447356 -0.894350
-0.003091 0.447066 -0.894495
-0.002512 0.663563 -0.748116
-0.002515 0.663462 -0.748206
-0.002512 0.663563 -0.748116
-0.003091 0.447066 -0.894495
-0.003116 -0.550814 -0.834622
-0.002547 -0.748123 -0.663556
-0.003110 -0.551147 -0.834403
-0.002544 -0.748043 -0.663645
-0.003110 -0.551147 -0.834403
-0.002547 -0.748123 -0.663556
-0.003080 0.447356 -0.894350
-0.003467 0.200680 -0.979651
-0.003091 0.447066 -0.894495
-0.003458 0.200854 -0.979615
-0.003091 0.447066 -0.894495
-0.003467 0.200680 -0.979651
-0.003460 -0.316063 -0.948732
-0.003116 -0.550814 -0.834622
-0.003463 -0.316117 -0.948714
-0.003110 -0.551147 -0.834403
-0.003463 -0.316117 -0.948714
-0.003116 -0.550814 -0.834622
-0.003467 0.200680 -0.979651
-0.003577 -0.059762 -0.998206
-0.003458 0.200854 -0.979615
-0.003577 -0.059805 -0.998204
-0.003458 0.200854 -0.979615
-0.003577 -0.059762 -0.998206
-0.003577 -0.059762 -0.998206
-0.003460 -0.316063 -0.948732
-0.003577 -0.059805 -0.998204
-0.003463 -0.316117 -0.948714
-0.003577 -0.059805 -0.998204
-0.003460 -0.316063 -0.948732
-0.003424 -0.350087 -0.936711
-0.003580 -0.095878 -0.995387
-0.003429 -0.350167 -0.936681
-0.003580 -0.095878 -0.995387
-0.003424 -0.350087 -0.936711
-0.003580 -0.095878 -0.995387
-0.003580 -0.095878 -0.995387
-0.003487 0.165132 -0.986265
-0.003580 -0.095878 -0.995387
-0.003487 0.165132 -0.986265
-0.003580 -0.095878 -0.995387
-0.003487 0.165220 -0.986250
-0.003042 -0.580531 -0.814232
-0.003429 -0.350167 -0.936681
-0.003044 -0.580875 -0.813987
-0.003429 -0.350167 -0.936681
-0.003042 -0.580531 -0.814232
-0.003424 -0.350087 -0.936711
-0.003487 0.165220 -0.986250
-0.003152 0.414654 -0.909974
-0.003487 0.165132 -0.986265
-0.003152 0.414654 -0.909974
-0.003487 0.165220 -0.986250
-0.003149 0.414804 -0.909905
-0.002433 -0.771082 -0.636731
-0.003044 -0.580875 -0.813987
-0.002454 -0.771292 -0.636477
-0.003044 -0.580875 -0.813987
-0.002433 -0.771082 -0.636731
-0.003042 -0.580531 -0.814232
-0.003149 0.414804 -0.909905
-0.002606 0.636122 -0.771584
-0.003152 0.414654 -0.909974
-0.002606 0.636122 -0.771584
-0.003149 0.414804 -0.909905
-0.002608 0.636338 -0.771406
-0.002433 -0.771082 -0.636731
-0.001698 -0.909717 -0.415224
-0.001687 -0.909780 -0.415087
-0.001698 -0.909717 -0.415224
-0.002433 -0.771082 -0.636731
-0.002454 -0.771292 -0.636477
-0.002606 0.636122 -0.771584
-0.001885 0.814137 -0.580670
-0.001880 0.814014 -0.580842
-0.001885 0.814137 -0.580670
-0.002606 0.636122 -0.771584
-0.002608 0.636338 -0.771406
-0.001687 -0.909780 -0.415087
-0.000820 -0.986235 -0.165348
-0.000800 -0.986245 -0.165288
-0.000820 -0.986235 -0.165348
-0.001687 -0.909780 -0.415087
-0.001698 -0.909717 -0.415224
-0.001880 0.814014 -0.580842
-0.001024 0.936650 -0.350265
-0.001033 0.936605 -0.350385
-0.001024 0.936650 -0.350265
-0.001880 0.814014 -0.580842
-0.001885 0.814137 -0.580670
-0.000800 -0.986245 -0.165288
0.000106 -0.995443 0.095354
0.000115 -0.995447 0.095319
0.000106 -0.995443 0.095354
-0.000800 -0.986245 -0.165288
-0.000820 -0.986235 -0.165348
-0.001033 0.936605 -0.350385
-0.000114 0.995417 -0.095627
-0.000111 0.995414 -0.095662
-0.000114 0.995417 -0.095627
-0.001033 0.936605 -0.350385
-0.001024 0.936650 -0.350265
0.000115 -0.995447 0.095319
0.001031 -0.936762 0.349965
0.001011 -0.936532 0.350580
0.001031 -0.936762 0.349965
0.000115 -0.995447 0.095319
0.000106 -0.995443 0.095354
0.000360 0.999384 0.035089
0.000823 0.986227 0.165393
0.000824 0.986220 0.165438
0.000823 0.986227 0.165393
0.000360 0.999384 0.035089
0.000365 0.999385 0.035076
0.000365 0.999385 0.035076
0.000360 0.999384 0.035089
-0.000111 0.995414 -0.095662
0.000365 0.999385 0.035076
-0.000111 0.995414 -0.095662
-0.000114 0.995417 -0.095627
0.001011 -0.936532 0.350580
0.001885 -0.814180 0.580610
0.001888 -0.814304 0.580436
0.001885 -0.814180 0.580610
0.001011 -0.936532 0.350580
0.001031 -0.936762 0.349965
0.000824 0.986220 0.165438
0.001697 0.909711 0.415239
0.001696 0.909647 0.415378
0.001697 0.909711 0.415239
0.000824 0.986220 0.165438
0.000823 0.986227 0.165393
0.001888 -0.814304 0.580436
0.002607 -0.636381 0.771371
0.002605 -0.636073 0.771624
0.002607 -0.636381 0.771371
0.001888 -0.814304 0.580436
0.001885 -0.814180 0.580610
0.001696 0.909647 0.415378
0.002459 0.771599 0.636105
0.002454 0.771450 0.636285
0.002459 0.771599 0.636105
0.001696 0.909647 0.415378
0.001697 0.909711 0.415239
0.003153 -0.414566 0.910014
0.002605 -0.636073 0.771624
0.002607 -0.636381 0.771371
0.002605 -0.636073 0.771624
0.003153 -0.414566 0.910014
0.003139 -0.414795 0.909909
0.002459 0.771599 0.636105
0.003042 0.580425 0.814308
0.002454 0.771450 0.636285
0.003042 0.580425 0.814308
0.002459 0.771599 0.636105
0.003039 0.580669 0.814134
0.003486 -0.165027 0.986283
0.003153 -0.414566 0.910014
0.003487 -0.165057 0.986278
0.003153 -0.414566 0.910014
0.003486 -0.165027 0.986283
0.003139 -0.414795 0.909909
0.003039 0.580669 0.814134
0.003427 0.350231 0.936657
0.003042 0.580425 0.814308
0.003427 0.350231 0.936657
0.003039 0.580669 0.814134
0.003437 0.350312 0.936627
0.003577 0.095719 0.995402
0.003487 -0.165057 0.986278
0.003577 0.095789 0.995395
0.003487 -0.165057 0.986278
0.003577 0.095719 0.995402
0.003486 -0.165027 0.986283
0.003437 0.350312 0.936627
0.003533 0.224939 0.974366
0.003427 0.350231 0.936657
0.003533 0.224939 0.974366
0.003437 0.350312 0.936627
0.003577 0.095789 0.995395
0.003577 0.095789 0.995395
0.003437 0.350312 0.936627
0.003577 0.095719 0.995402
0.003577 0.095719 0.995402
0.003437 0.350312 0.936627
0.003529 0.224777 0.974404
0.003580 0.095878 0.995387
0.003446 0.350167 0.936681
0.003580 0.095967 0.995378
0.003429 0.350167 0.936681
0.003580 0.095967 0.995378
0.003446 0.350167 0.936681
0.003488 -0.164956 0.986295
0.003580 0.095878 0.995387
0.003481 -0.164956 0.986295
0.003580 0.095967 0.995378
0.003481 -0.164956 0.986295
0.003580 0.095878 0.995387
0.003446 0.350167 0.936681
0.003042 0.580531 0.814232
0.003429 0.350167 0.936681
0.003044 0.580875 0.813987
0.003429 0.350167 0.936681
0.003042 0.580531 0.814232
0.003149 -0.414879 0.909871
0.003488 -0.164956 0.986295
0.003152 -0.414729 0.909939
0.003481 -0.164956 0.986295
0.003152 -0.414729 0.909939
0.003488 -0.164956 0.986295
0.003042 0.580531 0.814232
0.002456 0.771586 0.636120
0.003044 0.580875 0.813987
0.002454 0.771439 0.636298
0.003044 0.580875 0.813987
0.002456 0.771586 0.636120
0.002608 -0.636284 0.771451
0.003149 -0.414879 0.909871
0.002606 -0.636122 0.771584
0.003152 -0.414729 0.909939
0.002606 -0.636122 0.771584
0.003149 -0.414879 0.909871
0.002454 0.771439 0.636298
0.002456 0.771586 0.636120
0.001693 0.909717 0.415224
0.001687 0.909780 0.415087
0.001693 0.909717 0.415224
0.002456 0.771586 0.636120
0.002608 -0.636284 0.771451
0.002606 -0.636122 0.771584
0.001885 -0.814603 0.580016
0.001887 -0.814480 0.580188
0.001885 -0.814603 0.580016
0.002606 -0.636122 0.771584
0.001693 0.909717 0.415224
0.001687 0.909780 0.415087
0.000820 0.986359 0.164607
0.000823 0.986366 0.164562
0.000820 0.986359 0.164607
0.001687 0.909780 0.415087
0.001885 -0.814603 0.580016
0.001887 -0.814480 0.580188
0.001047 -0.936911 0.349566
0.001030 -0.936867 0.349686
0.001047 -0.936911 0.349566
0.001887 -0.814480 0.580188
0.000820 0.986359 0.164607
0.000823 0.986366 0.164562
-0.000109 0.995443 -0.095354
-0.000092 0.995447 -0.095319
-0.000109 0.995443 -0.095354
0.000823 0.986366 0.164562
0.001047 -0.936911 0.349566
0.001030 -0.936867 0.349686
0.000114 -0.995417 0.095627
0.000108 -0.995414 0.095662
0.000114 -0.995417 0.095627
0.001030 -0.936867 0.349686
-0.000109 0.995443 -0.095354
-0.000092 0.995447 -0.095319
-0.001028 0.936762 -0.349965
-0.001034 0.936532 -0.350580
-0.001028 0.936762 -0.349965
-0.000092 0.995447 -0.095319
0.000114 -0.995417 0.095627
0.000108 -0.995414 0.095662
-0.000365 -0.999385 -0.035076
0.000108 -0.995414 0.095662
-0.000357 -0.999384 -0.035089
-0.000365 -0.999385 -0.035076
-0.000365 -0.999385 -0.035076
-0.000357 -0.999384 -0.035089
-0.000823 -0.986352 -0.164651
-0.000821 -0.986342 -0.164711
-0.000823 -0.986352 -0.164651
-0.000357 -0.999384 -0.035089
-0.001028 0.936762 -0.349965
-0.001034 0.936532 -0.350580
-0.001881 0.813738 -0.581228
-0.001887 0.813863 -0.581054
-0.001881 0.813738 -0.581228
-0.001034 0.936532 -0.350580
-0.000823 -0.986352 -0.164651
-0.000821 -0.986342 -0.164711
-0.001697 -0.910359 -0.413816
-0.001698 -0.910296 -0.413954
-0.001697 -0.910359 -0.413816
-0.000821 -0.986342 -0.164711
-0.001881 0.813738 -0.581228
-0.001887 0.813863 -0.581054
-0.002605 0.635799 -0.771850
-0.002606 0.635854 -0.771805
-0.002605 0.635799 -0.771850
-0.001887 0.813863 -0.581054
-0.001697 -0.910359 -0.413816
-0.001698 -0.910296 -0.413954
-0.002459 -0.772108 -0.635486
-0.002455 -0.771960 -0.635667
-0.002459 -0.772108 -0.635486
-0.001698 -0.910296 -0.413954
-0.003162 0.414719 -0.909944
-0.003153 0.414489 -0.910049
-0.002606 0.635854 -0.771805
-0.002605 0.635799 -0.771850
-0.002606 0.635854 -0.771805
-0.003153 0.414489 -0.910049
-0.003039 -0.580852 -0.814003
-0.002459 -0.772108 -0.635486
-0.003049 -0.580895 -0.813972
-0.002455 -0.771960 -0.635667
-0.003049 -0.580895 -0.813972
-0.002459 -0.772108 -0.635486
-0.003162 0.414719 -0.909944
-0.003486 0.164847 -0.986313
-0.003153 0.414489 -0.910049
-0.003477 0.164757 -0.986328
-0.003153 0.414489 -0.910049
-0.003486 0.164847 -0.986313
-0.003437 -0.350150 -0.936687
-0.003039 -0.580852 -0.814003
-0.003428 -0.350150 -0.936687
-0.003049 -0.580895 -0.813972
-0.003428 -0.350150 -0.936687
-0.003039 -0.580852 -0.814003
-0.003486 0.164847 -0.986313
-0.003577 -0.095810 -0.995393
-0.003477 0.164757 -0.986328
-0.003579 -0.095972 -0.995378
-0.003477 0.164757 -0.986328
-0.003577 -0.095810 -0.995393
-0.003530 -0.224690 -0.974424
-0.003437 -0.350150 -0.936687
-0.003577 -0.095810 -0.995393
-0.003577 -0.095810 -0.995393
-0.003437 -0.350150 -0.936687
-0.003579 -0.095972 -0.995378
-0.003579 -0.095972 -0.995378
-0.003437 -0.350150 -0.936687
-0.003534 -0.224851 -0.974387
-0.003428 -0.350150 -0.936687
-0.003534 -0.224851 -0.974387
-0.003437 -0.350150 -0.936687
0.003366 -0.277977 0.960582
0.002927 -0.516938 0.856018
0.002932 -0.516637 0.856200
0.002927 -0.516938 0.856018
0.003366 -0.277977 0.960582
0.003367 -0.277977 0.960582
0.002927 -0.516938 0.856018
0.002303 -0.721123 0.692803
0.002932 -0.516637 0.856200
0.002303 -0.721123 0.692803
0.002927 -0.516938 0.856018
0.002307 -0.720762 0.693179
0.003571 -0.019733 0.999799
0.003366 -0.277977 0.960582
0.003564 -0.019630 0.999801
0.003366 -0.277977 0.960582
0.003571 -0.019733 0.999799
0.003367 -0.277977 0.960582
0.001535 -0.875577 0.483077
0.002303 -0.721123 0.692803
0.002307 -0.720762 0.693179
0.002303 -0.721123 0.692803
0.001535 -0.875577 0.483077
0.001517 -0.875899 0.482492
0.003542 0.239828 0.970809
0.003564 -0.019630 0.999801
0.003527 0.239825 0.970810
0.003564 -0.019630 0.999801
0.003542 0.239828 0.970809
0.003571 -0.019733 0.999799
0.000638 -0.970734 0.240156
0.001517 -0.875899 0.482492
0.001535 -0.875577 0.483077
0.001517 -0.875899 0.482492
0.000638 -0.970734 0.240156
0.000629 -0.970710 0.240252
0.003229 0.482687 0.875787
0.003410 0.364595 0.931160
0.003243 0.482798 0.875726
0.003410 0.364595 0.931160
0.003229 0.482687 0.875787
0.003527 0.239825 0.970810
0.003527 0.239825 0.970810
0.003229 0.482687 0.875787
0.003542 0.239828 0.970809
0.003542 0.239828 0.970809
0.003229 0.482687 0.875787
0.003413 0.364227 0.931304
-0.000305 -0.999809 -0.019550
0.000629 -0.970710 0.240252
0.000638 -0.970734 0.240156
0.000629 -0.970710 0.240252
-0.000305 -0.999809 -0.019550
-0.000306 -0.999809 -0.019558
0.002740 0.692738 0.721184
0.003229 0.482687 0.875787
0.003243 0.482798 0.875726
0.003229 0.482687 0.875787
0.002740 0.692738 0.721184
0.002736 0.692951 0.720980
-0.001218 -0.960869 -0.277000
-0.000306 -0.999809 -0.019558
-0.000305 -0.999809 -0.019550
-0.000306 -0.999809 -0.019558
-0.001218 -0.960869 -0.277000
-0.001216 -0.961070 -0.276304
0.002045 0.856001 0.516970
0.002736 0.692951 0.720980
0.002740 0.692738 0.721184
0.002736 0.692951 0.720980
0.002045 0.856001 0.516970
0.002041 0.856138 0.516744
-0.002051 -0.856076 -0.516846
-0.001216 -0.961070 -0.276304
-0.001218 -0.960869 -0.277000
-0.001216 -0.961070 -0.276304
-0.002051 -0.856076 -0.516846
-0.002048 -0.855968 -0.517025
0.001222 0.960658 0.277732
0.002041 0.856138 0.516744
0.002045 0.856001 0.516970
0.002041 0.856138 0.516744
0.001222 0.960658 0.277732
0.001221 0.960697 0.277596
-0.002051 -0.856076 -0.516846
-0.002743 -0.693482 -0.720469
-0.002048 -0.855968 -0.517025
-0.002743 -0.693482 -0.720469
-0.002051 -0.856076 -0.516846
-0.002752 -0.693288 -0.720656
0.000305 0.999810 0.019491
0.001221 0.960697 0.277596
0.001222 0.960658 0.277732
0.001221 0.960697 0.277596
0.000305 0.999810 0.019491
0.000304 0.999810 0.019483
-0.002752 -0.693288 -0.720656
-0.003244 -0.483077 -0.875572
-0.002743 -0.693482 -0.720469
-0.003244 -0.483077 -0.875572
-0.002752 -0.693288 -0.720656
-0.003251 -0.482736 -0.875760
-0.000626 0.970835 -0.239747
0.000304 0.999810 0.019483
0.000305 0.999810 0.019491
0.000304 0.999810 0.019483
-0.000626 0.970835 -0.239747
-0.000607 0.970858 -0.239653
-0.003251 -0.482736 -0.875760
-0.003409 -0.364154 -0.931332
-0.003244 -0.483077 -0.875572
-0.003409 -0.364154 -0.931332
-0.003251 -0.482736 -0.875760
-0.003522 -0.239689 -0.970843
-0.003522 -0.239689 -0.970843
-0.003251 -0.482736 -0.875760
-0.003522 -0.239502 -0.970890
-0.003522 -0.239502 -0.970890
-0.003251 -0.482736 -0.875760
-0.003424 -0.364416 -0.931230
-0.001518 0.875529 -0.483162
-0.000607 0.970858 -0.239653
-0.000626 0.970835 -0.239747
-0.000607 0.970858 -0.239653
-0.001518 0.875529 -0.483162
-0.001514 0.875624 -0.482991
-0.003522 -0.239502 -0.970890
-0.003569 0.019722 -0.999799
-0.003522 -0.239689 -0.970843
-0.003569 0.019722 -0.999799
-0.003522 -0.239502 -0.970890
-0.003569 0.019706 -0.999799
-0.002304 0.721273 -0.692647
-0.001514 0.875624 -0.482991
-0.001518 0.875529 -0.483162
-0.001514 0.875624 -0.482991
-0.002304 0.721273 -0.692647
-0.002292 0.721514 -0.692396
-0.003569 0.019706 -0.999799
-0.003367 0.277988 -0.960579
-0.003569 0.019722 -0.999799
-0.003367 0.277988 -0.960579
-0.003569 0.019706 -0.999799
-0.003369 0.277866 -0.960614
-0.002943 0.516475 -0.856297
-0.002304 0.721273 -0.692647
-0.002935 0.516831 -0.856083
-0.002304 0.721273 -0.692647
-0.002943 0.516475 -0.856297
-0.002292 0.721514 -0.692396
-0.003369 0.277866 -0.960614
-0.002935 0.516831 -0.856083
-0.003367 0.277988 -0.960579
-0.002935 0.516831 -0.856083
-0.003369 0.277866 -0.960614
-0.002943 0.516475 -0.856297
-0.003390 0.277662 -0.960673
-0.003367 0.277882 -0.960609
-0.002952 0.517164 -0.855881
-0.002939 0.517302 -0.855798
-0.002952 0.517164 -0.855881
-0.003367 0.277882 -0.960609
-0.002307 0.720713 -0.693230
-0.002952 0.517164 -0.855881
-0.002306 0.721123 -0.692803
-0.002939 0.517302 -0.855798
-0.002306 0.721123 -0.692803
-0.002952 0.517164 -0.855881
-0.003390 0.277662 -0.960673
-0.003571 0.019733 -0.999799
-0.003367 0.277882 -0.960609
-0.003567 0.019733 -0.999799
-0.003367 0.277882 -0.960609
-0.003571 0.019733 -0.999799
-0.001521 0.876316 -0.481733
-0.001510 0.875994 -0.482319
-0.002306 0.721123 -0.692803
-0.002307 0.720713 -0.693230
-0.002306 0.721123 -0.692803
-0.001510 0.875994 -0.482319
-0.003571 0.019733 -0.999799
-0.003516 -0.239731 -0.970833
-0.003567 0.019733 -0.999799
-0.003521 -0.239537 -0.970881
-0.003567 0.019733 -0.999799
-0.003516 -0.239731 -0.970833
-0.000629 0.970913 -0.239434
-0.000613 0.970936 -0.239339
-0.001521 0.876316 -0.481733
-0.001510 0.875994 -0.482319
-0.001521 0.876316 -0.481733
-0.000613 0.970936 -0.239339
-0.003413 -0.364316 -0.931269
-0.003254 -0.482923 -0.875657
-0.003516 -0.239731 -0.970833
-0.003516 -0.239731 -0.970833
-0.003254 -0.482923 -0.875657
-0.003521 -0.239537 -0.970881
-0.003521 -0.239537 -0.970881
-0.003254 -0.482923 -0.875657
-0.003413 -0.364684 -0.931125
-0.003242 -0.482955 -0.875639
-0.003413 -0.364684 -0.931125
-0.003254 -0.482923 -0.875657
0.000306 0.999792 0.020375
0.000305 0.999793 0.020364
-0.000629 0.970913 -0.239434
-0.000613 0.970936 -0.239339
-0.000629 0.970913 -0.239434
0.000305 0.999793 0.020364
-0.002736 -0.692951 -0.720980
-0.002736 -0.692738 -0.721184
-0.003254 -0.482923 -0.875657
-0.003242 -0.482955 -0.875639
-0.003254 -0.482923 -0.875657
-0.002736 -0.692738 -0.721184
0.001216 0.960606 0.277912
0.001193 0.960404 0.278608
0.000306 0.999792 0.020375
0.000305 0.999793 0.020364
0.000306 0.999792 0.020375
0.001193 0.960404 0.278608
-0.002041 -0.856580 -0.516010
-0.002046 -0.856444 -0.516235
-0.002736 -0.692951 -0.720980
-0.002736 -0.692738 -0.721184
-0.002736 -0.692951 -0.720980
-0.002046 -0.856444 -0.516235
0.002045 0.855968 0.517025
0.002025 0.856076 0.516846
0.001216 0.960606 0.277912
0.001193 0.960404 0.278608
0.001216 0.960606 0.277912
0.002025 0.856076 0.516846
-0.001221 -0.960697 -0.277596
-0.001215 -0.960658 -0.277732
-0.002041 -0.856580 -0.516010
-0.002046 -0.856444 -0.516235
-0.002041 -0.856580 -0.516010
-0.001215 -0.960658 -0.277732
0.002727 0.693078 0.720858
0.002025 0.856076 0.516846
0.002737 0.692868 0.721059
0.002045 0.855968 0.517025
0.002737 0.692868 0.721059
0.002025 0.856076 0.516846
-0.000304 -0.999810 -0.019483
-0.000305 -0.999810 -0.019491
-0.001221 -0.960697 -0.277596
-0.001215 -0.960658 -0.277732
-0.001221 -0.960697 -0.277596
-0.000305 -0.999810 -0.019491
0.003225 0.482814 0.875717
0.002727 0.693078 0.720858
0.003241 0.483077 0.875572
0.002737 0.692868 0.721059
0.003241 0.483077 0.875572
0.002727 0.693078 0.720858
0.000633 -0.970858 0.239653
0.000630 -0.970835 0.239747
-0.000304 -0.999810 -0.019483
-0.000305 -0.999810 -0.019491
-0.000304 -0.999810 -0.019483
0.000630 -0.970835 0.239747
0.003398 0.364591 0.931162
0.003225 0.482814 0.875717
0.003522 0.239597 0.970866
0.003522 0.239597 0.970866
0.003225 0.482814 0.875717
0.003525 0.239784 0.970820
0.003525 0.239784 0.970820
0.003225 0.482814 0.875717
0.003417 0.364329 0.931264
0.003241 0.483077 0.875572
0.003417 0.364329 0.931264
0.003225 0.482814 0.875717
0.001540 -0.875624 0.482991
0.001521 -0.875529 0.483162
0.000633 -0.970858 0.239653
0.000630 -0.970835 0.239747
0.000633 -0.970858 0.239653
0.001521 -0.875529 0.483162
0.003569 -0.019706 0.999799
0.003522 0.239597 0.970866
0.003566 -0.019722 0.999799
0.003525 0.239784 0.970820
0.003566 -0.019722 0.999799
0.003522 0.239597 0.970866
0.002292 -0.720725 0.693218
0.002308 -0.720482 0.693469
0.001540 -0.875624 0.482991
0.001521 -0.875529 0.483162
0.001540 -0.875624 0.482991
0.002308 -0.720482 0.693469
0.003369 -0.277773 0.960641
0.003569 -0.019706 0.999799
0.003370 -0.277895 0.960606
0.003566 -0.019722 0.999799
0.003370 -0.277895 0.960606
0.003569 -0.019706 0.999799
0.002292 -0.720725 0.693218
0.002944 -0.517126 0.855904
0.002308 -0.720482 0.693469
0.002936 -0.517126 0.855904
0.002308 -0.720482 0.693469
0.002944 -0.517126 0.855904
0.002944 -0.517126 0.855904
0.003369 -0.277773 0.960641
0.002936 -0.517126 0.855904
0.003370 -0.277895 0.960606
0.002936 -0.517126 0.855904
0.003369 -0.277773 0.960641
-0.003591 -0.041689 -0.999124
-0.003435 0.218745 -0.975776
-0.003580 -0.041339 -0.999139
-0.003435 0.218745 -0.975776
-0.003591 -0.041689 -0.999124
-0.003432 0.218262 -0.975884
-0.003432 0.218262 -0.975884
-0.003275 0.343595 -0.939112
-0.003435 0.218745 -0.975776
-0.003275 0.343595 -0.939112
-0.003432 0.218262 -0.975884
-0.003053 0.463639 -0.886019
-0.003053 0.463639 -0.886019
-0.003432 0.218262 -0.975884
-0.003060 0.463364 -0.886163
-0.003060 0.463364 -0.886163
-0.003432 0.218262 -0.975884
-0.003280 0.343903 -0.938999
-0.003478 -0.298912 -0.954274
-0.003591 -0.041689 -0.999124
-0.003580 -0.041339 -0.999139
-0.003591 -0.041689 -0.999124
-0.003478 -0.298912 -0.954274
-0.003486 -0.298912 -0.954274
-0.003060 0.463364 -0.886163
-0.002472 0.677653 -0.735378
-0.003053 0.463639 -0.886019
-0.002472 0.677653 -0.735378
-0.003060 0.463364 -0.886163
-0.002470 0.677842 -0.735203
-0.003142 -0.535735 -0.844380
-0.003478 -0.298912 -0.954274
-0.003144 -0.535735 -0.844380
-0.003478 -0.298912 -0.954274
-0.003142 -0.535735 -0.844380
-0.003486 -0.298912 -0.954274
-0.002472 0.677653 -0.735378
-0.001706 0.844121 -0.536150
-0.001712 0.844438 -0.535651
-0.001706 0.844121 -0.536150
-0.002472 0.677653 -0.735378
-0.002470 0.677842 -0.735203
-0.002577 -0.735746 -0.677253
-0.003144 -0.535735 -0.844380
-0.002594 -0.735584 -0.677428
-0.003144 -0.535735 -0.844380
-0.002577 -0.735746 -0.677253
-0.003142 -0.535735 -0.844380
-0.001712 0.844438 -0.535651
-0.000832 0.954405 -0.298514
-0.000841 0.954374 -0.298614
-0.000832 0.954405 -0.298514
-0.001712 0.844438 -0.535651
-0.001706 0.844121 -0.536150
-0.001854 -0.885789 -0.464085
-0.002594 -0.735584 -0.677428
-0.001860 -0.886079 -0.463531
-0.002594 -0.735584 -0.677428
-0.001854 -0.885789 -0.464085
-0.002577 -0.735746 -0.677253
-0.000841 0.954374 -0.298614
0.000088 0.999142 -0.041426
0.000088 0.999141 -0.041441
0.000088 0.999142 -0.041426
-0.000841 0.954374 -0.298614
-0.000832 0.954405 -0.298514
-0.001018 -0.975936 -0.218055
-0.001860 -0.886079 -0.463531
-0.001010 -0.975919 -0.218130
-0.001860 -0.886079 -0.463531
-0.001018 -0.975936 -0.218055
-0.001854 -0.885789 -0.464085
0.000088 0.999141 -0.041441
0.000989 0.975921 0.218122
0.001009 0.975904 0.218197
0.000989 0.975921 0.218122
0.000088 0.999141 -0.041441
0.000088 0.999142 -0.041426
-0.000089 -0.999123 0.041867
-0.000551 -0.995997 -0.089384
-0.000086 -0.999123 0.041882
-0.000551 -0.995997 -0.089384
-0.000089 -0.999123 0.041867
-0.000554 -0.996000 -0.089353
-0.000551 -0.995997 -0.089384
-0.000554 -0.996000 -0.089353
-0.001010 -0.975919 -0.218130
-0.001010 -0.975919 -0.218130
-0.000554 -0.996000 -0.089353
-0.001018 -0.975936 -0.218055
0.001009 0.975904 0.218197
0.001873 0.885802 0.464059
0.001863 0.886092 0.463505
0.001873 0.885802 0.464059
0.001009 0.975904 0.218197
0.000989 0.975921 0.218122
0.000844 -0.954619 0.297830
-0.000086 -0.999123 0.041882
0.000841 -0.954587 0.297931
-0.000086 -0.999123 0.041882
0.000844 -0.954619 0.297830
-0.000089 -0.999123 0.041867
0.001863 0.886092 0.463505
0.002585 0.735668 0.677338
0.002591 0.735506 0.677514
0.002585 0.735668 0.677338
0.001863 0.886092 0.463505
0.001873 0.885802 0.464059
0.001713 -0.844641 0.535331
0.000841 -0.954587 0.297931
0.001713 -0.844539 0.535492
0.000841 -0.954587 0.297931
0.001713 -0.844641 0.535331
0.000844 -0.954619 0.297830
0.002585 0.735668 0.677338
0.003144 0.535657 0.844430
0.002591 0.735506 0.677514
0.003144 0.535657 0.844430
0.002585 0.735668 0.677338
0.003122 0.535336 0.844633
0.002472 -0.677656 0.735375
0.001713 -0.844539 0.535492
0.002470 -0.677464 0.735552
0.001713 -0.844539 0.535492
0.002472 -0.677656 0.735375
0.001713 -0.844641 0.535331
0.003122 0.535336 0.844633
0.003479 0.298799 0.954310
0.003144 0.535657 0.844430
0.003479 0.298799 0.954310
0.003122 0.535336 0.844633
0.003484 0.298597 0.954373
0.003052 -0.463672 0.886002
0.002470 -0.677464 0.735552
0.003057 -0.463672 0.886002
0.002470 -0.677464 0.735552
0.003052 -0.463672 0.886002
0.002472 -0.677656 0.735375
0.003484 0.298597 0.954373
0.003578 0.041630 0.999127
0.003479 0.298799 0.954310
0.003578 0.041630 0.999127
0.003484 0.298597 0.954373
0.003578 0.041601 0.999128
0.003433 -0.218324 0.975870
0.003057 -0.463672 0.886002
0.003275 -0.344085 0.938933
0.003057 -0.463672 0.886002
0.003433 -0.218324 0.975870
0.003052 -0.463672 0.886002
0.003052 -0.463672 0.886002
0.003433 -0.218324 0.975870
0.003428 -0.218663 0.975794
0.003052 -0.463672 0.886002
0.003428 -0.218663 0.975794
0.003295 -0.344085 0.938933
0.003578 0.041601 0.999128
0.003433 -0.218324 0.975870
0.003578 0.041630 0.999127
0.003433 -0.218324 0.975870
0.003578 0.041601 0.999128
0.003428 -0.218663 0.975794
0.003432 -0.218595 0.975810
0.003569 0.041689 0.999124
0.003437 -0.219078 0.975701
0.003580 0.041339 0.999139
0.003437 -0.219078 0.975701
0.003569 0.041689 0.999124
0.003258 -0.344212 0.938886
0.003432 -0.218595 0.975810
0.003059 -0.463913 0.885875
0.003059 -0.463913 0.885875
0.003432 -0.218595 0.975810
0.003058 -0.464201 0.885725
0.003058 -0.464201 0.885725
0.003432 -0.218595 0.975810
0.003268 -0.344212 0.938886
0.003437 -0.219078 0.975701
0.003268 -0.344212 0.938886
0.003432 -0.218595 0.975810
0.003486 0.298912 0.954274
0.003478 0.298593 0.954374
0.003569 0.041689 0.999124
0.003580 0.041339 0.999139
0.003569 0.041689 0.999124
0.003478 0.298593 0.954374
0.002470 -0.677115 0.735873
0.003059 -0.463913 0.885875
0.002471 -0.676926 0.736047
0.003058 -0.464201 0.885725
0.002471 -0.676926 0.736047
0.003059 -0.463913 0.885875
0.003486 0.298912 0.954274
0.003141 0.535166 0.844741
0.003478 0.298593 0.954374
0.003141 0.535233 0.844698
0.003478 0.298593 0.954374
0.003141 0.535166 0.844741
0.002470 -0.677115 0.735873
0.002471 -0.676926 0.736047
0.001727 -0.844222 0.535991
0.001714 -0.844538 0.535493
0.001727 -0.844222 0.535991
0.002471 -0.676926 0.736047
0.003141 0.535166 0.844741
0.002598 0.736581 0.676344
0.003141 0.535233 0.844698
0.002592 0.736420 0.676520
0.003141 0.535233 0.844698
0.002598 0.736581 0.676344
0.001727 -0.844222 0.535991
0.001714 -0.844538 0.535493
0.000854 -0.954405 0.298514
0.000846 -0.954374 0.298614
0.000854 -0.954405 0.298514
0.001714 -0.844538 0.535493
0.002598 0.736581 0.676344
0.001876 0.885789 0.464085
0.002592 0.736420 0.676520
0.001867 0.886079 0.463531
0.002592 0.736420 0.676520
0.001876 0.885789 0.464085
0.000854 -0.954405 0.298514
0.000846 -0.954374 0.298614
-0.000088 -0.999142 0.041426
-0.000085 -0.999141 0.041441
-0.000088 -0.999142 0.041426
0.000846 -0.954374 0.298614
0.001876 0.885789 0.464085
0.000996 0.975768 0.218804
0.001867 0.886079 0.463531
0.001007 0.975751 0.218880
0.001867 0.886079 0.463531
0.000996 0.975768 0.218804
-0.000088 -0.999142 0.041426
-0.000085 -0.999141 0.041441
-0.001011 -0.975771 -0.218792
-0.001011 -0.975754 -0.218867
-0.001011 -0.975771 -0.218792
-0.000085 -0.999141 0.041441
0.000996 0.975768 0.218804
0.000554 0.996063 0.088649
0.001007 0.975751 0.218880
0.001007 0.975751 0.218880
0.000554 0.996063 0.088649
0.000554 0.996060 0.088681
0.000554 0.996063 0.088649
0.000089 0.999153 -0.041158
0.000554 0.996060 0.088681
0.000089 0.999152 -0.041173
0.000554 0.996060 0.088681
0.000089 0.999153 -0.041158
-0.001011 -0.975771 -0.218792
-0.001011 -0.975754 -0.218867
-0.001873 -0.885802 -0.464059
-0.001866 -0.886092 -0.463505
-0.001873 -0.885802 -0.464059
-0.001011 -0.975754 -0.218867
0.000089 0.999153 -0.041158
-0.000844 0.954385 -0.298578
0.000089 0.999152 -0.041173
-0.000842 0.954353 -0.298680
0.000089 0.999152 -0.041173
-0.000844 0.954385 -0.298578
-0.001873 -0.885802 -0.464059
-0.001866 -0.886092 -0.463505
-0.002608 -0.736182 -0.676778
-0.002595 -0.736020 -0.676955
-0.002608 -0.736182 -0.676778
-0.001866 -0.886092 -0.463505
-0.000844 0.954385 -0.298578
-0.001713 0.844641 -0.535331
-0.000842 0.954353 -0.298680
-0.001713 0.844539 -0.535492
-0.000842 0.954353 -0.298680
-0.001713 0.844641 -0.535331
-0.003145 -0.535083 -0.844794
-0.002608 -0.736182 -0.676778
-0.003141 -0.535083 -0.844794
-0.002595 -0.736020 -0.676955
-0.003141 -0.535083 -0.844794
-0.002608 -0.736182 -0.676778
-0.001713 0.844641 -0.535331
-0.002472 0.676916 -0.736057
-0.001713 0.844539 -0.535492
-0.002470 0.676722 -0.736234
-0.001713 0.844539 -0.535492
-0.002472 0.676916 -0.736057
-0.003461 -0.299243 -0.954171
-0.003145 -0.535083 -0.844794
-0.003483 -0.299446 -0.954107
-0.003141 -0.535083 -0.844794
-0.003483 -0.299446 -0.954107
-0.003145 -0.535083 -0.844794
-0.002472 0.676916 -0.736057
-0.003074 0.463672 -0.886002
-0.002470 0.676722 -0.736234
-0.003055 0.463672 -0.886002
-0.002470 0.676722 -0.736234
-0.003074 0.463672 -0.886002
-0.003578 -0.041601 -0.999128
-0.003461 -0.299243 -0.954171
-0.003583 -0.041630 -0.999127
-0.003483 -0.299446 -0.954107
-0.003583 -0.041630 -0.999127
-0.003461 -0.299243 -0.954171
-0.003250 0.344085 -0.938933
-0.003450 0.218324 -0.975870
-0.003074 0.463672 -0.886002
-0.003450 0.218324 -0.975870
-0.003436 0.217985 -0.975946
-0.003074 0.463672 -0.886002
-0.003074 0.463672 -0.886002
-0.003436 0.217985 -0.975946
-0.003055 0.463672 -0.886002
-0.003274 0.344399 -0.938818
-0.003055 0.463672 -0.886002
-0.003436 0.217985 -0.975946
-0.003450 0.218324 -0.975870
-0.003578 -0.041601 -0.999128
-0.003436 0.217985 -0.975946
-0.003583 -0.041630 -0.999127
-0.003436 0.217985 -0.975946
-0.003578 -0.041601 -0.999128
-0.000960 -0.978289 -0.207241
-0.001833 -0.891098 -0.453807
-0.000972 -0.978272 -0.207321
-0.001833 -0.891098 -0.453807
-0.000960 -0.978289 -0.207241
-0.001842 -0.891260 -0.453489
-0.001842 -0.891260 -0.453489
-0.002567 -0.743194 -0.669071
-0.001833 -0.891098 -0.453807
-0.002567 -0.743194 -0.669071
-0.001842 -0.891260 -0.453489
-0.002572 -0.742980 -0.669309
-0.000049 -0.998640 0.052144
-0.000513 -0.996940 -0.078176
-0.000048 -0.998638 0.052165
-0.000513 -0.996940 -0.078176
-0.000049 -0.998640 0.052144
-0.000493 -0.996942 -0.078145
-0.000513 -0.996940 -0.078176
-0.000493 -0.996942 -0.078145
-0.000972 -0.978272 -0.207321
-0.000972 -0.978272 -0.207321
-0.000493 -0.996942 -0.078145
-0.000960 -0.978289 -0.207241
-0.002567 -0.743194 -0.669071
-0.003127 -0.544464 -0.838779
-0.003120 -0.544821 -0.838547
-0.003127 -0.544464 -0.838779
-0.002567 -0.743194 -0.669071
-0.002572 -0.742980 -0.669309
0.000866 -0.951147 0.308737
-0.000048 -0.998638 0.052165
0.000882 -0.951109 0.308853
-0.000048 -0.998638 0.052165
0.000866 -0.951147 0.308737
-0.000049 -0.998640 0.052144
-0.003127 -0.544464 -0.838779
-0.003468 -0.309314 -0.950954
-0.003120 -0.544821 -0.838547
-0.003468 -0.309314 -0.950954
-0.003127 -0.544464 -0.838779
-0.003462 -0.309314 -0.950954
0.001759 -0.838216 0.545336
0.000882 -0.951109 0.308853
0.001750 -0.838098 0.545517
0.000882 -0.951109 0.308853
0.001759 -0.838216 0.545336
0.000866 -0.951147 0.308737
-0.003462 -0.309314 -0.950954
-0.003580 -0.052967 -0.998590
-0.003468 -0.309314 -0.950954
-0.003580 -0.052967 -0.998590
-0.003462 -0.309314 -0.950954
-0.003575 -0.052926 -0.998592
0.002504 -0.668831 0.743410
0.001750 -0.838098 0.545517
0.002496 -0.668831 0.743410
0.001750 -0.838098 0.545517
0.002504 -0.668831 0.743410
0.001759 -0.838216 0.545336
-0.003575 -0.052926 -0.998592
-0.003444 0.207244 -0.978283
-0.003580 -0.052967 -0.998590
-0.003444 0.207244 -0.978283
-0.003575 -0.052926 -0.998592
-0.003451 0.207244 -0.978283
0.003078 -0.453234 0.891386
0.002504 -0.668831 0.743410
0.002496 -0.668831 0.743410
0.002504 -0.668831 0.743410
0.003078 -0.453234 0.891386
0.003073 -0.453229 0.891389
-0.003451 0.207244 -0.978283
-0.003291 0.334018 -0.942561
-0.003444 0.207244 -0.978283
-0.003291 0.334018 -0.942561
-0.003451 0.207244 -0.978283
-0.003078 0.453417 -0.891293
-0.003078 0.453417 -0.891293
-0.003451 0.207244 -0.978283
-0.003083 0.453726 -0.891136
-0.003083 0.453726 -0.891136
-0.003451 0.207244 -0.978283
-0.003303 0.333428 -0.942770
0.003443 -0.207687 0.978189
0.003292 -0.334022 0.942560
0.003443 -0.207848 0.978155
0.003292 -0.334022 0.942560
0.003443 -0.207687 0.978189
0.003078 -0.453234 0.891386
0.003078 -0.453234 0.891386
0.003443 -0.207687 0.978189
0.003073 -0.453229 0.891389
0.003073 -0.453229 0.891389
0.003443 -0.207687 0.978189
0.003270 -0.334124 0.942523
-0.003083 0.453726 -0.891136
-0.002500 0.669006 -0.743253
-0.003078 0.453417 -0.891293
-0.002500 0.669006 -0.743253
-0.003083 0.453726 -0.891136
-0.002501 0.669435 -0.742867
0.003588 0.053057 0.998585
0.003443 -0.207848 0.978155
0.003582 0.053057 0.998585
0.003443 -0.207848 0.978155
0.003588 0.053057 0.998585
0.003443 -0.207687 0.978189
-0.002500 0.669006 -0.743253
-0.001749 0.838451 -0.544974
-0.001751 0.838220 -0.545329
-0.001749 0.838451 -0.544974
-0.002500 0.669006 -0.743253
-0.002501 0.669435 -0.742867
0.003480 0.309227 0.950982
0.003582 0.053057 0.998585
0.003469 0.309460 0.950906
0.003582 0.053057 0.998585
0.003480 0.309227 0.950982
0.003588 0.053057 0.998585
-0.001751 0.838220 -0.545329
-0.000900 0.951031 -0.309095
-0.000882 0.950994 -0.309209
-0.000900 0.951031 -0.309095
-0.001751 0.838220 -0.545329
-0.001749 0.838451 -0.544974
0.003128 0.544930 0.838476
0.003469 0.309460 0.950906
0.003126 0.545013 0.838421
0.003469 0.309460 0.950906
0.003128 0.544930 0.838476
0.003480 0.309227 0.950982
-0.000882 0.950994 -0.309209
0.000049 0.998592 -0.053050
0.000044 0.998591 -0.053071
0.000049 0.998592 -0.053050
-0.000882 0.950994 -0.309209
-0.000900 0.951031 -0.309095
0.002580 0.743096 0.669180
0.003126 0.545013 0.838421
0.002566 0.742920 0.669375
0.003126 0.545013 0.838421
0.002580 0.743096 0.669180
0.003128 0.544930 0.838476
0.000512 0.996884 0.078876
0.000977 0.978133 0.207980
0.000973 0.978116 0.208060
0.000977 0.978133 0.207980
0.000512 0.996884 0.078876
0.000512 0.996887 0.078845
0.000512 0.996887 0.078845
0.000512 0.996884 0.078876
0.000044 0.998591 -0.053071
0.000512 0.996887 0.078845
0.000044 0.998591 -0.053071
0.000049 0.998592 -0.053050
0.001829 0.890948 0.454101
0.002580 0.743096 0.669180
0.002566 0.742920 0.669375
0.002580 0.743096 0.669180
0.001829 0.890948 0.454101
0.001838 0.891029 0.453943
0.000973 0.978116 0.208060
0.001838 0.891029 0.453943
0.001829 0.890948 0.454101
0.001838 0.891029 0.453943
0.000973 0.978116 0.208060
0.000977 0.978133 0.207980
0.001817 0.890861 0.454272
0.000985 0.978112 0.208075
0.001829 0.890780 0.454431
0.000972 0.978095 0.208156
0.001829 0.890780 0.454431
0.000985 0.978112 0.208075
0.002547 0.742980 0.669309
0.001817 0.890861 0.454272
0.002564 0.743370 0.668876
0.001829 0.890780 0.454431
0.002564 0.743370 0.668876
0.001817 0.890861 0.454272
0.000985 0.978112 0.208075
0.000518 0.996942 0.078145
0.000972 0.978095 0.208156
0.000972 0.978095 0.208156
0.000518 0.996942 0.078145
0.000513 0.996940 0.078176
0.000518 0.996942 0.078145
0.000049 0.998640 -0.052144
0.000513 0.996940 0.078176
0.000046 0.998638 -0.052165
0.000513 0.996940 0.078176
0.000049 0.998640 -0.052144
0.002547 0.742980 0.669309
0.002564 0.743370 0.668876
0.003128 0.545096 0.838368
0.003125 0.545096 0.838368
0.003128 0.545096 0.838368
0.002564 0.743370 0.668876
0.000049 0.998640 -0.052144
-0.000890 0.950914 -0.309453
0.000046 0.998638 -0.052165
-0.000880 0.950876 -0.309569
0.000046 0.998638 -0.052165
-0.000890 0.950914 -0.309453
0.003486 0.309314 0.950954
0.003128 0.545096 0.838368
0.003470 0.309314 0.950954
0.003125 0.545096 0.838368
0.003470 0.309314 0.950954
0.003128 0.545096 0.838368
-0.000890 0.950914 -0.309453
-0.001759 0.839175 -0.543858
-0.000880 0.950876 -0.309569
-0.001751 0.839058 -0.544039
-0.000880 0.950876 -0.309569
-0.001759 0.839175 -0.543858
0.003576 0.052538 0.998613
0.003486 0.309314 0.950954
0.003582 0.052579 0.998610
0.003470 0.309314 0.950954
0.003582 0.052579 0.998610
0.003486 0.309314 0.950954
-0.001759 0.839175 -0.543858
-0.002503 0.669050 -0.743213
-0.001751 0.839058 -0.544039
-0.002498 0.668831 -0.743410
-0.001751 0.839058 -0.544039
-0.002503 0.669050 -0.743213
0.003451 -0.207616 0.978204
0.003576 0.052538 0.998613
0.003447 -0.207616 0.978204
0.003582 0.052579 0.998610
0.003447 -0.207616 0.978204
0.003576 0.052538 0.998613
-0.003099 0.453864 -0.891066
-0.003076 0.453864 -0.891066
-0.002503 0.669050 -0.743213
-0.002498 0.668831 -0.743410
-0.002503 0.669050 -0.743213
-0.003076 0.453864 -0.891066
0.003278 -0.333773 0.942648
0.003451 -0.207616 0.978204
0.003059 -0.454034 0.890979
0.003059 -0.454034 0.890979
0.003451 -0.207616 0.978204
0.003077 -0.453731 0.891133
0.003077 -0.453731 0.891133
0.003451 -0.207616 0.978204
0.003289 -0.334018 0.942561
0.003447 -0.207616 0.978204
0.003289 -0.334018 0.942561
0.003451 -0.207616 0.978204
-0.003296 0.333420 -0.942773
-0.003444 0.207308 -0.978270
-0.003099 0.453864 -0.891066
-0.003099 0.453864 -0.891066
-0.003444 0.207308 -0.978270
-0.003076 0.453864 -0.891066
-0.003076 0.453864 -0.891066
-0.003444 0.207308 -0.978270
-0.003288 0.333420 -0.942773
-0.003448 0.207468 -0.978236
-0.003288 0.333420 -0.942773
-0.003444 0.207308 -0.978270
0.002501 -0.668619 0.743601
0.003059 -0.454034 0.890979
0.002497 -0.668404 0.743794
0.003077 -0.453731 0.891133
0.002497 -0.668404 0.743794
0.003059 -0.454034 0.890979
-0.003444 0.207308 -0.978270
-0.003564 -0.052662 -0.998606
-0.003448 0.207468 -0.978236
-0.003577 -0.052662 -0.998606
-0.003448 0.207468 -0.978236
-0.003564 -0.052662 -0.998606
0.002501 -0.668619 0.743601
0.002497 -0.668404 0.743794
0.001749 -0.838922 0.544249
0.001751 -0.838691 0.544605
0.001749 -0.838922 0.544249
0.002497 -0.668404 0.743794
-0.003564 -0.052662 -0.998606
-0.003481 -0.308513 -0.951214
-0.003577 -0.052662 -0.998606
-0.003469 -0.309102 -0.951023
-0.003577 -0.052662 -0.998606
-0.003481 -0.308513 -0.951214
0.001749 -0.838922 0.544249
0.001751 -0.838691 0.544605
0.000876 -0.951031 0.309095
0.000882 -0.950994 0.309209
0.000876 -0.951031 0.309095
0.001751 -0.838691 0.544605
-0.003481 -0.308513 -0.951214
-0.003104 -0.544653 -0.838656
-0.003469 -0.309102 -0.951023
-0.003123 -0.544376 -0.838836
-0.003469 -0.309102 -0.951023
-0.003104 -0.544653 -0.838656
0.000876 -0.951031 0.309095
0.000882 -0.950994 0.309209
-0.000049 -0.998592 0.053050
-0.000046 -0.998591 0.053071
-0.000049 -0.998592 0.053050
0.000882 -0.950994 0.309209
-0.003104 -0.544653 -0.838656
-0.002555 -0.743839 -0.668354
-0.003123 -0.544376 -0.838836
-0.002565 -0.743663 -0.668550
-0.003123 -0.544376 -0.838836
-0.002555 -0.743839 -0.668354
-0.000049 -0.998592 0.053050
-0.000046 -0.998591 0.053071
-0.000512 -0.996948 -0.078070
-0.000046 -0.998591 0.053071
-0.000514 -0.996945 -0.078100
-0.000512 -0.996948 -0.078070
-0.000512 -0.996948 -0.078070
-0.000514 -0.996945 -0.078100
-0.000977 -0.978133 -0.207980
-0.000972 -0.978116 -0.208060
-0.000977 -0.978133 -0.207980
-0.000514 -0.996945 -0.078100
-0.001813 -0.891427 -0.453161
-0.001829 -0.891346 -0.453320
-0.002555 -0.743839 -0.668354
-0.002565 -0.743663 -0.668550
-0.002555 -0.743839 -0.668354
-0.001829 -0.891346 -0.453320
-0.000977 -0.978133 -0.207980
-0.000972 -0.978116 -0.208060
-0.001813 -0.891427 -0.453161
-0.001829 -0.891346 -0.453320
-0.001813 -0.891427 -0.453161
-0.000972 -0.978116 -0.208060
0.000529 -0.976687 0.214666
0.000073 -0.996347 0.085401
0.000538 -0.976667 0.214760
0.000073 -0.996347 0.085401
0.000529 -0.976687 0.214666
0.000083 -0.996315 0.085767
0.000073 -0.996347 0.085401
0.000083 -0.996315 0.085767
-0.000389 -0.998972 -0.045327
0.000073 -0.996347 0.085401
-0.000389 -0.998972 -0.045327
-0.000394 -0.998991 -0.044903
-0.000389 -0.998972 -0.045327
-0.001302 -0.953192 -0.302362
-0.000394 -0.998991 -0.044903
-0.001302 -0.953192 -0.302362
-0.000389 -0.998972 -0.045327
-0.001302 -0.953105 -0.302636
0.001422 -0.887450 0.460903
0.000538 -0.976667 0.214760
0.001435 -0.887537 0.460734
0.000538 -0.976667 0.214760
0.001422 -0.887450 0.460903
0.000529 -0.976687 0.214666
-0.001302 -0.953105 -0.302636
-0.002120 -0.842639 -0.538475
-0.001302 -0.953192 -0.302362
-0.002120 -0.842639 -0.538475
-0.001302 -0.953105 -0.302636
-0.002126 -0.842566 -0.538588
0.001422 -0.887450 0.460903
0.002235 -0.738116 0.674670
0.002233 -0.738097 0.674691
0.002235 -0.738116 0.674670
0.001422 -0.887450 0.460903
0.001435 -0.887537 0.460734
-0.002808 -0.674444 -0.738320
-0.002120 -0.842639 -0.538475
-0.002126 -0.842566 -0.538588
-0.002120 -0.842639 -0.538475
-0.002808 -0.674444 -0.738320
-0.002797 -0.674664 -0.738120
0.002876 -0.538722 0.842479
0.002235 -0.738116 0.674670
0.002882 -0.539128 0.842219
0.002235 -0.738116 0.674670
0.002876 -0.538722 0.842479
0.002233 -0.738097 0.674691
-0.002797 -0.674664 -0.738120
-0.003266 -0.460686 -0.887557
-0.003281 -0.460520 -0.887643
-0.003266 -0.460686 -0.887557
-0.002797 -0.674664 -0.738120
-0.002808 -0.674444 -0.738320
0.003349 -0.301856 0.953348
0.002882 -0.539128 0.842219
0.003337 -0.301579 0.953435
0.002882 -0.539128 0.842219
0.003349 -0.301856 0.953348
0.002876 -0.538722 0.842479
-0.003266 -0.460686 -0.887557
-0.003540 -0.214794 -0.976653
-0.003281 -0.460520 -0.887643
-0.003540 -0.214794 -0.976653
-0.003266 -0.460686 -0.887557
-0.003533 -0.214702 -0.976673
0.003538 -0.045023 0.998980
0.003477 -0.175542 0.984466
0.003558 -0.045063 0.998978
0.003477 -0.175542 0.984466
0.003538 -0.045023 0.998980
0.003337 -0.301579 0.953435
0.003337 -0.301579 0.953435
0.003538 -0.045023 0.998980
0.003349 -0.301856 0.953348
0.003349 -0.301856 0.953348
0.003538 -0.045023 0.998980
0.003488 -0.175465 0.984479
-0.003533 -0.214702 -0.976673
-0.003555 0.045050 -0.998978
-0.003540 -0.214794 -0.976653
-0.003555 0.045050 -0.998978
-0.003533 -0.214702 -0.976673
-0.003552 0.045031 -0.998979
0.003532 0.214903 0.976629
0.003558 -0.045063 0.998978
0.003538 0.214996 0.976608
0.003558 -0.045063 0.998978
0.003532 0.214903 0.976629
0.003538 -0.045023 0.998980
-0.003552 0.045031 -0.998979
-0.003473 0.175155 -0.984535
-0.003555 0.045050 -0.998978
-0.003473 0.175155 -0.984535
-0.003552 0.045031 -0.998979
-0.003331 0.302300 -0.953207
-0.003331 0.302300 -0.953207
-0.003552 0.045031 -0.998979
-0.003330 0.302174 -0.953247
-0.003330 0.302174 -0.953247
-0.003552 0.045031 -0.998979
-0.003466 0.175079 -0.984548
0.003274 0.460302 0.887756
0.003538 0.214996 0.976608
0.003281 0.460483 0.887662
0.003538 0.214996 0.976608
0.003274 0.460302 0.887756
0.003532 0.214903 0.976629
-0.003330 0.302174 -0.953247
-0.002882 0.538370 -0.842704
-0.003331 0.302300 -0.953207
-0.002882 0.538370 -0.842704
-0.003330 0.302174 -0.953247
-0.002863 0.537974 -0.842957
0.002794 0.674519 0.738253
0.003281 0.460483 0.887662
0.002795 0.674277 0.738473
0.003281 0.460483 0.887662
0.002794 0.674519 0.738253
0.003274 0.460302 0.887756
-0.002863 0.537974 -0.842957
-0.002237 0.738257 -0.674516
-0.002882 0.538370 -0.842704
-0.002237 0.738257 -0.674516
-0.002863 0.537974 -0.842957
-0.002237 0.738257 -0.674516
0.002122 0.842622 0.538501
0.002794 0.674519 0.738253
0.002795 0.674277 0.738473
0.002794 0.674519 0.738253
0.002122 0.842622 0.538501
0.002123 0.842750 0.538301
-0.002237 0.738257 -0.674516
-0.001420 0.887866 -0.460100
-0.001436 0.887773 -0.460278
-0.001420 0.887866 -0.460100
-0.002237 0.738257 -0.674516
-0.002237 0.738257 -0.674516
0.001304 0.953202 0.302331
0.002123 0.842750 0.538301
0.002122 0.842622 0.538501
0.002123 0.842750 0.538301
0.001304 0.953202 0.302331
0.001320 0.953242 0.302205
-0.001436 0.887773 -0.460278
-0.000547 0.976648 -0.214845
-0.000540 0.976628 -0.214937
-0.000547 0.976648 -0.214845
-0.001436 0.887773 -0.460278
-0.001420 0.887866 -0.460100
0.000396 0.998978 0.045209
0.001320 0.953242 0.302205
0.001304 0.953202 0.302331
0.001320 0.953242 0.302205
0.000396 0.998978 0.045209
0.000384 0.998979 0.045169
-0.000540 0.976628 -0.214937
0.000384 0.998979 0.045169
0.000396 0.998978 0.045209
0.000384 0.998979 0.045169
-0.000540 0.976628 -0.214937
-0.000547 0.976648 -0.214845
0.000394 0.998991 0.044903
0.000389 0.998972 0.045327
-0.000069 0.996347 -0.085401
0.000389 0.998972 0.045327
-0.000056 0.996315 -0.085767
-0.000069 0.996347 -0.085401
-0.000056 0.996315 -0.085767
-0.000529 0.976687 -0.214666
-0.000069 0.996347 -0.085401
-0.000540 0.976667 -0.214760
-0.000069 0.996347 -0.085401
-0.000529 0.976687 -0.214666
0.001302 0.953233 0.302234
0.000389 0.998972 0.045327
0.001305 0.953320 0.301959
0.000394 0.998991 0.044903
0.001305 0.953320 0.301959
0.000389 0.998972 0.045327
-0.000529 0.976687 -0.214666
-0.001450 0.887909 -0.460017
-0.000540 0.976667 -0.214760
-0.001435 0.887997 -0.459847
-0.000540 0.976667 -0.214760
-0.001450 0.887909 -0.460017
0.002126 0.842566 0.538588
0.001302 0.953233 0.302234
0.002123 0.842639 0.538475
0.001305 0.953320 0.301959
0.002123 0.842639 0.538475
0.001302 0.953233 0.302234
-0.001435 0.887997 -0.459847
-0.001450 0.887909 -0.460017
-0.002235 0.738542 -0.674204
-0.002233 0.738319 -0.674448
-0.002235 0.738542 -0.674204
-0.001450 0.887909 -0.460017
0.002795 0.674423 0.738339
0.002781 0.674444 0.738320
0.002123 0.842639 0.538475
0.002126 0.842566 0.538588
0.002123 0.842639 0.538475
0.002781 0.674444 0.738320
-0.002233 0.738319 -0.674448
-0.002876 0.537885 -0.843014
-0.002235 0.738542 -0.674204
-0.002884 0.538290 -0.842755
-0.002235 0.738542 -0.674204
-0.002876 0.537885 -0.843014
0.002781 0.674444 0.738320
0.002795 0.674423 0.738339
0.003294 0.460686 0.887557
0.003277 0.460520 0.887643
0.003294 0.460686 0.887557
0.002795 0.674423 0.738339
-0.002876 0.537885 -0.843014
-0.003321 0.302262 -0.953219
-0.002884 0.538290 -0.842755
-0.003332 0.301985 -0.953307
-0.002884 0.538290 -0.842755
-0.003321 0.302262 -0.953219
0.003560 0.214702 0.976673
0.003294 0.460686 0.887557
0.003538 0.214794 0.976653
0.003277 0.460520 0.887643
0.003538 0.214794 0.976653
0.003294 0.460686 0.887557
-0.003459 0.174523 -0.984647
-0.003566 0.045023 -0.998980
-0.003321 0.302262 -0.953219
-0.003321 0.302262 -0.953219
-0.003566 0.045023 -0.998980
-0.003332 0.301985 -0.953307
-0.003332 0.301985 -0.953307
-0.003566 0.045023 -0.998980
-0.003474 0.174676 -0.984620
-0.003560 0.045063 -0.998978
-0.003474 0.174676 -0.984620
-0.003566 0.045023 -0.998980
0.003579 -0.045031 0.998979
0.003560 0.214702 0.976673
0.003561 -0.045050 0.998978
0.003538 0.214794 0.976653
0.003561 -0.045050 0.998978
0.003560 0.214702 0.976673
-0.003566 0.045023 -0.998980
-0.003559 -0.214903 -0.976629
-0.003560 0.045063 -0.998978
-0.003540 -0.214996 -0.976608
-0.003560 0.045063 -0.998978
-0.003559 -0.214903 -0.976629
0.003467 -0.175578 0.984459
0.003579 -0.045031 0.998979
0.003329 -0.302571 0.953121
0.003329 -0.302571 0.953121
0.003579 -0.045031 0.998979
0.003333 -0.302697 0.953081
0.003333 -0.302697 0.953081
0.003579 -0.045031 0.998979
0.003479 -0.175653 0.984446
0.003561 -0.045050 0.998978
0.003479 -0.175653 0.984446
0.003579 -0.045031 0.998979
-0.003559 -0.214903 -0.976629
-0.003273 -0.459771 -0.888032
-0.003540 -0.214996 -0.976608
-0.003279 -0.459952 -0.887938
-0.003540 -0.214996 -0.976608
-0.003273 -0.459771 -0.888032
0.002890 -0.538791 0.842434
0.003329 -0.302571 0.953121
0.002883 -0.539188 0.842181
0.003333 -0.302697 0.953081
0.002883 -0.539188 0.842181
0.003329 -0.302571 0.953121
-0.003273 -0.459771 -0.888032
-0.002793 -0.674298 -0.738454
-0.003279 -0.459952 -0.887938
-0.002795 -0.674277 -0.738473
-0.003279 -0.459952 -0.887938
-0.002793 -0.674298 -0.738454
0.002237 -0.738673 0.674061
0.002890 -0.538791 0.842434
0.002235 -0.738673 0.674061
0.002883 -0.539188 0.842181
0.002235 -0.738673 0.674061
0.002890 -0.538791 0.842434
-0.002122 -0.842350 -0.538927
-0.002122 -0.842422 -0.538815
-0.002793 -0.674298 -0.738454
-0.002795 -0.674277 -0.738473
-0.002793 -0.674298 -0.738454
-0.002122 -0.842422 -0.538815
0.002237 -0.738673 0.674061
0.002235 -0.738673 0.674061
0.001447 -0.887687 0.460444
0.001436 -0.887773 0.460278
0.001447 -0.887687 0.460444
0.002235 -0.738673 0.674061
-0.001292 -0.953242 -0.302205
-0.001303 -0.953202 -0.302331
-0.002122 -0.842350 -0.538927
-0.002122 -0.842422 -0.538815
-0.002122 -0.842350 -0.538927
-0.001303 -0.953202 -0.302331
0.001447 -0.887687 0.460444
0.001436 -0.887773 0.460278
0.000547 -0.976556 0.215262
0.000539 -0.976515 0.215446
0.000547 -0.976556 0.215262
0.001436 -0.887773 0.460278
-0.000384 -0.998979 -0.045169
-0.000394 -0.998978 -0.045209
-0.001292 -0.953242 -0.302205
-0.001303 -0.953202 -0.302331
-0.001292 -0.953242 -0.302205
-0.000394 -0.998978 -0.045209
0.000547 -0.976556 0.215262
0.000539 -0.976515 0.215446
-0.000384 -0.998979 -0.045169
-0.000394 -0.998978 -0.045209
-0.000384 -0.998979 -0.045169
0.000539 -0.976515 0.215446
</float_array>
          <technique_common>
            <accessor source="#ID3006-Normal0-array" count="7722" stride="3">
              <param name="X" type="float"/>
              <param name="Y" type="float"/>
              <param name="Z" type="float"/>
            </accessor>
          </technique_common>
        </source>
        <source id="ID3006-UV0">
          <float_array id="ID3006-UV0-array" count="5504">
53.871571 0.138330
52.890949 0.040230
53.871571 0.040230
52.890949 0.138330
1.028164 0.138330
2.008781 0.138330
1.028164 0.040230
2.008781 0.040230
52.890949 0.138330
53.808788 0.221884
52.869820 0.221884
53.871571 0.138330
54.373520 2.342484
54.453129 2.322122
4.268683 0.138330
2.008781 0.138330
4.267872 0.220501
2.073365 0.220501
1.756432 1.085921
1.831734 1.127845
52.804771 0.138330
52.890949 0.040230
52.890949 0.138330
52.804771 0.040230
52.804771 0.051130
0.941978 0.051130
0.941978 0.138330
0.941978 0.040230
1.028164 0.040230
1.028164 0.138330
56.131470 0.040230
53.871571 0.138330
53.871571 0.040230
56.131470 0.138330
4.268683 0.138330
4.268683 0.040230
2.008781 0.138330
2.008781 0.040230
56.213650 0.078380
56.131470 0.040230
56.213650 0.040230
56.131470 0.138330
56.213650 0.138330
4.350859 0.138330
4.350859 0.078380
4.268683 0.138330
4.268683 0.040230
4.350859 0.040230
10.143170 0.138330
12.337680 0.078380
12.337680 0.138330
10.143170 0.078380
-3.232756 -1.474200
-3.174825 -1.489627
-3.797485 -3.594799
-3.739554 -3.610227
52.804771 0.138330
52.780651 0.051130
52.804771 0.051130
52.780651 0.062030
52.750340 0.062030
52.750340 0.070205
52.720020 0.070205
52.720020 0.078380
51.865799 0.138330
51.865799 0.078380
-4.736451 -3.654749
-4.651701 -3.594799
-3.797485 -3.654749
-3.797485 -3.594799
-4.651701 -3.586624
-4.682018 -3.586624
-4.682018 -3.578449
-4.712335 -3.578449
-4.712335 -3.567549
-4.736451 -3.567549
-0.509150 -2.323623
-0.352745 -1.681733
-0.461435 -2.323623
0.137837 0.040230
-2.510725 -1.595904
-2.361485 -1.557735
-2.590338 -1.616266
-2.008781 -3.800059
-3.031473 0.040230
-2.979269 -0.043325
-2.791932 -0.859264
-2.754157 -0.849129
-2.821360 -0.043325
-2.539020 -1.053979
-2.395854 -1.566454
-2.361616 -1.557268
-1.028164 -3.800059
-1.007030 -3.716504
-0.798978 -2.893940
-0.654727 -2.323623
-0.492372 -1.681733
-5.390736 -1.560028
-5.251109 -1.560028
-5.390736 -1.598178
-5.251109 -1.598178
-0.654727 -2.323623
-0.492372 -1.681733
-0.509150 -2.323623
-0.352745 -1.681733
0.390272 0.666269
0.509150 0.016381
0.352745 0.659405
1.387381 0.040230
1.387381 0.078380
1.919478 0.040230
1.921589 0.234505
1.919478 0.040230
1.391733 0.240945
1.389924 0.158789
1.387381 0.040230
1.387016 0.004783
1.386531 0.004783
1.351932 0.078380
1.351932 0.040230
1.351447 0.078380
1.351447 0.040230
-3.381996 -1.436030
-3.372543 -1.399070
-3.232756 -1.474200
-3.223303 -1.437239
0.735231 0.040230
0.735231 0.051130
1.583698 0.040230
1.583698 0.051130
0.492372 0.659405
0.654727 0.016381
0.455981 0.647953
-3.797485 -3.594799
-4.651701 -3.594799
-3.381996 -1.436030
-3.381866 -1.435563
-2.958926 0.078380
-4.859753 -2.772236
-5.305986 -1.007992
-5.390736 -1.007992
-5.390736 -1.560028
-5.806097 0.078380
-3.232756 -1.474200
-5.251109 -1.560028
-0.654727 -2.323623
-0.778636 -2.247209
-0.455387 -1.691087
-0.574232 -1.617796
-2.543113 1.297012
-2.363065 0.794851
-2.553490 0.731260
1.020579 -1.381535
0.996463 -1.381535
0.812433 -0.558972
0.788411 -0.558972
0.883728 -0.556298
0.891653 -0.554293
1.091780 -1.378861
1.099706 -1.376857
-2.543113 1.297012
-2.553490 0.731260
-2.726700 1.233426
0.812433 -0.558972
0.823000 -0.556298
1.020579 -1.381535
1.031146 -1.378861
1.091780 -1.378861
1.061463 -1.378861
0.883728 -0.556298
0.853317 -0.556298
-2.553490 0.731260
-2.590338 0.721376
-2.726700 1.233426
1.031146 -1.378861
0.823000 -0.556298
0.853317 -0.556298
0.861242 -0.554292
1.061463 -1.378861
1.069388 -1.376856
-0.357447 0.790503
-2.547309 0.219844
-0.357447 0.219844
-2.547309 0.790503
-0.500001 0.790503
0.690868 0.219844
0.959519 0.477703
0.690868 0.790503
2.787250 0.219844
1.661464 0.477703
1.661464 0.782703
0.959519 0.782703
2.787250 0.790503
2.588387 0.193996
1.462601 0.756855
2.588387 0.764655
0.760656 0.756855
0.760656 0.451855
0.492005 0.764655
1.462601 0.451855
0.492005 0.193996
-2.021874 0.790503
-0.138379 0.782703
0.074508 0.790503
-1.053655 0.782703
-1.053655 0.477703
-2.021874 0.219844
0.074508 0.219844
-0.138379 0.477703
-1.011255 0.451855
-0.095978 0.451855
-1.979474 0.193996
-0.095978 0.756855
0.116908 0.764655
0.116908 0.193996
-1.979474 0.764655
-1.011255 0.756855
1.994932 0.790503
1.852378 0.477703
1.994932 0.219844
1.852378 0.790503
0.909824 0.219844
1.052378 0.477703
0.909824 0.790503
1.052378 0.790503
0.755474 0.764655
0.755474 0.451855
0.612920 0.764655
1.555474 0.451855
1.698028 0.193996
0.612920 0.193996
1.555474 0.764655
1.698028 0.764655
-0.959519 0.782703
-0.653306 0.477703
-0.653306 0.790503
-0.732537 0.477703
-0.732537 0.417703
-0.959519 0.417703
-0.760656 0.391855
-0.760656 0.756855
-0.533674 0.391855
-0.533674 0.451855
-0.454443 0.451855
-0.454443 0.764655
1.052378 0.171274
1.873254 0.247706
1.031501 0.247706
1.852378 0.171274
1.555474 0.046224
0.755474 0.046224
1.576351 0.122655
0.734597 0.122655
0.138379 0.417703
-0.032838 0.477703
-0.032838 0.417703
-0.112070 0.790503
-0.112070 0.477703
0.138379 0.782703
0.095978 0.391855
-0.075238 0.451855
0.095978 0.756855
-0.154470 0.764655
-0.154470 0.451855
-0.075238 0.391855
-1.741789 0.782703
-1.810548 0.417703
-1.741789 0.417703
-1.810548 0.477703
-1.879306 0.477703
-1.879306 0.782703
-1.625844 0.756855
-1.488327 0.756855
-1.625844 0.451855
-1.557085 0.451855
-1.557085 0.391855
-1.488327 0.391855
-1.031501 0.477703
-1.873254 0.417703
-1.031501 0.417703
-1.873254 0.477703
-1.576351 0.451855
-0.734597 0.451855
-1.576351 0.391855
-0.734597 0.391855
-0.922801 0.782703
-0.991560 0.477703
-0.922801 0.477703
-1.060318 0.417703
-0.991560 0.417703
-1.060318 0.782703
-0.603440 0.756855
-0.672198 0.451855
-0.740957 0.756855
-0.740957 0.391855
-0.672198 0.391855
-0.603440 0.451855
2.065719 0.430432
2.184346 1.125689
1.999390 0.448549
2.250675 1.107572
1.953771 0.982521
1.768815 0.305382
1.887443 1.000639
1.702487 0.323499
-1.661464 0.477703
-0.959519 0.417703
-0.959519 0.477703
-1.661464 0.417703
-1.462601 0.391855
-1.462601 0.451855
-0.760656 0.391855
-0.760656 0.451855
1.053655 0.417703
0.138379 0.477703
0.138379 0.417703
1.053655 0.477703
1.011255 0.451855
1.011255 0.391855
0.095978 0.451855
0.095978 0.391855
0.853730 0.376638
0.678892 1.277687
0.612563 1.259570
0.920059 0.394755
0.623155 0.269704
0.556826 0.251587
0.381988 1.152637
0.315660 1.134520
1.879306 0.782703
1.810548 0.477703
1.879306 0.477703
1.741789 0.782703
1.741789 0.417703
1.810548 0.417703
1.488327 0.756855
1.557085 0.451855
1.488327 0.391855
1.557085 0.391855
1.625844 0.756855
1.625844 0.451855
1.060318 0.417703
0.991560 0.477703
0.991560 0.417703
1.060318 0.782703
0.922801 0.477703
0.922801 0.782703
0.603440 0.756855
0.740957 0.756855
0.603440 0.451855
0.672198 0.451855
0.740957 0.391855
0.672198 0.391855
2.550825 0.391855
1.462601 0.756855
1.462601 0.391855
2.550825 0.756855
2.749688 0.782703
2.749688 0.417703
1.661464 0.782703
1.661464 0.417703
-1.941912 0.764655
-1.011255 0.391855
-1.011255 0.756855
-1.941912 0.391855
-1.984312 0.417703
-1.984312 0.790503
-1.053655 0.417703
-1.053655 0.782703
-0.327175 0.790503
-2.577580 1.194963
-2.577580 0.790503
-0.327175 1.194963
-0.030272 1.169115
-0.030272 0.764655
-2.280677 1.169115
-2.280677 0.764655
-2.577580 2.216687
-0.555293 2.042521
-0.327175 2.216687
-2.349462 2.042521
-0.892178 0.148162
-1.025151 0.322328
-2.012578 0.148162
-1.879604 0.322328
-2.280677 2.091636
-2.052559 1.917470
-1.715674 0.023112
-1.582700 0.197278
-0.728248 0.197278
-0.595274 0.023112
-0.258389 1.917470
-0.030272 2.091636
0.092154 1.194963
-2.052146 0.790503
0.092154 0.790503
-2.052146 1.194963
-2.009745 1.169115
0.134554 1.169115
-2.009745 0.764655
0.134554 0.764655
2.817521 0.790503
0.673222 1.194963
0.673222 0.790503
2.817521 1.194963
2.618658 1.169115
2.618658 0.764655
0.474359 1.169115
0.474359 0.764655
2.012578 1.194963
0.892178 0.790503
2.012578 0.790503
0.892178 1.194963
0.595274 1.169115
1.715674 1.169115
0.595274 0.764655
1.715674 0.764655
-0.585718 2.235003
-2.319038 1.772763
-0.585718 1.772763
-2.319038 2.235003
-2.022134 2.209155
-0.288814 2.209155
-2.022134 1.746915
-0.288814 1.746915
0.585718 2.057023
0.705126 2.315488
0.648623 2.590267
2.319038 2.057023
2.199629 2.315488
2.256132 2.590267
0.441311 2.759287
2.463445 2.759287
2.022134 1.945867
1.959229 2.479112
2.166541 2.648132
0.351719 2.479112
0.288814 1.945867
0.144407 2.648132
1.902726 2.204333
0.408222 2.204333
-0.438255 2.235003
0.109799 1.194963
0.109799 1.772763
-0.438255 1.772763
-2.082417 1.194963
-0.986309 1.772763
-0.986309 2.235003
-1.534363 1.772763
-1.534363 2.235003
-2.082417 2.235003
-2.040017 2.209155
-1.491963 1.746915
-2.040017 1.169115
-1.491963 2.209155
-0.943909 1.746915
-0.943909 2.209155
-0.395855 1.746915
0.152200 1.169115
-0.395855 2.209155
0.152200 1.746915
0.730125 1.659011
0.821668 1.917476
0.759553 2.219549
2.174631 1.659011
2.083087 1.917476
2.145203 2.219549
0.585718 2.361275
2.319038 2.361275
1.877727 1.547855
1.848299 2.108393
2.022134 2.250120
0.462649 2.108393
0.433221 1.547855
0.288814 2.250120
1.786184 1.806320
0.524764 1.806320
2.847793 1.194963
1.203630 1.772763
0.655576 1.194963
1.751684 1.772763
2.299739 1.772763
2.847793 2.235003
2.299739 2.235003
1.751684 2.235003
1.203630 2.235003
0.655576 1.772763
1.004768 1.746915
0.456713 1.169115
1.004768 2.209155
0.456713 1.746915
1.552822 1.746915
1.552822 2.209155
2.100876 1.746915
2.100876 2.209155
2.648930 2.209155
2.648930 1.169115
-0.441311 2.235003
-2.463445 1.772763
-0.441311 1.772763
-2.463445 2.235003
-2.166541 2.209155
-0.144407 2.209155
-2.166541 1.746915
-0.144407 1.746915
2.030224 1.772763
0.874532 1.194963
2.030224 1.194963
0.874532 1.772763
0.577628 1.746915
1.733320 1.746915
0.577628 1.169115
1.733320 1.169115
0.874532 1.260998
0.933317 1.602600
0.885142 1.836879
0.994367 1.333250
2.030224 1.260998
1.909367 1.333250
1.909367 1.373250
1.971439 1.602600
2.019613 1.836879
0.730125 1.963263
2.174631 1.963263
0.994367 1.373250
1.612463 1.262094
0.697463 1.262094
1.674535 1.491444
0.697463 1.222094
0.636413 1.491444
1.733320 1.149843
1.722710 1.725723
1.877727 1.852107
0.588238 1.725723
0.577628 1.149843
0.433221 1.852107
1.612463 1.222094
-0.730125 2.235003
-2.174631 1.772763
-0.730125 1.772763
-2.174631 2.235003
-1.877727 2.209155
-0.433221 2.209155
-1.877727 1.746915
-0.433221 1.746915
0.441311 2.455035
0.561918 2.713500
0.505656 2.987105
2.463445 2.455035
2.342838 2.713500
2.399099 2.987105
0.296904 3.157300
2.607852 3.157300
2.166541 2.343879
2.102195 2.875950
2.310948 3.046144
0.208753 2.875950
0.144407 2.343879
0.000000 3.046144
2.045934 2.602345
0.265014 2.602345
-0.296904 1.194963
-2.607852 2.235003
-2.607852 1.194963
-0.296904 2.235003
-0.000000 2.209155
-0.000000 1.169115
-2.310948 2.209155
-2.310948 1.169115
-2.607852 2.239799
-0.327175 2.216687
-0.296904 2.239799
-2.577580 2.216687
-0.874532 0.125051
-0.892178 0.148162
-2.030224 0.125051
-2.012578 0.148162
-2.310948 2.114748
-2.280677 2.091636
-1.733320 0.000000
-1.715674 0.023112
-0.595274 0.023112
-0.577628 0.000000
-0.030272 2.091636
-0.000000 2.114748
1.702487 0.323499
1.636158 0.341616
1.821114 1.018756
2.107851 2.068524
1.576351 0.122655
0.734597 0.122655
0.689483 0.287822
0.623155 0.269704
0.448317 1.170754
0.203097 2.068524
1.887443 1.000639
0.381988 1.152637
-0.525000 0.220000
-0.105000 -0.085000
-0.105000 0.220000
-0.525000 -0.085000
0.525000 0.372800
0.105000 0.000000
0.525000 0.000000
0.105000 0.372800
-0.220000 0.372800
0.085000 0.000000
0.085000 0.372800
-0.220000 0.000000
-0.105000 0.372800
-0.525000 0.000000
-0.105000 0.000000
-0.525000 0.372800
0.220000 0.000000
-0.085000 0.372800
-0.085000 0.000000
0.220000 0.372800
0.525000 -0.085000
0.105000 0.220000
0.105000 -0.085000
0.525000 0.220000
32.685490 0.138330
30.886471 0.220492
30.865690 0.138330
32.706268 0.220492
-0.629315 -2.958290
-0.703873 -2.917995
-0.183082 -1.194046
-0.257640 -1.153752
30.865690 0.138330
32.685490 0.051130
32.685490 0.138330
32.685490 0.040230
32.097221 0.040230
31.435110 0.078380
30.865690 0.078380
-0.315760 -1.139052
-0.257640 -1.153752
-0.455387 -1.691087
-0.654727 -2.323623
-0.798978 -2.893940
-0.788411 -2.896613
-0.703873 -2.917995
52.746521 0.078380
52.716110 0.070205
52.746521 0.070205
52.685791 0.062030
52.661770 0.051130
52.685791 0.051130
52.661770 0.138330
52.716110 0.062030
52.746521 0.138330
0.883728 -0.488173
0.883728 -0.548123
0.798978 -0.488173
0.853317 -0.556298
0.853317 -0.564473
0.823000 -0.564473
0.798978 -0.575373
0.823000 -0.575373
0.883728 -0.556298
54.566319 0.078380
52.746521 0.138330
52.746521 0.078380
54.566319 0.138330
-5.364106 -1.022693
-5.305986 -1.007992
-4.917873 -2.786936
-4.859753 -2.772236
54.651070 0.078380
54.566319 0.138330
54.566319 0.078380
54.651070 0.138330
-0.352745 0.138330
-0.352745 0.078380
-0.437495 0.138330
-0.437495 0.078380
17.243120 0.138330
14.073810 0.040230
17.243120 0.040230
14.073810 0.138330
-3.031473 0.138330
0.137837 0.138330
-3.031473 0.040230
0.137837 0.040230
17.243120 0.138330
19.681761 0.040230
19.681761 0.138330
17.243120 0.040230
0.137837 0.040230
0.232928 0.016122
-0.461435 -2.323623
-0.366344 -2.347731
12.357670 0.339083
13.929530 0.355430
12.357740 0.374532
13.939000 0.319865
13.142970 0.138330
13.979640 0.167274
13.143040 0.177441
14.073810 0.138330
13.196850 3.106713
13.258230 3.200902
11.128210 2.013505
11.720510 2.283717
11.140480 1.967397
-0.509150 2.502183
-0.461435 2.502183
-0.352745 1.860292
0.062616 0.221884
0.137837 0.138330
-2.979269 0.221884
-2.821360 0.221884
-3.031473 0.138330
-2.784555 0.221884
-2.791932 1.037823
-2.754157 1.027688
-2.395854 1.745013
-2.361616 1.735827
14.073810 0.040230
13.142970 0.138330
13.142970 0.040230
14.073810 0.138330
-3.126269 0.014985
-3.031473 0.040230
-2.886728 -0.884509
-2.791932 -0.859264
52.371941 0.138330
52.324230 0.040230
52.371941 0.040230
52.324230 0.138330
0.461435 0.138330
0.509150 0.138330
0.461435 0.040230
0.509150 0.040230
54.647350 0.078380
51.800171 0.138330
51.800171 0.078380
54.647350 0.138330
-2.958926 0.138330
-2.958926 0.078380
-5.806097 0.138330
-5.806097 0.078380
54.647350 0.138330
56.219261 0.078380
56.219261 0.138330
54.647350 0.078380
-2.958926 0.078380
-2.958926 0.138330
-1.387016 0.078380
-1.387016 0.138330
53.004608 0.137320
53.042389 0.173160
53.004238 0.172767
53.042759 0.137713
53.102699 0.138330
53.102341 0.173777
1.351932 0.138330
1.387381 0.138330
1.351932 0.078380
1.387381 0.078380
1.387381 0.040230
1.351932 0.040230
53.634800 0.040230
53.102699 0.138330
53.102699 0.078380
54.684151 0.138330
54.684151 0.040230
2.968828 0.040230
1.919478 0.040230
2.968828 0.138330
1.387381 0.138330
1.387381 0.078380
54.842060 0.138330
54.684151 0.040230
54.842060 0.040230
54.684151 0.138330
-2.821360 -0.141425
-2.979269 -0.141425
-2.821360 -0.043325
-2.979269 -0.043325
54.842060 0.138330
55.678719 0.040230
55.678719 0.138330
54.842060 0.040230
-2.979269 -0.043325
-2.884787 -0.016930
-2.754157 -0.849129
-2.659675 -0.822734
55.717831 0.138330
55.678719 0.040230
55.717831 0.040230
55.678719 0.138330
-2.728736 -0.943878
-2.766511 -0.954013
-2.754157 -0.849129
-2.791932 -0.859264
53.032612 0.078380
52.371941 0.138330
52.371941 0.040230
53.032612 0.138330
1.169821 0.138330
1.169821 0.078380
0.509150 0.138330
0.509150 0.040230
51.800171 0.078380
50.109940 0.138330
50.109940 0.078380
51.800171 0.138330
-5.864209 0.063648
-5.806097 0.078380
-5.448848 -1.574760
-5.390736 -1.560028
-1.582700 0.197278
-2.052559 1.917470
-0.977697 0.438545
-0.992013 0.431599
-0.995715 0.411599
-0.988356 0.380957
-0.970823 0.343370
-0.945232 0.303370
-0.914669 0.265782
-0.882820 0.235140
-0.853527 0.215140
-0.830323 0.208194
-0.816007 0.215140
-0.812305 0.235140
-0.819664 0.265782
-0.837197 0.303369
-0.862788 0.343370
-0.893351 0.380957
-0.925200 0.411599
-0.954493 0.431599
-0.728248 0.197278
-0.258389 1.917470
-0.728248 0.197278
-2.052559 1.917470
-1.582700 0.197278
-1.582700 0.197278
-1.582700 0.197278
-1.582700 0.197278
-1.582700 0.197278
-1.582700 0.197278
-1.582700 0.197278
-1.582700 0.197278
-1.582700 0.197278
-1.582700 0.197278
-1.582700 0.197278
-1.582700 0.197278
-1.582700 0.197278
-1.582700 0.197278
-1.582700 0.197278
-1.582700 0.197278
-1.582700 0.197278
-1.582700 0.197278
-1.582700 0.197278
-1.582700 0.197278
-1.582700 0.197278
-1.582700 0.197278
177.197205 162.875900
48.261410 3.639685
4.767170 162.875900
133.703003 3.639685
133.703003 3.639685
177.197205 162.875900
48.261410 3.639685
4.767170 162.875900
41.972988 49.737370
42.860371 49.814930
41.972988 49.737370
42.860371 49.814930
42.860371 49.814930
41.972988 49.737370
42.860371 49.814930
41.972988 49.737370
43.737591 49.660179
43.737591 49.660179
43.737591 49.660179
43.737591 49.660179
41.135921 49.432781
41.816830 49.680538
41.135921 49.432781
41.816830 49.680538
41.816830 49.680538
41.135921 49.432781
41.816830 49.680538
41.135921 49.432781
44.544861 49.283661
44.544861 49.283661
44.544861 49.283661
44.544861 49.283661
40.406212 48.921921
40.406212 48.921921
40.406212 48.921921
40.406212 48.921921
45.227180 48.711029
45.227180 48.711029
45.227180 48.711029
45.227180 48.711029
39.833580 48.239601
39.833580 48.239601
39.833580 48.239601
39.833580 48.239601
45.738041 47.981312
45.738041 47.981312
45.738041 47.981312
45.738041 47.981312
39.457062 47.432320
39.457062 47.432320
39.457062 47.432320
39.457062 47.432320
46.042629 47.144241
46.042629 47.144241
46.042629 47.144241
46.042629 47.144241
39.302299 46.555111
39.302299 46.555111
39.302299 46.555111
39.302299 46.555111
46.107159 46.405979
46.120190 46.256859
46.120190 46.256859
46.107159 46.405979
46.107159 46.405979
46.107159 46.405979
46.120190 46.256859
46.120190 46.256859
39.379860 45.667728
39.379860 45.667728
39.379860 45.667728
39.379860 45.667728
45.965439 45.379639
45.965439 45.379639
45.965439 45.379639
45.965439 45.379639
39.684448 44.830662
39.684448 44.830662
39.684448 44.830662
39.684448 44.830662
45.588921 44.572369
45.588921 44.572369
45.588921 44.572369
45.588921 44.572369
40.195309 44.100941
40.195309 44.100941
40.195309 44.100941
40.195309 44.100941
45.016289 43.890049
45.016289 43.890049
45.016289 43.890049
45.016289 43.890049
40.877628 43.528309
40.877628 43.528309
40.877628 43.528309
40.877628 43.528309
44.286579 43.379189
44.286579 43.379189
44.286579 43.379189
44.286579 43.379189
41.684910 43.151791
41.684910 43.151791
41.684910 43.151791
41.684910 43.151791
43.605671 43.131432
43.449509 43.074600
43.449509 43.074600
43.605671 43.131432
43.605671 43.131432
43.449509 43.074600
43.449509 43.074600
43.605671 43.131432
42.562130 42.997040
42.562130 42.997040
42.562130 42.997040
42.562130 42.997040
56.178070 9.554173
56.187931 9.458725
56.187931 9.458725
56.178070 9.554173
56.096409 10.344780
56.096409 10.344780
56.096409 10.344780
56.096409 10.344780
56.178070 9.554173
56.178070 9.554173
56.187931 9.458725
56.187931 9.458725
55.778679 11.176950
55.778679 11.176950
55.778679 11.176950
55.778679 11.176950
56.047001 8.579180
56.047001 8.579180
56.047001 8.579180
56.047001 8.579180
55.256401 11.898530
55.256401 11.898530
55.256401 11.898530
55.256401 11.898530
55.683231 7.766078
55.683231 7.766078
55.683231 7.766078
55.683231 7.766078
54.565151 12.460350
54.565151 12.460350
54.565151 12.460350
54.565151 12.460350
55.121410 7.074833
55.121410 7.074833
55.121410 7.074833
55.121410 7.074833
53.752048 12.824120
53.752048 12.824120
53.752048 12.824120
53.752048 12.824120
54.399830 6.552550
54.399830 6.552550
54.399830 6.552550
54.399830 6.552550
52.872501 12.965040
52.872501 12.965040
52.872501 12.965040
52.872501 12.965040
53.567661 6.234823
53.567661 6.234823
53.567661 6.234823
53.567661 6.234823
51.986450 12.873520
51.986450 12.873520
51.986450 12.873520
51.986450 12.873520
52.681610 6.143304
52.681610 6.143304
52.681610 6.143304
52.681610 6.143304
51.154282 12.555800
51.881359 12.833400
51.154282 12.555800
51.881359 12.833400
51.881359 12.833400
51.154282 12.555800
51.881359 12.833400
51.154282 12.555800
51.802059 6.284230
51.802059 6.284230
51.802059 6.284230
51.802059 6.284230
50.432701 12.033510
50.432701 12.033510
50.432701 12.033510
50.432701 12.033510
50.988960 6.647997
50.988960 6.647997
50.988960 6.647997
50.988960 6.647997
49.870880 11.342270
49.870880 11.342270
49.870880 11.342270
49.870880 11.342270
50.297722 7.209816
50.297722 7.209816
50.297722 7.209816
50.297722 7.209816
49.507111 10.529170
49.507111 10.529170
49.507111 10.529170
49.507111 10.529170
49.775429 7.931399
49.775429 7.931399
49.775429 7.931399
49.775429 7.931399
49.366192 9.649621
49.366192 9.649621
49.366192 9.649621
49.366192 9.649621
49.457710 8.763571
49.457710 8.763571
49.457710 8.763571
49.457710 8.763571
90.982208 12.966380
91.865349 12.850110
90.982208 12.966380
91.865349 12.850110
91.865349 12.850110
90.982208 12.966380
91.865349 12.850110
90.982208 12.966380
92.688309 12.509230
92.688309 12.509230
92.688309 12.509230
92.688309 12.509230
90.099068 12.850110
90.099068 12.850110
90.099068 12.850110
90.099068 12.850110
93.394997 11.966970
93.394997 11.966970
93.394997 11.966970
93.394997 11.966970
89.276108 12.509230
89.276108 12.509230
89.276108 12.509230
89.276108 12.509230
93.937271 11.260280
93.937271 11.260280
93.937271 11.260280
93.937271 11.260280
88.569420 11.966970
88.569420 11.966970
88.569420 11.966970
88.569420 11.966970
94.278152 10.437320
94.278152 10.437320
94.278152 10.437320
94.278152 10.437320
88.027153 11.260280
88.027153 11.260280
88.027153 11.260280
88.027153 11.260280
94.394409 9.554173
94.394409 9.554173
94.394409 9.554173
94.394409 9.554173
87.686272 10.437320
87.686272 10.437320
87.686272 10.437320
87.686272 10.437320
94.278152 8.671030
94.278152 8.671030
94.278152 8.671030
94.278152 8.671030
87.570000 9.554173
87.570000 9.554173
87.570000 9.554173
87.570000 9.554173
93.937271 7.848071
93.937271 7.848071
93.937271 7.848071
93.937271 7.848071
87.686272 8.671030
87.686272 8.671030
87.686272 8.671030
87.686272 8.671030
93.394997 7.141380
93.394997 7.141380
93.394997 7.141380
93.394997 7.141380
88.027153 7.848071
88.027153 7.848071
88.027153 7.848071
88.027153 7.848071
92.688309 6.599117
92.688309 6.599117
92.688309 6.599117
92.688309 6.599117
88.569420 7.141380
88.569420 7.141380
88.569420 7.141380
88.569420 7.141380
91.865349 6.258237
91.865349 6.258237
91.865349 6.258237
91.865349 6.258237
89.276108 6.599117
89.276108 6.599117
89.276108 6.599117
89.276108 6.599117
90.982208 6.141969
90.982208 6.141969
90.982208 6.141969
90.982208 6.141969
90.099068 6.258237
90.099068 6.258237
90.099068 6.258237
90.099068 6.258237
130.893494 6.599117
130.070496 6.258237
130.893494 6.599117
130.070496 6.258237
130.070496 6.258237
130.893494 6.599117
130.070496 6.258237
130.893494 6.599117
129.187393 6.141969
129.187393 6.141969
129.187393 6.141969
129.187393 6.141969
131.600204 7.141380
131.600204 7.141380
131.600204 7.141380
131.600204 7.141380
128.304199 6.258237
128.304199 6.258237
128.304199 6.258237
128.304199 6.258237
132.142395 7.848071
132.142395 7.848071
132.142395 7.848071
132.142395 7.848071
127.481300 6.599117
127.481300 6.599117
127.481300 6.599117
127.481300 6.599117
132.483307 8.671030
132.483307 8.671030
132.483307 8.671030
132.483307 8.671030
126.774597 7.141380
126.774597 7.141380
126.774597 7.141380
126.774597 7.141380
132.599594 9.554173
132.599594 9.554173
132.599594 9.554173
132.599594 9.554173
126.232300 7.848071
126.232300 7.848071
126.232300 7.848071
126.232300 7.848071
132.483307 10.437320
132.483307 10.437320
132.483307 10.437320
132.483307 10.437320
125.891403 8.671030
125.891403 8.671030
125.891403 8.671030
125.891403 8.671030
132.142395 11.260280
132.142395 11.260280
132.142395 11.260280
132.142395 11.260280
125.775200 9.554173
125.775200 9.554173
125.775200 9.554173
125.775200 9.554173
131.600204 11.966970
131.600204 11.966970
131.600204 11.966970
131.600204 11.966970
125.891403 10.437320
125.891403 10.437320
125.891403 10.437320
125.891403 10.437320
130.893494 12.509230
130.893494 12.509230
130.893494 12.509230
130.893494 12.509230
126.232300 11.260280
126.232300 11.260280
126.232300 11.260280
126.232300 11.260280
130.070496 12.850110
130.085907 12.843740
130.070496 12.850110
130.085907 12.843740
130.085907 12.843740
130.070496 12.850110
130.085907 12.843740
130.070496 12.850110
126.774597 11.966970
126.774597 11.966970
126.774597 11.966970
126.774597 11.966970
129.187393 12.966380
129.187393 12.966380
129.187393 12.966380
129.187393 12.966380
127.481300 12.509230
127.481300 12.509230
127.481300 12.509230
127.481300 12.509230
128.304199 12.850110
128.304199 12.850110
128.304199 12.850110
128.304199 12.850110
-0.525000 0.075000
-0.105000 0.045000
-0.105000 0.075000
-0.525000 0.045000
0.525000 0.372800
0.105000 0.000000
0.525000 0.000000
0.105000 0.372800
-0.075000 0.372800
-0.045000 0.000000
-0.045000 0.372800
-0.075000 0.000000
-0.105000 0.372800
-0.525000 0.000000
-0.105000 0.000000
-0.525000 0.372800
0.075000 0.000000
0.045000 0.372800
0.045000 0.000000
0.075000 0.372800
0.525000 0.045000
0.105000 0.075000
0.105000 0.045000
0.525000 0.075000
1.909367 1.333250
0.994367 1.373250
0.994367 1.333250
1.909367 1.373250
1.612463 1.262094
1.612463 1.222094
0.697463 1.262094
0.697463 1.222094
1.909367 1.252282
0.994367 1.167282
1.909367 1.167282
0.994367 1.252282
0.697463 1.315133
1.612463 1.315133
0.697463 1.230133
1.612463 1.230133
0.235392 1.756329
0.209557 1.846648
0.179443 1.820320
0.265505 1.782658
0.140454 1.756810
0.110341 1.730481
0.084506 1.820800
0.054393 1.794472
-0.994367 1.252282
-1.909367 1.167282
-0.994367 1.167282
-1.909367 1.252282
-1.612463 1.315133
-0.697463 1.315133
-1.612463 1.230133
-0.697463 1.230133
-0.209557 1.846648
-0.235392 1.756329
-0.179443 1.820320
-0.265505 1.782658
-0.140454 1.756810
-0.084506 1.820800
-0.110341 1.730481
-0.054393 1.794472
0.944395 1.616188
2.002947 1.823290
0.901809 1.823290
1.960360 1.616188
1.663456 1.505032
0.647492 1.505032
1.706043 1.712135
0.604905 1.712135
1.706043 1.712135
0.604905 1.712135
1.722710 1.725723
0.588238 1.725723
1.674535 1.491444
1.663456 1.505032
0.647492 1.505032
0.636413 1.491444
-0.338447 2.021341
-0.335195 2.025138
-0.156781 1.865762
-0.153528 1.869559
0.636413 1.320133
1.674535 1.320133
0.636413 1.315133
1.674535 1.315133
0.691983 2.324108
0.510316 2.168529
0.688730 2.327906
0.507064 2.172327
-1.722710 1.320133
-0.588238 1.320133
-1.722710 1.315133
-0.588238 1.315133
-0.647492 1.320133
-0.647492 1.310133
-1.663456 1.320133
-1.663456 1.310133
0.329041 2.006702
0.168448 1.869170
0.322536 2.014297
0.161943 1.876766
-0.682576 2.309469
-0.676072 2.317064
-0.521983 2.171938
-0.515478 2.179533
0.604905 1.320133
1.706043 1.320133
0.604905 1.310133
1.706043 1.310133
-0.545000 1.390066
0.510284 1.372245
0.510284 1.390066
-0.525000 1.372245
-0.525000 0.075000
-0.105000 0.045000
-0.105000 0.075000
-0.545000 0.045000
0.545000 0.372800
0.105000 0.186400
0.545000 0.186400
0.105000 0.372800
-0.075000 0.372800
-0.045000 0.186400
-0.045000 0.372800
-0.075000 0.186400
-0.105000 0.372800
-0.525000 0.186400
-0.105000 0.186400
-0.525000 0.372800
-1.372245 0.372800
-0.075000 0.186400
-1.372245 0.186400
0.525000 0.372800
-0.510284 0.186400
0.525000 0.186400
-0.510284 0.372800
-1.390066 0.372800
-1.390066 0.186400
0.510284 0.186400
-0.545000 0.372800
-0.545000 0.186400
0.510284 0.372800
1.390066 0.186400
0.045000 0.372800
0.045000 0.186400
1.390066 0.372800
0.545000 0.045000
0.105000 0.075000
0.105000 0.045000
0.525000 0.075000
0.525000 1.372245
-0.510284 1.390066
-0.510284 1.372245
0.545000 1.390066
-0.525000 0.075000
-0.105000 0.060000
-0.105000 0.075000
-0.525000 0.060000
0.525000 0.372800
0.105000 0.186400
0.525000 0.186400
0.105000 0.372800
-0.075000 0.372800
-0.060000 0.186400
-0.060000 0.372800
-0.075000 0.186400
-0.105000 0.372800
-0.525000 0.186400
-0.105000 0.186400
-0.525000 0.372800
0.075000 0.186400
0.060000 0.372800
0.060000 0.186400
0.075000 0.372800
0.525000 0.060000
0.105000 0.075000
0.105000 0.060000
0.525000 0.075000
-0.671171 1.198281
-0.668530 1.182425
-0.668441 1.187302
-0.668646 1.175991
-0.671771 1.165119
-0.676649 1.208179
-0.677604 1.155426
-0.684502 1.216321
-0.685747 1.147573
-0.694195 1.222154
-0.695645 1.142095
-0.700179 1.223874
-0.706623 1.139365
-0.705068 1.225279
-0.716379 1.225484
-0.717934 1.139570
-0.727357 1.222754
-0.722822 1.140975
-0.728806 1.142695
-0.737255 1.217276
-0.738499 1.148528
-0.745398 1.209423
-0.746353 1.156670
-0.751230 1.199730
-0.751831 1.166568
-0.754356 1.188858
-0.754560 1.177547
-0.754472 1.182425
-0.457568 1.057374
-0.457452 1.063807
-0.457657 1.052496
-0.454927 1.041518
-0.454327 1.074680
-0.449449 1.031620
-0.448494 1.084373
-0.441596 1.023477
-0.440351 1.092226
-0.431903 1.017644
-0.430453 1.097704
-0.425919 1.015924
-0.421030 1.014519
-0.419475 1.100434
-0.409719 1.014314
-0.408164 1.100229
-0.403275 1.098824
-0.398741 1.017044
-0.397292 1.097104
-0.388843 1.022522
-0.387598 1.091271
-0.380700 1.030375
-0.379745 1.083128
-0.374867 1.040068
-0.374267 1.073230
-0.371742 1.050941
-0.371626 1.057374
-0.371538 1.062252
30.617559 80.513557
29.976400 81.131920
30.617559 80.513557
29.976400 81.131920
29.976400 81.131920
30.617559 80.513557
29.976400 81.131920
30.617559 80.513557
29.517120 81.895149
29.517120 81.895149
29.517120 81.895149
29.517120 81.895149
31.396919 80.082207
31.396919 80.082207
31.396919 80.082207
31.396919 80.082207
29.271040 82.751251
29.271040 82.751251
29.271040 82.751251
29.271040 82.751251
32.261360 79.867279
32.261360 79.867279
32.261360 79.867279
32.261360 79.867279
29.261869 83.257797
29.261869 83.257797
29.254919 83.641869
29.254919 83.641869
29.254919 83.641869
29.254919 83.641869
29.261869 83.257797
29.261869 83.257797
33.151981 79.883400
33.151981 79.883400
33.151981 79.883400
33.151981 79.883400
29.469851 84.506310
29.469851 84.506310
29.469851 84.506310
29.469851 84.506310
34.008080 80.129478
33.536911 79.994041
34.008080 80.129478
33.536911 79.994041
33.536911 79.994041
34.008080 80.129478
33.536911 79.994041
34.008080 80.129478
29.901199 85.285667
29.901199 85.285667
29.901199 85.285667
29.901199 85.285667
34.771320 80.588753
34.771320 80.588753
34.771320 80.588753
34.771320 80.588753
30.519560 85.926842
30.519560 85.926842
30.519560 85.926842
30.519560 85.926842
35.389679 81.229919
35.389679 81.229919
35.389679 81.229919
35.389679 81.229919
31.282801 86.386108
31.282801 86.386108
31.282801 86.386108
31.282801 86.386108
35.821018 82.009277
35.821018 82.009277
35.821018 82.009277
35.821018 82.009277
31.753969 86.521553
32.138901 86.632187
32.138901 86.632187
31.753969 86.521553
31.753969 86.521553
32.138901 86.632187
32.138901 86.632187
31.753969 86.521553
36.035961 82.873718
36.035961 82.873718
36.035961 82.873718
36.035961 82.873718
33.029510 86.648323
33.029510 86.648323
33.029510 86.648323
33.029510 86.648323
36.029011 83.257797
36.029011 83.257797
36.019840 83.764343
36.019840 83.764343
36.019840 83.764343
36.019840 83.764343
36.029011 83.257797
36.029011 83.257797
33.893959 86.433380
33.893959 86.433380
33.893959 86.433380
33.893959 86.433380
35.773750 84.620438
35.773750 84.620438
35.773750 84.620438
35.773750 84.620438
34.673321 86.002029
34.673321 86.002029
34.673321 86.002029
34.673321 86.002029
35.314480 85.383667
35.314480 85.383667
35.314480 85.383667
35.314480 85.383667
1.835266 2.097768
0.475682 2.097768
1.848299 2.108393
0.462649 2.108393
1.786184 1.806320
1.777521 1.816946
0.533427 1.816946
0.524764 1.806320
-0.868710 2.017297
-0.862205 2.024892
-0.634474 1.816698
-0.627970 1.824293
1.786184 0.977144
1.786184 0.967144
0.524764 0.977144
0.524764 0.967144
1.222246 2.320064
0.988010 2.119465
1.215741 2.327660
0.981505 2.127061
-0.462649 0.977144
-0.462649 0.967144
-1.848299 0.977144
-1.848299 0.967144
0.830331 1.928101
2.132170 2.208924
0.772585 2.208924
2.074425 1.928101
1.777521 1.816946
0.533427 1.816946
1.835266 2.097768
0.475682 2.097768
0.475682 0.977144
1.835266 0.977144
0.475682 0.962144
1.835266 0.962144
-1.215599 2.307789
-1.205842 2.319182
-0.997842 2.121302
-0.988085 2.132696
0.862064 2.005022
0.644306 1.818535
0.852307 2.016415
0.634549 1.829928
-1.777521 0.977144
-0.533427 0.977144
-1.777521 0.962144
-0.533427 0.962144
1.382911 1.992915
1.183457 1.822103
1.373154 2.004308
1.173700 1.833496
0.362489 0.629155
1.948459 0.629155
0.362489 0.614155
1.948459 0.614155
-1.895567 0.629155
-0.415381 0.629155
-1.895567 0.614155
-0.415381 0.614155
-1.736446 2.295682
-1.726689 2.307075
-1.536992 2.124870
-1.527235 2.136263
0.712285 2.324269
2.245363 2.581487
0.659393 2.581487
2.192471 2.324269
1.895567 2.213113
0.415381 2.213113
1.948459 2.470331
0.362489 2.470331
-1.410519 2.129676
-1.410519 2.107245
-1.409043 2.118461
-1.414849 2.140128
-1.414849 2.096793
-1.421735 2.149103
-1.421735 2.087818
-1.430710 2.155990
-1.430710 2.080931
-1.441162 2.160319
-1.441162 2.076602
-1.452378 2.161796
-1.452378 2.075126
-1.463594 2.160319
-1.463594 2.076602
-1.474045 2.155990
-1.474045 2.080931
-1.483020 2.149103
-1.483020 2.087818
-1.489907 2.140128
-1.489907 2.096793
-1.494236 2.129676
-1.494236 2.107245
-1.495713 2.118461
-1.198809 1.993410
-1.197332 2.004626
-1.197332 1.982194
-1.193003 1.971742
-1.193003 2.015077
-1.186117 1.962768
-1.186117 2.024052
-1.177142 1.955881
-1.177142 2.030939
-1.166690 1.951552
-1.166690 2.035268
-1.155474 1.950075
-1.155474 2.036745
-1.144258 1.951552
-1.144258 2.035268
-1.133807 1.955881
-1.133807 2.030939
-1.124832 1.962768
-1.124832 2.024052
-1.117945 1.971742
-1.117945 2.015078
-1.113616 1.982194
-1.113616 2.004626
-1.112139 1.993410
169.115005 160.357101
170.005295 160.328201
169.115005 160.357101
170.005295 160.328201
170.005295 160.328201
169.115005 160.357101
170.005295 160.328201
169.115005 160.357101
170.857803 160.070007
170.857803 160.070007
170.857803 160.070007
170.857803 160.070007
168.247604 160.154495
168.247604 160.154495
168.247604 160.154495
168.247604 160.154495
171.614395 159.599792
171.614395 159.599792
171.614395 159.599792
171.614395 159.599792
167.462097 159.734299
167.462097 159.734299
167.462097 159.734299
167.462097 159.734299
172.223495 158.949905
172.223495 158.949905
172.223495 158.949905
172.223495 158.949905
166.812195 159.125198
166.812195 159.125198
166.812195 159.125198
166.812195 159.125198
172.643707 158.164505
172.643707 158.164505
172.643707 158.164505
172.643707 158.164505
166.342102 158.368607
166.342102 158.368607
166.342102 158.368607
166.342102 158.368607
172.846298 157.296997
172.846298 157.296997
172.846298 157.296997
172.846298 157.296997
166.083801 157.516098
166.083801 157.516098
166.083801 157.516098
166.083801 157.516098
172.817398 156.406693
172.817398 156.406693
172.817398 156.406693
172.817398 156.406693
166.065796 156.961395
166.054901 156.625793
166.054901 156.625793
166.065796 156.961395
166.065796 156.961395
166.065796 156.961395
166.054901 156.625793
166.054901 156.625793
172.559097 155.554199
172.559097 155.554199
172.559097 155.554199
172.559097 155.554199
166.257507 155.758408
166.257507 155.758408
166.257507 155.758408
166.257507 155.758408
172.089005 154.797607
172.089005 154.797607
172.089005 154.797607
172.089005 154.797607
166.677704 154.972900
166.677704 154.972900
166.677704 154.972900
166.677704 154.972900
171.439102 154.188507
171.439102 154.188507
171.439102 154.188507
171.439102 154.188507
167.286804 154.322998
167.286804 154.322998
167.286804 154.322998
167.286804 154.322998
170.653595 153.768295
170.653595 153.768295
170.653595 153.768295
170.653595 153.768295
168.043396 153.852905
168.043396 153.852905
168.043396 153.852905
168.043396 153.852905
169.786194 153.565796
169.786194 153.565796
169.786194 153.565796
169.786194 153.565796
168.895905 153.594604
168.558899 153.696701
168.895905 153.594604
168.558899 153.696701
168.558899 153.696701
168.895905 153.594604
168.558899 153.696701
168.895905 153.594604
1.948459 2.470331
0.362489 2.470331
1.959229 2.479112
0.351719 2.479112
1.902726 2.204333
1.895567 2.213113
0.415381 2.213113
0.408222 2.204333
-1.387838 2.003718
-1.381334 2.011313
-1.174767 1.821244
-1.168262 1.828839
0.408222 0.629155
1.902726 0.629155
0.408222 0.619155
1.902726 0.619155
1.741374 2.306485
1.528303 2.124011
1.734869 2.314081
1.521798 2.131607
-1.959229 0.629155
-0.351719 0.629155
-1.959229 0.619155
-0.351719 0.619155
-2.282763 2.298805
-2.266502 2.317793
-2.084880 2.129338
-2.068619 2.148326
-2.038428 0.286166
-0.272520 0.286166
-2.038428 0.261166
-0.272520 0.261166
0.220045 0.286166
2.090903 0.286166
0.220045 0.261166
2.090903 0.261166
1.929228 1.996037
1.731345 1.826571
1.912966 2.015026
1.715083 1.845559
0.569424 2.722707
2.387807 2.977899
0.516949 2.977899
2.335332 2.722707
2.038428 2.611551
0.272520 2.611551
2.090903 2.866743
0.220045 2.866743
2.090903 2.866743
0.220045 2.866743
2.102195 2.875950
0.208753 2.875950
2.045934 2.602345
2.038428 2.611551
0.272520 2.611551
0.265014 2.602345
-1.931300 2.010978
-1.921543 2.022371
-1.719139 1.829284
-1.709382 1.840677
0.265014 0.286166
2.045934 0.286166
0.265014 0.271166
2.045934 0.271166
2.284835 2.313745
2.072675 2.132051
2.275078 2.325138
2.062918 2.143444
-0.208753 0.286166
-0.208753 0.271166
-2.102195 0.286166
-2.102195 0.271166
129.347000 160.257401
130.230103 160.373596
129.347000 160.257401
130.230103 160.373596
130.230103 160.373596
129.347000 160.257401
130.230103 160.373596
129.347000 160.257401
131.113297 160.257401
131.113297 160.257401
131.113297 160.257401
131.113297 160.257401
128.524002 159.916504
128.524002 159.916504
128.524002 159.916504
128.524002 159.916504
131.936203 159.916504
131.936203 159.916504
131.936203 159.916504
131.936203 159.916504
127.817299 159.374207
127.817299 159.374207
127.817299 159.374207
127.817299 159.374207
132.642899 159.374207
132.642899 159.374207
132.642899 159.374207
132.642899 159.374207
127.275101 158.667496
127.275101 158.667496
127.275101 158.667496
127.275101 158.667496
133.185196 158.667496
133.185196 158.667496
133.185196 158.667496
133.185196 158.667496
126.934196 157.844604
126.934196 157.844604
126.934196 157.844604
126.934196 157.844604
133.526001 157.844604
133.526001 157.844604
133.526001 157.844604
133.526001 157.844604
126.817902 156.961395
126.817902 156.961395
126.817902 156.961395
126.817902 156.961395
133.642303 156.961395
133.642303 156.961395
133.642303 156.961395
133.642303 156.961395
126.934196 156.078293
126.934196 156.078293
126.934196 156.078293
126.934196 156.078293
133.526001 156.078293
133.526001 156.078293
133.526001 156.078293
133.526001 156.078293
127.275101 155.255295
127.275101 155.255295
127.275101 155.255295
127.275101 155.255295
133.185196 155.255295
133.185196 155.255295
133.185196 155.255295
133.185196 155.255295
127.817299 154.548599
127.817299 154.548599
127.817299 154.548599
127.817299 154.548599
132.642899 154.548599
132.642899 154.548599
132.642899 154.548599
132.642899 154.548599
128.524002 154.006393
128.524002 154.006393
128.524002 154.006393
128.524002 154.006393
131.936203 154.006393
131.936203 154.006393
131.936203 154.006393
131.936203 154.006393
129.347000 153.665497
129.347000 153.665497
129.347000 153.665497
129.347000 153.665497
131.113297 153.665497
131.113297 153.665497
131.113297 153.665497
131.113297 153.665497
130.230103 153.549194
130.230103 153.549194
130.230103 153.549194
130.230103 153.549194
88.569420 159.374207
88.027153 158.667496
88.027153 158.667496
88.569420 159.374207
88.569420 159.374207
88.569420 159.374207
88.027153 158.667496
88.027153 158.667496
89.276108 159.916504
89.276108 159.916504
89.276108 159.916504
89.276108 159.916504
87.686272 157.844604
87.686272 157.844604
87.686272 157.844604
87.686272 157.844604
90.099068 160.257401
90.099068 160.257401
90.099068 160.257401
90.099068 160.257401
87.570000 156.961395
87.570000 156.961395
87.570000 156.961395
87.570000 156.961395
90.982208 160.373596
90.982208 160.373596
90.982208 160.373596
90.982208 160.373596
87.686272 156.078293
87.686272 156.078293
87.686272 156.078293
87.686272 156.078293
91.865349 160.257401
91.865349 160.257401
91.865349 160.257401
91.865349 160.257401
88.027153 155.255295
88.027153 155.255295
88.027153 155.255295
88.027153 155.255295
92.688309 159.916504
92.688309 159.916504
92.688309 159.916504
92.688309 159.916504
88.569420 154.548599
88.569420 154.548599
88.569420 154.548599
88.569420 154.548599
93.394997 159.374207
93.394997 159.374207
93.394997 159.374207
93.394997 159.374207
89.276108 154.006393
89.276108 154.006393
89.276108 154.006393
89.276108 154.006393
93.937271 158.667496
93.937271 158.667496
93.937271 158.667496
93.937271 158.667496
90.099068 153.665497
90.099068 153.665497
90.099068 153.665497
90.099068 153.665497
94.278152 157.844604
94.278152 157.844604
94.278152 157.844604
94.278152 157.844604
90.982208 153.549194
90.982208 153.549194
90.982208 153.549194
90.982208 153.549194
94.394409 156.961395
94.394409 156.961395
94.394409 156.961395
94.394409 156.961395
91.865349 153.665497
91.865349 153.665497
91.865349 153.665497
91.865349 153.665497
94.278152 156.078293
94.278152 156.078293
94.278152 156.078293
94.278152 156.078293
92.688309 154.006393
92.688309 154.006393
92.688309 154.006393
92.688309 154.006393
93.937271 155.255295
93.937271 155.255295
93.937271 155.255295
93.937271 155.255295
93.394997 154.548599
93.394997 154.548599
93.394997 154.548599
93.394997 154.548599
50.591331 160.176697
51.462440 160.362793
50.591331 160.176697
51.462440 160.362793
51.462440 160.362793
50.591331 160.176697
51.462440 160.362793
50.591331 160.176697
52.352032 160.317093
52.352032 160.317093
52.352032 160.317093
52.352032 160.317093
49.798069 159.771500
49.798069 159.771500
49.798069 159.771500
49.798069 159.771500
53.199478 160.042694
53.199478 160.042694
53.199478 160.042694
53.199478 160.042694
49.136700 159.174805
49.136700 159.174805
49.136700 159.174805
49.136700 159.174805
53.947029 159.558304
53.947029 159.558304
53.947029 159.558304
53.947029 159.558304
48.652321 158.427307
48.652321 158.427307
48.652321 158.427307
48.652321 158.427307
54.543739 158.897003
54.543739 158.897003
54.543739 158.897003
54.543739 158.897003
48.377918 157.579803
48.377918 157.579803
48.377918 157.579803
48.377918 157.579803
54.948940 158.103699
54.948940 158.103699
54.948940 158.103699
54.948940 158.103699
48.346142 156.961395
48.332199 156.690201
48.332199 156.690201
48.346142 156.961395
48.346142 156.961395
48.346142 156.961395
48.332199 156.690201
48.332199 156.690201
55.135029 157.232605
55.135029 157.232605
55.135029 157.232605
55.135029 157.232605
48.518291 155.819107
48.518291 155.819107
48.518291 155.819107
48.518291 155.819107
55.121090 156.961395
55.089310 156.343002
55.089310 156.343002
55.121090 156.961395
55.121090 156.961395
55.121090 156.961395
55.089310 156.343002
55.089310 156.343002
48.923489 155.025894
48.923489 155.025894
48.923489 155.025894
48.923489 155.025894
54.814911 155.495605
54.814911 155.495605
54.814911 155.495605
54.814911 155.495605
49.520199 154.364502
49.520199 154.364502
49.520199 154.364502
49.520199 154.364502
54.330528 154.748001
54.330528 154.748001
54.330528 154.748001
54.330528 154.748001
50.267750 153.880096
50.267750 153.880096
50.267750 153.880096
50.267750 153.880096
53.669159 154.151306
53.669159 154.151306
53.669159 154.151306
53.669159 154.151306
51.115200 153.605698
51.115200 153.605698
51.115200 153.605698
51.115200 153.605698
52.875900 153.746094
52.875900 153.746094
52.875900 153.746094
52.875900 153.746094
52.004791 153.559998
52.004791 153.559998
52.004791 153.559998
52.004791 153.559998
11.256110 160.133408
12.119930 160.350800
11.256110 160.133408
12.119930 160.350800
12.119930 160.350800
11.256110 160.133408
12.119930 160.350800
11.256110 160.133408
13.010590 160.337296
13.010590 160.337296
13.010590 160.337296
13.010590 160.337296
10.478000 159.699799
10.478000 159.699799
10.478000 159.699799
10.478000 159.699799
13.867400 160.093704
13.867400 160.093704
13.867400 160.093704
13.867400 160.093704
9.838635 159.079605
9.838635 159.079605
9.838635 159.079605
9.838635 159.079605
14.631960 159.636597
14.631960 159.636597
14.631960 159.636597
14.631960 159.636597
9.381574 158.315002
9.381574 158.315002
9.381574 158.315002
9.381574 158.315002
15.252180 158.997192
15.252180 158.997192
15.252180 158.997192
15.252180 158.997192
9.137971 157.458206
9.137971 157.458206
9.137971 157.458206
9.137971 157.458206
15.685780 158.219101
15.685780 158.219101
15.685780 158.219101
15.685780 158.219101
9.124427 156.567505
9.124427 156.567505
9.124427 156.567505
9.124427 156.567505
15.903210 157.355301
15.903210 157.355301
15.903210 157.355301
15.903210 157.355301
9.341864 155.703705
9.341864 155.703705
9.341864 155.703705
9.341864 155.703705
15.897230 156.961395
15.889670 156.464600
15.889670 156.464600
15.897230 156.961395
15.897230 156.961395
15.897230 156.961395
15.889670 156.464600
15.889670 156.464600
9.775465 154.925598
9.775465 154.925598
9.775465 154.925598
9.775465 154.925598
15.646070 155.607803
15.646070 155.607803
15.646070 155.607803
15.646070 155.607803
10.395680 154.286194
10.395680 154.286194
10.395680 154.286194
10.395680 154.286194
15.189010 154.843307
15.189010 154.843307
15.189010 154.843307
15.189010 154.843307
11.160240 153.829193
11.160240 153.829193
11.160240 153.829193
11.160240 153.829193
14.549640 154.223099
14.549640 154.223099
14.549640 154.223099
14.549640 154.223099
12.017050 153.585602
12.017050 153.585602
12.017050 153.585602
12.017050 153.585602
13.771530 153.789505
13.771530 153.789505
13.771530 153.789505
13.771530 153.789505
12.907710 153.572006
12.907710 153.572006
12.907710 153.572006
12.907710 153.572006
13.405390 153.697296
13.405390 153.697296
13.405390 153.697296
13.405390 153.697296
21.696489 116.813698
20.873529 117.154602
20.873529 117.154602
21.696489 116.813698
21.696489 116.813698
21.696489 116.813698
20.873529 117.154602
20.873529 117.154602
20.166840 117.696800
20.166840 117.696800
20.166840 117.696800
20.166840 117.696800
22.579630 116.697403
22.579630 116.697403
22.579630 116.697403
22.579630 116.697403
19.624571 118.403503
19.624571 118.403503
19.624571 118.403503
19.624571 118.403503
23.462770 116.813698
23.462770 116.813698
23.462770 116.813698
23.462770 116.813698
19.283689 119.226501
19.283689 119.226501
19.283689 119.226501
19.283689 119.226501
24.285730 117.154602
23.478149 116.820000
24.285730 117.154602
23.478149 116.820000
23.478149 116.820000
24.285730 117.154602
23.478149 116.820000
24.285730 117.154602
19.167431 120.109596
19.167431 120.109596
19.167431 120.109596
19.167431 120.109596
24.992420 117.696800
24.992420 117.696800
24.992420 117.696800
24.992420 117.696800
19.283689 120.992699
19.283689 120.992699
19.283689 120.992699
19.283689 120.992699
25.534691 118.403503
25.534691 118.403503
25.534691 118.403503
25.534691 118.403503
19.624571 121.815697
19.624571 121.815697
19.624571 121.815697
19.624571 121.815697
25.875570 119.226501
25.875570 119.226501
25.875570 119.226501
25.875570 119.226501
20.166840 122.522400
20.166840 122.522400
20.166840 122.522400
20.166840 122.522400
25.991831 120.109596
25.991831 120.109596
25.991831 120.109596
25.991831 120.109596
20.873529 123.064697
20.873529 123.064697
20.873529 123.064697
20.873529 123.064697
25.875570 120.992699
25.875570 120.992699
25.875570 120.992699
25.875570 120.992699
21.681110 123.399200
21.696489 123.405502
21.696489 123.405502
21.681110 123.399200
21.681110 123.399200
21.696489 123.405502
21.696489 123.405502
21.681110 123.399200
25.534691 121.815697
25.534691 121.815697
25.534691 121.815697
25.534691 121.815697
22.579630 123.521797
22.579630 123.521797
22.579630 123.521797
22.579630 123.521797
24.992420 122.522400
24.992420 122.522400
24.992420 122.522400
24.992420 122.522400
23.462770 123.405502
23.462770 123.405502
23.462770 123.405502
23.462770 123.405502
24.285730 123.064697
24.285730 123.064697
24.285730 123.064697
24.285730 123.064697
159.176193 123.515404
160.064804 123.453400
159.176193 123.515404
160.064804 123.453400
160.064804 123.453400
159.176193 123.515404
160.064804 123.453400
159.176193 123.515404
160.278107 123.379997
160.907104 123.163399
160.907104 123.163399
160.278107 123.379997
160.278107 123.379997
160.907104 123.163399
160.907104 123.163399
160.278107 123.379997
158.301804 123.345398
158.301804 123.345398
158.301804 123.345398
158.301804 123.345398
161.645599 122.665398
161.645599 122.665398
161.645599 122.665398
161.645599 122.665398
157.501205 122.954803
157.501205 122.954803
157.501205 122.954803
157.501205 122.954803
162.229996 121.993202
162.229996 121.993202
162.229996 121.993202
162.229996 121.993202
156.828995 122.370399
156.828995 122.370399
156.828995 122.370399
156.828995 122.370399
162.620605 121.192596
162.620605 121.192596
162.620605 121.192596
162.620605 121.192596
156.330994 121.631897
156.330994 121.631897
156.330994 121.631897
156.330994 121.631897
162.790604 120.318199
162.790604 120.318199
162.790604 120.318199
162.790604 120.318199
156.041000 120.789597
156.041000 120.789597
156.041000 120.789597
156.041000 120.789597
162.728500 119.429604
162.728500 119.429604
162.728500 119.429604
162.728500 119.429604
155.979004 119.901001
155.993500 120.109596
155.979004 119.901001
155.993500 120.109596
155.993500 120.109596
155.993500 120.109596
155.979004 119.901001
155.979004 119.901001
162.438599 118.587303
162.438599 118.587303
162.438599 118.587303
162.438599 118.587303
156.149002 119.026604
156.149002 119.026604
156.149002 119.026604
156.149002 119.026604
161.940598 117.848801
161.940598 117.848801
161.940598 117.848801
161.940598 117.848801
156.539505 118.226097
156.539505 118.226097
156.539505 118.226097
156.539505 118.226097
161.268295 117.264397
161.268295 117.264397
161.268295 117.264397
161.268295 117.264397
157.123993 117.553802
157.123993 117.553802
157.123993 117.553802
157.123993 117.553802
160.467804 116.873802
160.467804 116.873802
160.467804 116.873802
160.467804 116.873802
157.862503 117.055801
157.862503 117.055801
157.862503 117.055801
157.862503 117.055801
159.593399 116.703796
159.593399 116.703796
159.593399 116.703796
159.593399 116.703796
158.704803 116.765800
158.491501 116.839302
158.704803 116.765800
158.491501 116.839302
158.491501 116.839302
158.704803 116.765800
158.704803 116.765800
158.491501 116.839302
145.967804 83.900398
146.248306 84.745850
145.967804 83.900398
146.248306 84.745850
146.248306 84.745850
145.967804 83.900398
146.248306 84.745850
145.967804 83.900398
146.738098 85.489883
146.738098 85.489883
146.738098 85.489883
146.738098 85.489883
145.915695 83.011162
145.930206 83.257797
145.915695 83.011162
145.930206 83.257797
145.930206 83.257797
145.930206 83.257797
145.915695 83.011162
145.915695 83.011162
147.403793 86.081810
147.403793 86.081810
147.403793 86.081810
147.403793 86.081810
146.095505 82.138733
146.095505 82.138733
146.095505 82.138733
146.095505 82.138733
148.199905 86.481277
148.199905 86.481277
148.199905 86.481277
148.199905 86.481277
146.494995 81.342567
146.494995 81.342567
146.494995 81.342567
146.494995 81.342567
149.072296 86.661079
149.072296 86.661079
149.072296 86.661079
149.072296 86.661079
147.086899 80.676918
147.086899 80.676918
147.086899 80.676918
147.086899 80.676918
149.961594 86.608940
149.961594 86.608940
149.961594 86.608940
149.961594 86.608940
147.830902 80.187149
147.830902 80.187149
147.830902 80.187149
147.830902 80.187149
150.211700 86.525970
150.807007 86.328438
150.807007 86.328438
150.211700 86.525970
150.211700 86.525970
150.807007 86.328438
150.807007 86.328438
150.211700 86.525970
148.676407 79.906647
148.426300 79.989616
148.676407 79.906647
148.426300 79.989616
148.426300 79.989616
148.676407 79.906647
148.426300 79.989616
148.676407 79.906647
151.551102 85.838669
151.551102 85.838669
151.551102 85.838669
151.551102 85.838669
149.565598 79.854523
149.565598 79.854523
149.565598 79.854523
149.565598 79.854523
152.143005 85.173019
152.143005 85.173019
152.143005 85.173019
152.143005 85.173019
150.438004 80.034309
150.438004 80.034309
150.438004 80.034309
150.438004 80.034309
152.542496 84.376862
152.542496 84.376862
152.542496 84.376862
152.542496 84.376862
151.234207 80.433777
151.234207 80.433777
151.234207 80.433777
151.234207 80.433777
152.722305 83.504433
152.722305 83.504433
152.722305 83.504433
152.722305 83.504433
151.899902 81.025711
151.899902 81.025711
151.899902 81.025711
151.899902 81.025711
152.707794 83.257797
152.670105 82.615189
152.670105 82.615189
152.707794 83.257797
152.707794 83.257797
152.707794 83.257797
152.670105 82.615189
152.670105 82.615189
152.389603 81.769737
152.389603 81.769737
152.389603 81.769737
152.389603 81.769737
135.935699 45.607361
135.851303 46.405979
135.935699 45.607361
135.851303 46.405979
135.842102 46.493191
135.842102 46.493191
135.842102 46.493191
135.842102 46.493191
135.851303 46.405979
135.851303 46.405979
135.935699 45.607361
135.935699 45.607361
135.980896 47.373070
135.980896 47.373070
135.980896 47.373070
135.980896 47.373070
136.255493 44.775959
136.255493 44.775959
136.255493 44.775959
136.255493 44.775959
136.342697 48.187050
136.342697 48.187050
136.342697 48.187050
136.342697 48.187050
136.779495 44.055641
136.779495 44.055641
136.779495 44.055641
136.779495 44.055641
136.902802 48.879650
136.902802 48.879650
136.902802 48.879650
136.902802 48.879650
137.472107 43.495491
137.472107 43.495491
137.472107 43.495491
137.472107 43.495491
137.623093 49.403679
137.623093 49.403679
137.623093 49.403679
137.623093 49.403679
138.286102 43.133690
138.286102 43.133690
138.286102 43.133690
138.286102 43.133690
138.454498 49.723412
138.454498 49.723412
138.454498 49.723412
138.454498 49.723412
139.166000 42.994888
138.356293 43.122608
139.166000 42.994888
138.356293 43.122608
138.356293 43.122608
139.166000 42.994888
138.356293 43.122608
139.166000 42.994888
139.340393 49.817070
139.340393 49.817070
139.340393 49.817070
139.340393 49.817070
140.051804 43.088551
140.051804 43.088551
140.051804 43.088551
140.051804 43.088551
140.149994 49.689362
140.220306 49.678268
140.220306 49.678268
140.149994 49.689362
140.149994 49.689362
140.220306 49.678268
140.220306 49.678268
140.149994 49.689362
140.883194 43.408291
140.883194 43.408291
140.883194 43.408291
140.883194 43.408291
141.034195 49.316471
141.034195 49.316471
141.034195 49.316471
141.034195 49.316471
141.603500 43.932320
141.603500 43.932320
141.603500 43.932320
141.603500 43.932320
141.726807 48.756329
141.726807 48.756329
141.726807 48.756329
141.726807 48.756329
142.163696 44.624920
142.163696 44.624920
142.163696 44.624920
142.163696 44.624920
142.250900 48.036011
142.250900 48.036011
142.250900 48.036011
142.250900 48.036011
142.525497 45.438900
142.525497 45.438900
142.525497 45.438900
142.525497 45.438900
142.570602 47.204609
142.570602 47.204609
142.570602 47.204609
142.570602 47.204609
142.664307 46.318779
142.664307 46.318779
142.664307 46.318779
142.664307 46.318779
</float_array>
          <technique_common>
            <accessor source="#ID3006-UV0-array" count="2752" stride="2">
              <param name="S" type="float"/>
              <param name="T" type="float"/>
            </accessor>
          </technique_common>
        </source>
        <source id="ID3006-VERTEX_COLOR0">
          <float_array id="ID3006-VERTEX_COLOR0-array" count="30888">
1.000000 1.000000 1.000000 1.000000
1.000000 1.000000 1.000000 1.000000
1.000000 1.000000 1.000000 1.000000
1.000000 1.000000 1.000000 1.000000
1.000000 1.000000 1.000000 1.000000
1.000000 1.000000 1.000000 1.000000
1.000000 1.000000 1.000000 1.000000
1.000000 1.000000 1.000000 1.000000
1.000000 1.000000 1.000000 1.000000
1.000000 1.000000 1.000000 1.000000
1.000000 1.000000 1.000000 1.000000
1.000000 1.000000 1.000000 1.000000
1.000000 1.000000 1.000000 1.000000
1.000000 1.000000 1.000000 1.000000
1.000000 1.000000 1.000000 1.000000
1.000000 1.000000 1.000000 1.000000
1.000000 1.000000 1.000000 1.000000
1.000000 1.000000 1.000000 1.000000
1.000000 1.000000 1.000000 1.000000
1.000000 1.000000 1.000000 1.000000
1.000000 1.000000 1.000000 1.000000
1.000000 1.000000 1.000000 1.000000
1.000000 1.000000 1.000000 1.000000
1.000000 1.000000 1.000000 1.000000
1.000000 1.000000 1.000000 1.000000
1.000000 1.000000 1.000000 1.000000
1.000000 1.000000 1.000000 1.000000
1.000000 1.000000 1.000000 1.000000
1.000000 1.000000 1.000000 1.000000
1.000000 1.000000 1.000000 1.000000
1.000000 1.000000 1.000000 1.000000
1.000000 1.000000 1.000000 1.000000
1.000000 1.000000 1.000000 1.000000
1.000000 1.000000 1.000000 1.000000
1.000000 1.000000 1.000000 1.000000
1.000000 1.000000 1.000000 1.000000
1.000000 1.000000 1.000000 1.000000
1.000000 1.000000 1.000000 1.000000
1.000000 1.000000 1.000000 1.000000
1.000000 1.000000 1.000000 1.000000
1.000000 1.000000 1.000000 1.000000
1.000000 1.000000 1.000000 1.000000
1.000000 1.000000 1.000000 1.000000
1.000000 1.000000 1.000000 1.000000
1.000000 1.000000 1.000000 1.000000
1.000000 1.000000 1.000000 1.000000
1.000000 1.000000 1.000000 1.000000
1.000000 1.000000 1.000000 1.000000
1.000000 1.000000 1.000000 1.000000
1.000000 1.000000 1.000000 1.000000
1.000000 1.000000 1.000000 1.000000
1.000000 1.000000 1.000000 1.000000
1.000000 1.000000 1.000000 1.000000
1.000000 1.000000 1.000000 1.000000
1.000000 1.000000 1.000000 1.000000
1.000000 1.000000 1.000000 1.000000
1.000000 1.000000 1.000000 1.000000
1.000000 1.000000 1.000000 1.000000
1.000000 1.000000 1.000000 1.000000
1.000000 1.000000 1.000000 1.000000
1.000000 1.000000 1.000000 1.000000
1.000000 1.000000 1.000000 1.000000
1.000000 1.000000 1.000000 1.000000
1.000000 1.000000 1.000000 1.000000
1.000000 1.000000 1.000000 1.000000
1.000000 1.000000 1.000000 1.000000
1.000000 1.000000 1.000000 1.000000
1.000000 1.000000 1.000000 1.000000
1.000000 1.000000 1.000000 1.000000
1.000000 1.000000 1.000000 1.000000
1.000000 1.000000 1.000000 1.000000
1.000000 1.000000 1.000000 1.000000
1.000000 1.000000 1.000000 1.000000
1.000000 1.000000 1.000000 1.000000
1.000000 1.000000 1.000000 1.000000
1.000000 1.000000 1.000000 1.000000
1.000000 1.000000 1.000000 1.000000
1.000000 1.000000 1.000000 1.000000
1.000000 1.000000 1.000000 1.000000
1.000000 1.000000 1.000000 1.000000
1.000000 1.000000 1.000000 1.000000
1.000000 1.000000 1.000000 1.000000
1.000000 1.000000 1.000000 1.000000
1.000000 1.000000 1.000000 1.000000
1.000000 1.000000 1.000000 1.000000
1.000000 1.000000 1.000000 1.000000
1.000000 1.000000 1.000000 1.000000
1.000000 1.000000 1.000000 1.000000
1.000000 1.000000 1.000000 1.000000
1.000000 1.000000 1.000000 1.000000
1.000000 1.000000 1.000000 1.000000
1.000000 1.000000 1.000000 1.000000
1.000000 1.000000 1.000000 1.000000
1.000000 1.000000 1.000000 1.000000
1.000000 1.000000 1.000000 1.000000
1.000000 1.000000 1.000000 1.000000
1.000000 1.000000 1.000000 1.000000
1.000000 1.000000 1.000000 1.000000
1.000000 1.000000 1.000000 1.000000
1.000000 1.000000 1.000000 1.000000
1.000000 1.000000 1.000000 1.000000
1.000000 1.000000 1.000000 1.000000
1.000000 1.000000 1.000000 1.000000
1.000000 1.000000 1.000000 1.000000
1.000000 1.000000 1.000000 1.000000
1.000000 1.000000 1.000000 1.000000
1.000000 1.000000 1.000000 1.000000
1.000000 1.000000 1.000000 1.000000
1.000000 1.000000 1.000000 1.000000
1.000000 1.000000 1.000000 1.000000
1.000000 1.000000 1.000000 1.000000
1.000000 1.000000 1.000000 1.000000
1.000000 1.000000 1.000000 1.000000
1.000000 1.000000 1.000000 1.000000
1.000000 1.000000 1.000000 1.000000
1.000000 1.000000 1.000000 1.000000
1.000000 1.000000 1.000000 1.000000
1.000000 1.000000 1.000000 1.000000
1.000000 1.000000 1.000000 1.000000
1.000000 1.000000 1.000000 1.000000
1.000000 1.000000 1.000000 1.000000
1.000000 1.000000 1.000000 1.000000
1.000000 1.000000 1.000000 1.000000
1.000000 1.000000 1.000000 1.000000
1.000000 1.000000 1.000000 1.000000
1.000000 1.000000 1.000000 1.000000
1.000000 1.000000 1.000000 1.000000
1.000000 1.000000 1.000000 1.000000
1.000000 1.000000 1.000000 1.000000
1.000000 1.000000 1.000000 1.000000
1.000000 1.000000 1.000000 1.000000
1.000000 1.000000 1.000000 1.000000
1.000000 1.000000 1.000000 1.000000
1.000000 1.000000 1.000000 1.000000
1.000000 1.000000 1.000000 1.000000
1.000000 1.000000 1.000000 1.000000
1.000000 1.000000 1.000000 1.000000
1.000000 1.000000 1.000000 1.000000
1.000000 1.000000 1.000000 1.000000
1.000000 1.000000 1.000000 1.000000
1.000000 1.000000 1.000000 1.000000
1.000000 1.000000 1.000000 1.000000
1.000000 1.000000 1.000000 1.000000
1.000000 1.000000 1.000000 1.000000
1.000000 1.000000 1.000000 1.000000
1.000000 1.000000 1.000000 1.000000
1.000000 1.000000 1.000000 1.000000
1.000000 1.000000 1.000000 1.000000
1.000000 1.000000 1.000000 1.000000
1.000000 1.000000 1.000000 1.000000
1.000000 1.000000 1.000000 1.000000
1.000000 1.000000 1.000000 1.000000
1.000000 1.000000 1.000000 1.000000
1.000000 1.000000 1.000000 1.000000
1.000000 1.000000 1.000000 1.000000
1.000000 1.000000 1.000000 1.000000
1.000000 1.000000 1.000000 1.000000
1.000000 1.000000 1.000000 1.000000
1.000000 1.000000 1.000000 1.000000
1.000000 1.000000 1.000000 1.000000
1.000000 1.000000 1.000000 1.000000
1.000000 1.000000 1.000000 1.000000
1.000000 1.000000 1.000000 1.000000
1.000000 1.000000 1.000000 1.000000
1.000000 1.000000 1.000000 1.000000
1.000000 1.000000 1.000000 1.000000
1.000000 1.000000 1.000000 1.000000
1.000000 1.000000 1.000000 1.000000
1.000000 1.000000 1.000000 1.000000
1.000000 1.000000 1.000000 1.000000
1.000000 1.000000 1.000000 1.000000
1.000000 1.000000 1.000000 1.000000
1.000000 1.000000 1.000000 1.000000
1.000000 1.000000 1.000000 1.000000
1.000000 1.000000 1.000000 1.000000
1.000000 1.000000 1.000000 1.000000
1.000000 1.000000 1.000000 1.000000
1.000000 1.000000 1.000000 1.000000
1.000000 1.000000 1.000000 1.000000
1.000000 1.000000 1.000000 1.000000
1.000000 1.000000 1.000000 1.000000
1.000000 1.000000 1.000000 1.000000
1.000000 1.000000 1.000000 1.000000
1.000000 1.000000 1.000000 1.000000
1.000000 1.000000 1.000000 1.000000
1.000000 1.000000 1.000000 1.000000
1.000000 1.000000 1.000000 1.000000
1.000000 1.000000 1.000000 1.000000
1.000000 1.000000 1.000000 1.000000
1.000000 1.000000 1.000000 1.000000
1.000000 1.000000 1.000000 1.000000
1.000000 1.000000 1.000000 1.000000
1.000000 1.000000 1.000000 1.000000
1.000000 1.000000 1.000000 1.000000
1.000000 1.000000 1.000000 1.000000
1.000000 1.000000 1.000000 1.000000
1.000000 1.000000 1.000000 1.000000
1.000000 1.000000 1.000000 1.000000
1.000000 1.000000 1.000000 1.000000
1.000000 1.000000 1.000000 1.000000
1.000000 1.000000 1.000000 1.000000
1.000000 1.000000 1.000000 1.000000
1.000000 1.000000 1.000000 1.000000
1.000000 1.000000 1.000000 1.000000
1.000000 1.000000 1.000000 1.000000
1.000000 1.000000 1.000000 1.000000
1.000000 1.000000 1.000000 1.000000
1.000000 1.000000 1.000000 1.000000
1.000000 1.000000 1.000000 1.000000
1.000000 1.000000 1.000000 1.000000
1.000000 1.000000 1.000000 1.000000
1.000000 1.000000 1.000000 1.000000
1.000000 1.000000 1.000000 1.000000
1.000000 1.000000 1.000000 1.000000
1.000000 1.000000 1.000000 1.000000
1.000000 1.000000 1.000000 1.000000
1.000000 1.000000 1.000000 1.000000
1.000000 1.000000 1.000000 1.000000
1.000000 1.000000 1.000000 1.000000
1.000000 1.000000 1.000000 1.000000
1.000000 1.000000 1.000000 1.000000
1.000000 1.000000 1.000000 1.000000
1.000000 1.000000 1.000000 1.000000
1.000000 1.000000 1.000000 1.000000
1.000000 1.000000 1.000000 1.000000
1.000000 1.000000 1.000000 1.000000
1.000000 1.000000 1.000000 1.000000
1.000000 1.000000 1.000000 1.000000
1.000000 1.000000 1.000000 1.000000
1.000000 1.000000 1.000000 1.000000
1.000000 1.000000 1.000000 1.000000
1.000000 1.000000 1.000000 1.000000
1.000000 1.000000 1.000000 1.000000
1.000000 1.000000 1.000000 1.000000
1.000000 1.000000 1.000000 1.000000
1.000000 1.000000 1.000000 1.000000
1.000000 1.000000 1.000000 1.000000
1.000000 1.000000 1.000000 1.000000
1.000000 1.000000 1.000000 1.000000
1.000000 1.000000 1.000000 1.000000
1.000000 1.000000 1.000000 1.000000
1.000000 1.000000 1.000000 1.000000
1.000000 1.000000 1.000000 1.000000
1.000000 1.000000 1.000000 1.000000
1.000000 1.000000 1.000000 1.000000
1.000000 1.000000 1.000000 1.000000
1.000000 1.000000 1.000000 1.000000
1.000000 1.000000 1.000000 1.000000
1.000000 1.000000 1.000000 1.000000
1.000000 1.000000 1.000000 1.000000
1.000000 1.000000 1.000000 1.000000
1.000000 1.000000 1.000000 1.000000
1.000000 1.000000 1.000000 1.000000
1.000000 1.000000 1.000000 1.000000
1.000000 1.000000 1.000000 1.000000
1.000000 1.000000 1.000000 1.000000
1.000000 1.000000 1.000000 1.000000
1.000000 1.000000 1.000000 1.000000
1.000000 1.000000 1.000000 1.000000
1.000000 1.000000 1.000000 1.000000
1.000000 1.000000 1.000000 1.000000
1.000000 1.000000 1.000000 1.000000
1.000000 1.000000 1.000000 1.000000
1.000000 1.000000 1.000000 1.000000
1.000000 1.000000 1.000000 1.000000
1.000000 1.000000 1.000000 1.000000
1.000000 1.000000 1.000000 1.000000
1.000000 1.000000 1.000000 1.000000
1.000000 1.000000 1.000000 1.000000
1.000000 1.000000 1.000000 1.000000
1.000000 1.000000 1.000000 1.000000
1.000000 1.000000 1.000000 1.000000
1.000000 1.000000 1.000000 1.000000
1.000000 1.000000 1.000000 1.000000
1.000000 1.000000 1.000000 1.000000
1.000000 1.000000 1.000000 1.000000
1.000000 1.000000 1.000000 1.000000
1.000000 1.000000 1.000000 1.000000
1.000000 1.000000 1.000000 1.000000
1.000000 1.000000 1.000000 1.000000
1.000000 1.000000 1.000000 1.000000
1.000000 1.000000 1.000000 1.000000
1.000000 1.000000 1.000000 1.000000
1.000000 1.000000 1.000000 1.000000
1.000000 1.000000 1.000000 1.000000
1.000000 1.000000 1.000000 1.000000
1.000000 1.000000 1.000000 1.000000
1.000000 1.000000 1.000000 1.000000
1.000000 1.000000 1.000000 1.000000
1.000000 1.000000 1.000000 1.000000
1.000000 1.000000 1.000000 1.000000
1.000000 1.000000 1.000000 1.000000
1.000000 1.000000 1.000000 1.000000
1.000000 1.000000 1.000000 1.000000
1.000000 1.000000 1.000000 1.000000
1.000000 1.000000 1.000000 1.000000
1.000000 1.000000 1.000000 1.000000
1.000000 1.000000 1.000000 1.000000
1.000000 1.000000 1.000000 1.000000
1.000000 1.000000 1.000000 1.000000
1.000000 1.000000 1.000000 1.000000
1.000000 1.000000 1.000000 1.000000
1.000000 1.000000 1.000000 1.000000
1.000000 1.000000 1.000000 1.000000
1.000000 1.000000 1.000000 1.000000
1.000000 1.000000 1.000000 1.000000
1.000000 1.000000 1.000000 1.000000
1.000000 1.000000 1.000000 1.000000
1.000000 1.000000 1.000000 1.000000
1.000000 1.000000 1.000000 1.000000
1.000000 1.000000 1.000000 1.000000
1.000000 1.000000 1.000000 1.000000
1.000000 1.000000 1.000000 1.000000
1.000000 1.000000 1.000000 1.000000
1.000000 1.000000 1.000000 1.000000
1.000000 1.000000 1.000000 1.000000
1.000000 1.000000 1.000000 1.000000
1.000000 1.000000 1.000000 1.000000
1.000000 1.000000 1.000000 1.000000
1.000000 1.000000 1.000000 1.000000
1.000000 1.000000 1.000000 1.000000
1.000000 1.000000 1.000000 1.000000
1.000000 1.000000 1.000000 1.000000
1.000000 1.000000 1.000000 1.000000
1.000000 1.000000 1.000000 1.000000
1.000000 1.000000 1.000000 1.000000
1.000000 1.000000 1.000000 1.000000
1.000000 1.000000 1.000000 1.000000
1.000000 1.000000 1.000000 1.000000
1.000000 1.000000 1.000000 1.000000
1.000000 1.000000 1.000000 1.000000
1.000000 1.000000 1.000000 1.000000
1.000000 1.000000 1.000000 1.000000
1.000000 1.000000 1.000000 1.000000
1.000000 1.000000 1.000000 1.000000
1.000000 1.000000 1.000000 1.000000
1.000000 1.000000 1.000000 1.000000
1.000000 1.000000 1.000000 1.000000
1.000000 1.000000 1.000000 1.000000
1.000000 1.000000 1.000000 1.000000
1.000000 1.000000 1.000000 1.000000
1.000000 1.000000 1.000000 1.000000
1.000000 1.000000 1.000000 1.000000
1.000000 1.000000 1.000000 1.000000
1.000000 1.000000 1.000000 1.000000
1.000000 1.000000 1.000000 1.000000
1.000000 1.000000 1.000000 1.000000
1.000000 1.000000 1.000000 1.000000
1.000000 1.000000 1.000000 1.000000
1.000000 1.000000 1.000000 1.000000
1.000000 1.000000 1.000000 1.000000
1.000000 1.000000 1.000000 1.000000
1.000000 1.000000 1.000000 1.000000
1.000000 1.000000 1.000000 1.000000
1.000000 1.000000 1.000000 1.000000
1.000000 1.000000 1.000000 1.000000
1.000000 1.000000 1.000000 1.000000
1.000000 1.000000 1.000000 1.000000
1.000000 1.000000 1.000000 1.000000
1.000000 1.000000 1.000000 1.000000
1.000000 1.000000 1.000000 1.000000
1.000000 1.000000 1.000000 1.000000
1.000000 1.000000 1.000000 1.000000
1.000000 1.000000 1.000000 1.000000
1.000000 1.000000 1.000000 1.000000
1.000000 1.000000 1.000000 1.000000
1.000000 1.000000 1.000000 1.000000
1.000000 1.000000 1.000000 1.000000
1.000000 1.000000 1.000000 1.000000
1.000000 1.000000 1.000000 1.000000
1.000000 1.000000 1.000000 1.000000
1.000000 1.000000 1.000000 1.000000
1.000000 1.000000 1.000000 1.000000
1.000000 1.000000 1.000000 1.000000
1.000000 1.000000 1.000000 1.000000
1.000000 1.000000 1.000000 1.000000
1.000000 1.000000 1.000000 1.000000
1.000000 1.000000 1.000000 1.000000
1.000000 1.000000 1.000000 1.000000
1.000000 1.000000 1.000000 1.000000
1.000000 1.000000 1.000000 1.000000
1.000000 1.000000 1.000000 1.000000
1.000000 1.000000 1.000000 1.000000
1.000000 1.000000 1.000000 1.000000
1.000000 1.000000 1.000000 1.000000
1.000000 1.000000 1.000000 1.000000
1.000000 1.000000 1.000000 1.000000
1.000000 1.000000 1.000000 1.000000
1.000000 1.000000 1.000000 1.000000
1.000000 1.000000 1.000000 1.000000
1.000000 1.000000 1.000000 1.000000
1.000000 1.000000 1.000000 1.000000
1.000000 1.000000 1.000000 1.000000
1.000000 1.000000 1.000000 1.000000
1.000000 1.000000 1.000000 1.000000
1.000000 1.000000 1.000000 1.000000
1.000000 1.000000 1.000000 1.000000
1.000000 1.000000 1.000000 1.000000
1.000000 1.000000 1.000000 1.000000
1.000000 1.000000 1.000000 1.000000
1.000000 1.000000 1.000000 1.000000
1.000000 1.000000 1.000000 1.000000
1.000000 1.000000 1.000000 1.000000
1.000000 1.000000 1.000000 1.000000
1.000000 1.000000 1.000000 1.000000
1.000000 1.000000 1.000000 1.000000
1.000000 1.000000 1.000000 1.000000
1.000000 1.000000 1.000000 1.000000
1.000000 1.000000 1.000000 1.000000
1.000000 1.000000 1.000000 1.000000
1.000000 1.000000 1.000000 1.000000
1.000000 1.000000 1.000000 1.000000
1.000000 1.000000 1.000000 1.000000
1.000000 1.000000 1.000000 1.000000
1.000000 1.000000 1.000000 1.000000
1.000000 1.000000 1.000000 1.000000
1.000000 1.000000 1.000000 1.000000
1.000000 1.000000 1.000000 1.000000
1.000000 1.000000 1.000000 1.000000
1.000000 1.000000 1.000000 1.000000
1.000000 1.000000 1.000000 1.000000
1.000000 1.000000 1.000000 1.000000
1.000000 1.000000 1.000000 1.000000
1.000000 1.000000 1.000000 1.000000
1.000000 1.000000 1.000000 1.000000
1.000000 1.000000 1.000000 1.000000
1.000000 1.000000 1.000000 1.000000
1.000000 1.000000 1.000000 1.000000
1.000000 1.000000 1.000000 1.000000
1.000000 1.000000 1.000000 1.000000
1.000000 1.000000 1.000000 1.000000
1.000000 1.000000 1.000000 1.000000
1.000000 1.000000 1.000000 1.000000
1.000000 1.000000 1.000000 1.000000
1.000000 1.000000 1.000000 1.000000
1.000000 1.000000 1.000000 1.000000
1.000000 1.000000 1.000000 1.000000
1.000000 1.000000 1.000000 1.000000
1.000000 1.000000 1.000000 1.000000
1.000000 1.000000 1.000000 1.000000
1.000000 1.000000 1.000000 1.000000
1.000000 1.000000 1.000000 1.000000
1.000000 1.000000 1.000000 1.000000
1.000000 1.000000 1.000000 1.000000
1.000000 1.000000 1.000000 1.000000
1.000000 1.000000 1.000000 1.000000
1.000000 1.000000 1.000000 1.000000
1.000000 1.000000 1.000000 1.000000
1.000000 1.000000 1.000000 1.000000
1.000000 1.000000 1.000000 1.000000
1.000000 1.000000 1.000000 1.000000
1.000000 1.000000 1.000000 1.000000
1.000000 1.000000 1.000000 1.000000
1.000000 1.000000 1.000000 1.000000
1.000000 1.000000 1.000000 1.000000
1.000000 1.000000 1.000000 1.000000
1.000000 1.000000 1.000000 1.000000
1.000000 1.000000 1.000000 1.000000
1.000000 1.000000 1.000000 1.000000
1.000000 1.000000 1.000000 1.000000
1.000000 1.000000 1.000000 1.000000
1.000000 1.000000 1.000000 1.000000
1.000000 1.000000 1.000000 1.000000
1.000000 1.000000 1.000000 1.000000
1.000000 1.000000 1.000000 1.000000
1.000000 1.000000 1.000000 1.000000
1.000000 1.000000 1.000000 1.000000
1.000000 1.000000 1.000000 1.000000
1.000000 1.000000 1.000000 1.000000
1.000000 1.000000 1.000000 1.000000
1.000000 1.000000 1.000000 1.000000
1.000000 1.000000 1.000000 1.000000
1.000000 1.000000 1.000000 1.000000
1.000000 1.000000 1.000000 1.000000
1.000000 1.000000 1.000000 1.000000
1.000000 1.000000 1.000000 1.000000
1.000000 1.000000 1.000000 1.000000
1.000000 1.000000 1.000000 1.000000
1.000000 1.000000 1.000000 1.000000
1.000000 1.000000 1.000000 1.000000
1.000000 1.000000 1.000000 1.000000
1.000000 1.000000 1.000000 1.000000
1.000000 1.000000 1.000000 1.000000
1.000000 1.000000 1.000000 1.000000
1.000000 1.000000 1.000000 1.000000
1.000000 1.000000 1.000000 1.000000
1.000000 1.000000 1.000000 1.000000
1.000000 1.000000 1.000000 1.000000
1.000000 1.000000 1.000000 1.000000
1.000000 1.000000 1.000000 1.000000
1.000000 1.000000 1.000000 1.000000
1.000000 1.000000 1.000000 1.000000
1.000000 1.000000 1.000000 1.000000
1.000000 1.000000 1.000000 1.000000
1.000000 1.000000 1.000000 1.000000
1.000000 1.000000 1.000000 1.000000
1.000000 1.000000 1.000000 1.000000
1.000000 1.000000 1.000000 1.000000
1.000000 1.000000 1.000000 1.000000
1.000000 1.000000 1.000000 1.000000
1.000000 1.000000 1.000000 1.000000
1.000000 1.000000 1.000000 1.000000
1.000000 1.000000 1.000000 1.000000
1.000000 1.000000 1.000000 1.000000
1.000000 1.000000 1.000000 1.000000
1.000000 1.000000 1.000000 1.000000
1.000000 1.000000 1.000000 1.000000
1.000000 1.000000 1.000000 1.000000
1.000000 1.000000 1.000000 1.000000
1.000000 1.000000 1.000000 1.000000
1.000000 1.000000 1.000000 1.000000
1.000000 1.000000 1.000000 1.000000
1.000000 1.000000 1.000000 1.000000
1.000000 1.000000 1.000000 1.000000
1.000000 1.000000 1.000000 1.000000
1.000000 1.000000 1.000000 1.000000
1.000000 1.000000 1.000000 1.000000
1.000000 1.000000 1.000000 1.000000
1.000000 1.000000 1.000000 1.000000
1.000000 1.000000 1.000000 1.000000
1.000000 1.000000 1.000000 1.000000
1.000000 1.000000 1.000000 1.000000
1.000000 1.000000 1.000000 1.000000
1.000000 1.000000 1.000000 1.000000
1.000000 1.000000 1.000000 1.000000
1.000000 1.000000 1.000000 1.000000
1.000000 1.000000 1.000000 1.000000
1.000000 1.000000 1.000000 1.000000
1.000000 1.000000 1.000000 1.000000
1.000000 1.000000 1.000000 1.000000
1.000000 1.000000 1.000000 1.000000
1.000000 1.000000 1.000000 1.000000
1.000000 1.000000 1.000000 1.000000
1.000000 1.000000 1.000000 1.000000
1.000000 1.000000 1.000000 1.000000
1.000000 1.000000 1.000000 1.000000
1.000000 1.000000 1.000000 1.000000
1.000000 1.000000 1.000000 1.000000
1.000000 1.000000 1.000000 1.000000
1.000000 1.000000 1.000000 1.000000
1.000000 1.000000 1.000000 1.000000
1.000000 1.000000 1.000000 1.000000
1.000000 1.000000 1.000000 1.000000
1.000000 1.000000 1.000000 1.000000
1.000000 1.000000 1.000000 1.000000
1.000000 1.000000 1.000000 1.000000
1.000000 1.000000 1.000000 1.000000
1.000000 1.000000 1.000000 1.000000
1.000000 1.000000 1.000000 1.000000
1.000000 1.000000 1.000000 1.000000
1.000000 1.000000 1.000000 1.000000
1.000000 1.000000 1.000000 1.000000
1.000000 1.000000 1.000000 1.000000
1.000000 1.000000 1.000000 1.000000
1.000000 1.000000 1.000000 1.000000
1.000000 1.000000 1.000000 1.000000
1.000000 1.000000 1.000000 1.000000
1.000000 1.000000 1.000000 1.000000
1.000000 1.000000 1.000000 1.000000
1.000000 1.000000 1.000000 1.000000
1.000000 1.000000 1.000000 1.000000
1.000000 1.000000 1.000000 1.000000
1.000000 1.000000 1.000000 1.000000
1.000000 1.000000 1.000000 1.000000
1.000000 1.000000 1.000000 1.000000
1.000000 1.000000 1.000000 1.000000
1.000000 1.000000 1.000000 1.000000
1.000000 1.000000 1.000000 1.000000
1.000000 1.000000 1.000000 1.000000
1.000000 1.000000 1.000000 1.000000
1.000000 1.000000 1.000000 1.000000
1.000000 1.000000 1.000000 1.000000
1.000000 1.000000 1.000000 1.000000
1.000000 1.000000 1.000000 1.000000
1.000000 1.000000 1.000000 1.000000
1.000000 1.000000 1.000000 1.000000
1.000000 1.000000 1.000000 1.000000
1.000000 1.000000 1.000000 1.000000
1.000000 1.000000 1.000000 1.000000
1.000000 1.000000 1.000000 1.000000
1.000000 1.000000 1.000000 1.000000
1.000000 1.000000 1.000000 1.000000
1.000000 1.000000 1.000000 1.000000
1.000000 1.000000 1.000000 1.000000
1.000000 1.000000 1.000000 1.000000
1.000000 1.000000 1.000000 1.000000
1.000000 1.000000 1.000000 1.000000
1.000000 1.000000 1.000000 1.000000
1.000000 1.000000 1.000000 1.000000
1.000000 1.000000 1.000000 1.000000
1.000000 1.000000 1.000000 1.000000
1.000000 1.000000 1.000000 1.000000
1.000000 1.000000 1.000000 1.000000
1.000000 1.000000 1.000000 1.000000
1.000000 1.000000 1.000000 1.000000
1.000000 1.000000 1.000000 1.000000
1.000000 1.000000 1.000000 1.000000
1.000000 1.000000 1.000000 1.000000
1.000000 1.000000 1.000000 1.000000
1.000000 1.000000 1.000000 1.000000
1.000000 1.000000 1.000000 1.000000
1.000000 1.000000 1.000000 1.000000
1.000000 1.000000 1.000000 1.000000
1.000000 1.000000 1.000000 1.000000
1.000000 1.000000 1.000000 1.000000
1.000000 1.000000 1.000000 1.000000
1.000000 1.000000 1.000000 1.000000
1.000000 1.000000 1.000000 1.000000
1.000000 1.000000 1.000000 1.000000
1.000000 1.000000 1.000000 1.000000
1.000000 1.000000 1.000000 1.000000
1.000000 1.000000 1.000000 1.000000
1.000000 1.000000 1.000000 1.000000
1.000000 1.000000 1.000000 1.000000
1.000000 1.000000 1.000000 1.000000
1.000000 1.000000 1.000000 1.000000
1.000000 1.000000 1.000000 1.000000
1.000000 1.000000 1.000000 1.000000
1.000000 1.000000 1.000000 1.000000
1.000000 1.000000 1.000000 1.000000
1.000000 1.000000 1.000000 1.000000
1.000000 1.000000 1.000000 1.000000
1.000000 1.000000 1.000000 1.000000
1.000000 1.000000 1.000000 1.000000
1.000000 1.000000 1.000000 1.000000
1.000000 1.000000 1.000000 1.000000
1.000000 1.000000 1.000000 1.000000
1.000000 1.000000 1.000000 1.000000
1.000000 1.000000 1.000000 1.000000
1.000000 1.000000 1.000000 1.000000
1.000000 1.000000 1.000000 1.000000
1.000000 1.000000 1.000000 1.000000
1.000000 1.000000 1.000000 1.000000
1.000000 1.000000 1.000000 1.000000
1.000000 1.000000 1.000000 1.000000
1.000000 1.000000 1.000000 1.000000
1.000000 1.000000 1.000000 1.000000
1.000000 1.000000 1.000000 1.000000
1.000000 1.000000 1.000000 1.000000
1.000000 1.000000 1.000000 1.000000
1.000000 1.000000 1.000000 1.000000
1.000000 1.000000 1.000000 1.000000
1.000000 1.000000 1.000000 1.000000
1.000000 1.000000 1.000000 1.000000
1.000000 1.000000 1.000000 1.000000
1.000000 1.000000 1.000000 1.000000
1.000000 1.000000 1.000000 1.000000
1.000000 1.000000 1.000000 1.000000
1.000000 1.000000 1.000000 1.000000
1.000000 1.000000 1.000000 1.000000
1.000000 1.000000 1.000000 1.000000
1.000000 1.000000 1.000000 1.000000
1.000000 1.000000 1.000000 1.000000
1.000000 1.000000 1.000000 1.000000
1.000000 1.000000 1.000000 1.000000
1.000000 1.000000 1.000000 1.000000
1.000000 1.000000 1.000000 1.000000
1.000000 1.000000 1.000000 1.000000
1.000000 1.000000 1.000000 1.000000
1.000000 1.000000 1.000000 1.000000
1.000000 1.000000 1.000000 1.000000
1.000000 1.000000 1.000000 1.000000
1.000000 1.000000 1.000000 1.000000
1.000000 1.000000 1.000000 1.000000
1.000000 1.000000 1.000000 1.000000
1.000000 1.000000 1.000000 1.000000
1.000000 1.000000 1.000000 1.000000
1.000000 1.000000 1.000000 1.000000
1.000000 1.000000 1.000000 1.000000
1.000000 1.000000 1.000000 1.000000
1.000000 1.000000 1.000000 1.000000
1.000000 1.000000 1.000000 1.000000
1.000000 1.000000 1.000000 1.000000
1.000000 1.000000 1.000000 1.000000
1.000000 1.000000 1.000000 1.000000
1.000000 1.000000 1.000000 1.000000
1.000000 1.000000 1.000000 1.000000
1.000000 1.000000 1.000000 1.000000
1.000000 1.000000 1.000000 1.000000
1.000000 1.000000 1.000000 1.000000
1.000000 1.000000 1.000000 1.000000
1.000000 1.000000 1.000000 1.000000
1.000000 1.000000 1.000000 1.000000
1.000000 1.000000 1.000000 1.000000
1.000000 1.000000 1.000000 1.000000
1.000000 1.000000 1.000000 1.000000
1.000000 1.000000 1.000000 1.000000
1.000000 1.000000 1.000000 1.000000
1.000000 1.000000 1.000000 1.000000
1.000000 1.000000 1.000000 1.000000
1.000000 1.000000 1.000000 1.000000
1.000000 1.000000 1.000000 1.000000
1.000000 1.000000 1.000000 1.000000
1.000000 1.000000 1.000000 1.000000
1.000000 1.000000 1.000000 1.000000
1.000000 1.000000 1.000000 1.000000
1.000000 1.000000 1.000000 1.000000
1.000000 1.000000 1.000000 1.000000
1.000000 1.000000 1.000000 1.000000
1.000000 1.000000 1.000000 1.000000
1.000000 1.000000 1.000000 1.000000
1.000000 1.000000 1.000000 1.000000
1.000000 1.000000 1.000000 1.000000
1.000000 1.000000 1.000000 1.000000
1.000000 1.000000 1.000000 1.000000
1.000000 1.000000 1.000000 1.000000
1.000000 1.000000 1.000000 1.000000
1.000000 1.000000 1.000000 1.000000
1.000000 1.000000 1.000000 1.000000
1.000000 1.000000 1.000000 1.000000
1.000000 1.000000 1.000000 1.000000
1.000000 1.000000 1.000000 1.000000
1.000000 1.000000 1.000000 1.000000
1.000000 1.000000 1.000000 1.000000
1.000000 1.000000 1.000000 1.000000
1.000000 1.000000 1.000000 1.000000
1.000000 1.000000 1.000000 1.000000
1.000000 1.000000 1.000000 1.000000
1.000000 1.000000 1.000000 1.000000
1.000000 1.000000 1.000000 1.000000
1.000000 1.000000 1.000000 1.000000
1.000000 1.000000 1.000000 1.000000
1.000000 1.000000 1.000000 1.000000
1.000000 1.000000 1.000000 1.000000
1.000000 1.000000 1.000000 1.000000
1.000000 1.000000 1.000000 1.000000
1.000000 1.000000 1.000000 1.000000
1.000000 1.000000 1.000000 1.000000
1.000000 1.000000 1.000000 1.000000
1.000000 1.000000 1.000000 1.000000
1.000000 1.000000 1.000000 1.000000
1.000000 1.000000 1.000000 1.000000
1.000000 1.000000 1.000000 1.000000
1.000000 1.000000 1.000000 1.000000
1.000000 1.000000 1.000000 1.000000
1.000000 1.000000 1.000000 1.000000
1.000000 1.000000 1.000000 1.000000
1.000000 1.000000 1.000000 1.000000
1.000000 1.000000 1.000000 1.000000
1.000000 1.000000 1.000000 1.000000
1.000000 1.000000 1.000000 1.000000
1.000000 1.000000 1.000000 1.000000
1.000000 1.000000 1.000000 1.000000
1.000000 1.000000 1.000000 1.000000
1.000000 1.000000 1.000000 1.000000
1.000000 1.000000 1.000000 1.000000
1.000000 1.000000 1.000000 1.000000
1.000000 1.000000 1.000000 1.000000
1.000000 1.000000 1.000000 1.000000
1.000000 1.000000 1.000000 1.000000
1.000000 1.000000 1.000000 1.000000
1.000000 1.000000 1.000000 1.000000
1.000000 1.000000 1.000000 1.000000
1.000000 1.000000 1.000000 1.000000
1.000000 1.000000 1.000000 1.000000
1.000000 1.000000 1.000000 1.000000
1.000000 1.000000 1.000000 1.000000
1.000000 1.000000 1.000000 1.000000
1.000000 1.000000 1.000000 1.000000
1.000000 1.000000 1.000000 1.000000
1.000000 1.000000 1.000000 1.000000
1.000000 1.000000 1.000000 1.000000
1.000000 1.000000 1.000000 1.000000
1.000000 1.000000 1.000000 1.000000
1.000000 1.000000 1.000000 1.000000
1.000000 1.000000 1.000000 1.000000
1.000000 1.000000 1.000000 1.000000
1.000000 1.000000 1.000000 1.000000
1.000000 1.000000 1.000000 1.000000
1.000000 1.000000 1.000000 1.000000
1.000000 1.000000 1.000000 1.000000
1.000000 1.000000 1.000000 1.000000
1.000000 1.000000 1.000000 1.000000
1.000000 1.000000 1.000000 1.000000
1.000000 1.000000 1.000000 1.000000
1.000000 1.000000 1.000000 1.000000
1.000000 1.000000 1.000000 1.000000
1.000000 1.000000 1.000000 1.000000
1.000000 1.000000 1.000000 1.000000
1.000000 1.000000 1.000000 1.000000
1.000000 1.000000 1.000000 1.000000
1.000000 1.000000 1.000000 1.000000
1.000000 1.000000 1.000000 1.000000
1.000000 1.000000 1.000000 1.000000
1.000000 1.000000 1.000000 1.000000
1.000000 1.000000 1.000000 1.000000
1.000000 1.000000 1.000000 1.000000
1.000000 1.000000 1.000000 1.000000
1.000000 1.000000 1.000000 1.000000
1.000000 1.000000 1.000000 1.000000
1.000000 1.000000 1.000000 1.000000
1.000000 1.000000 1.000000 1.000000
1.000000 1.000000 1.000000 1.000000
1.000000 1.000000 1.000000 1.000000
1.000000 1.000000 1.000000 1.000000
1.000000 1.000000 1.000000 1.000000
1.000000 1.000000 1.000000 1.000000
1.000000 1.000000 1.000000 1.000000
1.000000 1.000000 1.000000 1.000000
1.000000 1.000000 1.000000 1.000000
1.000000 1.000000 1.000000 1.000000
1.000000 1.000000 1.000000 1.000000
1.000000 1.000000 1.000000 1.000000
1.000000 1.000000 1.000000 1.000000
1.000000 1.000000 1.000000 1.000000
1.000000 1.000000 1.000000 1.000000
1.000000 1.000000 1.000000 1.000000
1.000000 1.000000 1.000000 1.000000
1.000000 1.000000 1.000000 1.000000
1.000000 1.000000 1.000000 1.000000
1.000000 1.000000 1.000000 1.000000
1.000000 1.000000 1.000000 1.000000
1.000000 1.000000 1.000000 1.000000
1.000000 1.000000 1.000000 1.000000
1.000000 1.000000 1.000000 1.000000
1.000000 1.000000 1.000000 1.000000
1.000000 1.000000 1.000000 1.000000
1.000000 1.000000 1.000000 1.000000
1.000000 1.000000 1.000000 1.000000
1.000000 1.000000 1.000000 1.000000
1.000000 1.000000 1.000000 1.000000
1.000000 1.000000 1.000000 1.000000
1.000000 1.000000 1.000000 1.000000
1.000000 1.000000 1.000000 1.000000
1.000000 1.000000 1.000000 1.000000
1.000000 1.000000 1.000000 1.000000
1.000000 1.000000 1.000000 1.000000
1.000000 1.000000 1.000000 1.000000
1.000000 1.000000 1.000000 1.000000
1.000000 1.000000 1.000000 1.000000
1.000000 1.000000 1.000000 1.000000
1.000000 1.000000 1.000000 1.000000
1.000000 1.000000 1.000000 1.000000
1.000000 1.000000 1.000000 1.000000
1.000000 1.000000 1.000000 1.000000
1.000000 1.000000 1.000000 1.000000
1.000000 1.000000 1.000000 1.000000
1.000000 1.000000 1.000000 1.000000
1.000000 1.000000 1.000000 1.000000
1.000000 1.000000 1.000000 1.000000
1.000000 1.000000 1.000000 1.000000
1.000000 1.000000 1.000000 1.000000
1.000000 1.000000 1.000000 1.000000
1.000000 1.000000 1.000000 1.000000
1.000000 1.000000 1.000000 1.000000
1.000000 1.000000 1.000000 1.000000
1.000000 1.000000 1.000000 1.000000
1.000000 1.000000 1.000000 1.000000
1.000000 1.000000 1.000000 1.000000
1.000000 1.000000 1.000000 1.000000
1.000000 1.000000 1.000000 1.000000
1.000000 1.000000 1.000000 1.000000
1.000000 1.000000 1.000000 1.000000
1.000000 1.000000 1.000000 1.000000
1.000000 1.000000 1.000000 1.000000
1.000000 1.000000 1.000000 1.000000
1.000000 1.000000 1.000000 1.000000
1.000000 1.000000 1.000000 1.000000
1.000000 1.000000 1.000000 1.000000
1.000000 1.000000 1.000000 1.000000
1.000000 1.000000 1.000000 1.000000
1.000000 1.000000 1.000000 1.000000
1.000000 1.000000 1.000000 1.000000
1.000000 1.000000 1.000000 1.000000
1.000000 1.000000 1.000000 1.000000
1.000000 1.000000 1.000000 1.000000
1.000000 1.000000 1.000000 1.000000
1.000000 1.000000 1.000000 1.000000
1.000000 1.000000 1.000000 1.000000
1.000000 1.000000 1.000000 1.000000
1.000000 1.000000 1.000000 1.000000
1.000000 1.000000 1.000000 1.000000
1.000000 1.000000 1.000000 1.000000
1.000000 1.000000 1.000000 1.000000
1.000000 1.000000 1.000000 1.000000
1.000000 1.000000 1.000000 1.000000
1.000000 1.000000 1.000000 1.000000
1.000000 1.000000 1.000000 1.000000
1.000000 1.000000 1.000000 1.000000
1.000000 1.000000 1.000000 1.000000
1.000000 1.000000 1.000000 1.000000
1.000000 1.000000 1.000000 1.000000
1.000000 1.000000 1.000000 1.000000
1.000000 1.000000 1.000000 1.000000
1.000000 1.000000 1.000000 1.000000
1.000000 1.000000 1.000000 1.000000
1.000000 1.000000 1.000000 1.000000
1.000000 1.000000 1.000000 1.000000
1.000000 1.000000 1.000000 1.000000
1.000000 1.000000 1.000000 1.000000
1.000000 1.000000 1.000000 1.000000
1.000000 1.000000 1.000000 1.000000
1.000000 1.000000 1.000000 1.000000
1.000000 1.000000 1.000000 1.000000
1.000000 1.000000 1.000000 1.000000
1.000000 1.000000 1.000000 1.000000
1.000000 1.000000 1.000000 1.000000
1.000000 1.000000 1.000000 1.000000
1.000000 1.000000 1.000000 1.000000
1.000000 1.000000 1.000000 1.000000
1.000000 1.000000 1.000000 1.000000
1.000000 1.000000 1.000000 1.000000
1.000000 1.000000 1.000000 1.000000
1.000000 1.000000 1.000000 1.000000
1.000000 1.000000 1.000000 1.000000
1.000000 1.000000 1.000000 1.000000
1.000000 1.000000 1.000000 1.000000
1.000000 1.000000 1.000000 1.000000
1.000000 1.000000 1.000000 1.000000
1.000000 1.000000 1.000000 1.000000
1.000000 1.000000 1.000000 1.000000
1.000000 1.000000 1.000000 1.000000
1.000000 1.000000 1.000000 1.000000
1.000000 1.000000 1.000000 1.000000
1.000000 1.000000 1.000000 1.000000
1.000000 1.000000 1.000000 1.000000
1.000000 1.000000 1.000000 1.000000
1.000000 1.000000 1.000000 1.000000
1.000000 1.000000 1.000000 1.000000
1.000000 1.000000 1.000000 1.000000
1.000000 1.000000 1.000000 1.000000
1.000000 1.000000 1.000000 1.000000
1.000000 1.000000 1.000000 1.000000
1.000000 1.000000 1.000000 1.000000
1.000000 1.000000 1.000000 1.000000
1.000000 1.000000 1.000000 1.000000
1.000000 1.000000 1.000000 1.000000
1.000000 1.000000 1.000000 1.000000
1.000000 1.000000 1.000000 1.000000
1.000000 1.000000 1.000000 1.000000
1.000000 1.000000 1.000000 1.000000
1.000000 1.000000 1.000000 1.000000
1.000000 1.000000 1.000000 1.000000
1.000000 1.000000 1.000000 1.000000
1.000000 1.000000 1.000000 1.000000
1.000000 1.000000 1.000000 1.000000
1.000000 1.000000 1.000000 1.000000
1.000000 1.000000 1.000000 1.000000
1.000000 1.000000 1.000000 1.000000
1.000000 1.000000 1.000000 1.000000
1.000000 1.000000 1.000000 1.000000
1.000000 1.000000 1.000000 1.000000
1.000000 1.000000 1.000000 1.000000
1.000000 1.000000 1.000000 1.000000
1.000000 1.000000 1.000000 1.000000
1.000000 1.000000 1.000000 1.000000
1.000000 1.000000 1.000000 1.000000
1.000000 1.000000 1.000000 1.000000
1.000000 1.000000 1.000000 1.000000
1.000000 1.000000 1.000000 1.000000
1.000000 1.000000 1.000000 1.000000
1.000000 1.000000 1.000000 1.000000
1.000000 1.000000 1.000000 1.000000
1.000000 1.000000 1.000000 1.000000
1.000000 1.000000 1.000000 1.000000
1.000000 1.000000 1.000000 1.000000
1.000000 1.000000 1.000000 1.000000
1.000000 1.000000 1.000000 1.000000
1.000000 1.000000 1.000000 1.000000
1.000000 1.000000 1.000000 1.000000
1.000000 1.000000 1.000000 1.000000
1.000000 1.000000 1.000000 1.000000
1.000000 1.000000 1.000000 1.000000
1.000000 1.000000 1.000000 1.000000
1.000000 1.000000 1.000000 1.000000
1.000000 1.000000 1.000000 1.000000
1.000000 1.000000 1.000000 1.000000
1.000000 1.000000 1.000000 1.000000
1.000000 1.000000 1.000000 1.000000
1.000000 1.000000 1.000000 1.000000
1.000000 1.000000 1.000000 1.000000
1.000000 1.000000 1.000000 1.000000
1.000000 1.000000 1.000000 1.000000
1.000000 1.000000 1.000000 1.000000
1.000000 1.000000 1.000000 1.000000
1.000000 1.000000 1.000000 1.000000
1.000000 1.000000 1.000000 1.000000
1.000000 1.000000 1.000000 1.000000
1.000000 1.000000 1.000000 1.000000
1.000000 1.000000 1.000000 1.000000
1.000000 1.000000 1.000000 1.000000
1.000000 1.000000 1.000000 1.000000
1.000000 1.000000 1.000000 1.000000
1.000000 1.000000 1.000000 1.000000
1.000000 1.000000 1.000000 1.000000
1.000000 1.000000 1.000000 1.000000
1.000000 1.000000 1.000000 1.000000
1.000000 1.000000 1.000000 1.000000
1.000000 1.000000 1.000000 1.000000
1.000000 1.000000 1.000000 1.000000
1.000000 1.000000 1.000000 1.000000
1.000000 1.000000 1.000000 1.000000
1.000000 1.000000 1.000000 1.000000
1.000000 1.000000 1.000000 1.000000
1.000000 1.000000 1.000000 1.000000
1.000000 1.000000 1.000000 1.000000
1.000000 1.000000 1.000000 1.000000
1.000000 1.000000 1.000000 1.000000
1.000000 1.000000 1.000000 1.000000
1.000000 1.000000 1.000000 1.000000
1.000000 1.000000 1.000000 1.000000
1.000000 1.000000 1.000000 1.000000
1.000000 1.000000 1.000000 1.000000
1.000000 1.000000 1.000000 1.000000
1.000000 1.000000 1.000000 1.000000
1.000000 1.000000 1.000000 1.000000
1.000000 1.000000 1.000000 1.000000
1.000000 1.000000 1.000000 1.000000
1.000000 1.000000 1.000000 1.000000
1.000000 1.000000 1.000000 1.000000
1.000000 1.000000 1.000000 1.000000
1.000000 1.000000 1.000000 1.000000
1.000000 1.000000 1.000000 1.000000
1.000000 1.000000 1.000000 1.000000
1.000000 1.000000 1.000000 1.000000
1.000000 1.000000 1.000000 1.000000
1.000000 1.000000 1.000000 1.000000
1.000000 1.000000 1.000000 1.000000
1.000000 1.000000 1.000000 1.000000
1.000000 1.000000 1.000000 1.000000
1.000000 1.000000 1.000000 1.000000
1.000000 1.000000 1.000000 1.000000
1.000000 1.000000 1.000000 1.000000
1.000000 1.000000 1.000000 1.000000
1.000000 1.000000 1.000000 1.000000
1.000000 1.000000 1.000000 1.000000
1.000000 1.000000 1.000000 1.000000
1.000000 1.000000 1.000000 1.000000
1.000000 1.000000 1.000000 1.000000
1.000000 1.000000 1.000000 1.000000
1.000000 1.000000 1.000000 1.000000
1.000000 1.000000 1.000000 1.000000
1.000000 1.000000 1.000000 1.000000
1.000000 1.000000 1.000000 1.000000
1.000000 1.000000 1.000000 1.000000
1.000000 1.000000 1.000000 1.000000
1.000000 1.000000 1.000000 1.000000
1.000000 1.000000 1.000000 1.000000
1.000000 1.000000 1.000000 1.000000
1.000000 1.000000 1.000000 1.000000
1.000000 1.000000 1.000000 1.000000
1.000000 1.000000 1.000000 1.000000
1.000000 1.000000 1.000000 1.000000
1.000000 1.000000 1.000000 1.000000
1.000000 1.000000 1.000000 1.000000
1.000000 1.000000 1.000000 1.000000
1.000000 1.000000 1.000000 1.000000
1.000000 1.000000 1.000000 1.000000
1.000000 1.000000 1.000000 1.000000
1.000000 1.000000 1.000000 1.000000
1.000000 1.000000 1.000000 1.000000
1.000000 1.000000 1.000000 1.000000
1.000000 1.000000 1.000000 1.000000
1.000000 1.000000 1.000000 1.000000
1.000000 1.000000 1.000000 1.000000
1.000000 1.000000 1.000000 1.000000
1.000000 1.000000 1.000000 1.000000
1.000000 1.000000 1.000000 1.000000
1.000000 1.000000 1.000000 1.000000
1.000000 1.000000 1.000000 1.000000
1.000000 1.000000 1.000000 1.000000
1.000000 1.000000 1.000000 1.000000
1.000000 1.000000 1.000000 1.000000
1.000000 1.000000 1.000000 1.000000
1.000000 1.000000 1.000000 1.000000
1.000000 1.000000 1.000000 1.000000
1.000000 1.000000 1.000000 1.000000
1.000000 1.000000 1.000000 1.000000
1.000000 1.000000 1.000000 1.000000
1.000000 1.000000 1.000000 1.000000
1.000000 1.000000 1.000000 1.000000
1.000000 1.000000 1.000000 1.000000
1.000000 1.000000 1.000000 1.000000
1.000000 1.000000 1.000000 1.000000
1.000000 1.000000 1.000000 1.000000
1.000000 1.000000 1.000000 1.000000
1.000000 1.000000 1.000000 1.000000
1.000000 1.000000 1.000000 1.000000
1.000000 1.000000 1.000000 1.000000
1.000000 1.000000 1.000000 1.000000
1.000000 1.000000 1.000000 1.000000
1.000000 1.000000 1.000000 1.000000
1.000000 1.000000 1.000000 1.000000
1.000000 1.000000 1.000000 1.000000
1.000000 1.000000 1.000000 1.000000
1.000000 1.000000 1.000000 1.000000
1.000000 1.000000 1.000000 1.000000
1.000000 1.000000 1.000000 1.000000
1.000000 1.000000 1.000000 1.000000
1.000000 1.000000 1.000000 1.000000
1.000000 1.000000 1.000000 1.000000
1.000000 1.000000 1.000000 1.000000
1.000000 1.000000 1.000000 1.000000
1.000000 1.000000 1.000000 1.000000
1.000000 1.000000 1.000000 1.000000
1.000000 1.000000 1.000000 1.000000
1.000000 1.000000 1.000000 1.000000
1.000000 1.000000 1.000000 1.000000
1.000000 1.000000 1.000000 1.000000
1.000000 1.000000 1.000000 1.000000
1.000000 1.000000 1.000000 1.000000
1.000000 1.000000 1.000000 1.000000
1.000000 1.000000 1.000000 1.000000
1.000000 1.000000 1.000000 1.000000
1.000000 1.000000 1.000000 1.000000
1.000000 1.000000 1.000000 1.000000
1.000000 1.000000 1.000000 1.000000
1.000000 1.000000 1.000000 1.000000
1.000000 1.000000 1.000000 1.000000
1.000000 1.000000 1.000000 1.000000
1.000000 1.000000 1.000000 1.000000
1.000000 1.000000 1.000000 1.000000
1.000000 1.000000 1.000000 1.000000
1.000000 1.000000 1.000000 1.000000
1.000000 1.000000 1.000000 1.000000
1.000000 1.000000 1.000000 1.000000
1.000000 1.000000 1.000000 1.000000
1.000000 1.000000 1.000000 1.000000
1.000000 1.000000 1.000000 1.000000
1.000000 1.000000 1.000000 1.000000
1.000000 1.000000 1.000000 1.000000
1.000000 1.000000 1.000000 1.000000
1.000000 1.000000 1.000000 1.000000
1.000000 1.000000 1.000000 1.000000
1.000000 1.000000 1.000000 1.000000
1.000000 1.000000 1.000000 1.000000
1.000000 1.000000 1.000000 1.000000
1.000000 1.000000 1.000000 1.000000
1.000000 1.000000 1.000000 1.000000
1.000000 1.000000 1.000000 1.000000
1.000000 1.000000 1.000000 1.000000
1.000000 1.000000 1.000000 1.000000
1.000000 1.000000 1.000000 1.000000
1.000000 1.000000 1.000000 1.000000
1.000000 1.000000 1.000000 1.000000
1.000000 1.000000 1.000000 1.000000
1.000000 1.000000 1.000000 1.000000
1.000000 1.000000 1.000000 1.000000
1.000000 1.000000 1.000000 1.000000
1.000000 1.000000 1.000000 1.000000
1.000000 1.000000 1.000000 1.000000
1.000000 1.000000 1.000000 1.000000
1.000000 1.000000 1.000000 1.000000
1.000000 1.000000 1.000000 1.000000
1.000000 1.000000 1.000000 1.000000
1.000000 1.000000 1.000000 1.000000
1.000000 1.000000 1.000000 1.000000
1.000000 1.000000 1.000000 1.000000
1.000000 1.000000 1.000000 1.000000
1.000000 1.000000 1.000000 1.000000
1.000000 1.000000 1.000000 1.000000
1.000000 1.000000 1.000000 1.000000
1.000000 1.000000 1.000000 1.000000
1.000000 1.000000 1.000000 1.000000
1.000000 1.000000 1.000000 1.000000
1.000000 1.000000 1.000000 1.000000
1.000000 1.000000 1.000000 1.000000
1.000000 1.000000 1.000000 1.000000
1.000000 1.000000 1.000000 1.000000
1.000000 1.000000 1.000000 1.000000
1.000000 1.000000 1.000000 1.000000
1.000000 1.000000 1.000000 1.000000
1.000000 1.000000 1.000000 1.000000
1.000000 1.000000 1.000000 1.000000
1.000000 1.000000 1.000000 1.000000
1.000000 1.000000 1.000000 1.000000
1.000000 1.000000 1.000000 1.000000
1.000000 1.000000 1.000000 1.000000
1.000000 1.000000 1.000000 1.000000
1.000000 1.000000 1.000000 1.000000
1.000000 1.000000 1.000000 1.000000
1.000000 1.000000 1.000000 1.000000
1.000000 1.000000 1.000000 1.000000
1.000000 1.000000 1.000000 1.000000
1.000000 1.000000 1.000000 1.000000
1.000000 1.000000 1.000000 1.000000
1.000000 1.000000 1.000000 1.000000
1.000000 1.000000 1.000000 1.000000
1.000000 1.000000 1.000000 1.000000
1.000000 1.000000 1.000000 1.000000
1.000000 1.000000 1.000000 1.000000
1.000000 1.000000 1.000000 1.000000
1.000000 1.000000 1.000000 1.000000
1.000000 1.000000 1.000000 1.000000
1.000000 1.000000 1.000000 1.000000
1.000000 1.000000 1.000000 1.000000
1.000000 1.000000 1.000000 1.000000
1.000000 1.000000 1.000000 1.000000
1.000000 1.000000 1.000000 1.000000
1.000000 1.000000 1.000000 1.000000
1.000000 1.000000 1.000000 1.000000
1.000000 1.000000 1.000000 1.000000
1.000000 1.000000 1.000000 1.000000
1.000000 1.000000 1.000000 1.000000
1.000000 1.000000 1.000000 1.000000
1.000000 1.000000 1.000000 1.000000
1.000000 1.000000 1.000000 1.000000
1.000000 1.000000 1.000000 1.000000
1.000000 1.000000 1.000000 1.000000
1.000000 1.000000 1.000000 1.000000
1.000000 1.000000 1.000000 1.000000
1.000000 1.000000 1.000000 1.000000
1.000000 1.000000 1.000000 1.000000
1.000000 1.000000 1.000000 1.000000
1.000000 1.000000 1.000000 1.000000
1.000000 1.000000 1.000000 1.000000
1.000000 1.000000 1.000000 1.000000
1.000000 1.000000 1.000000 1.000000
1.000000 1.000000 1.000000 1.000000
1.000000 1.000000 1.000000 1.000000
1.000000 1.000000 1.000000 1.000000
1.000000 1.000000 1.000000 1.000000
1.000000 1.000000 1.000000 1.000000
1.000000 1.000000 1.000000 1.000000
1.000000 1.000000 1.000000 1.000000
1.000000 1.000000 1.000000 1.000000
1.000000 1.000000 1.000000 1.000000
1.000000 1.000000 1.000000 1.000000
1.000000 1.000000 1.000000 1.000000
1.000000 1.000000 1.000000 1.000000
1.000000 1.000000 1.000000 1.000000
1.000000 1.000000 1.000000 1.000000
1.000000 1.000000 1.000000 1.000000
1.000000 1.000000 1.000000 1.000000
1.000000 1.000000 1.000000 1.000000
1.000000 1.000000 1.000000 1.000000
1.000000 1.000000 1.000000 1.000000
1.000000 1.000000 1.000000 1.000000
1.000000 1.000000 1.000000 1.000000
1.000000 1.000000 1.000000 1.000000
1.000000 1.000000 1.000000 1.000000
1.000000 1.000000 1.000000 1.000000
1.000000 1.000000 1.000000 1.000000
1.000000 1.000000 1.000000 1.000000
1.000000 1.000000 1.000000 1.000000
1.000000 1.000000 1.000000 1.000000
1.000000 1.000000 1.000000 1.000000
1.000000 1.000000 1.000000 1.000000
1.000000 1.000000 1.000000 1.000000
1.000000 1.000000 1.000000 1.000000
1.000000 1.000000 1.000000 1.000000
1.000000 1.000000 1.000000 1.000000
1.000000 1.000000 1.000000 1.000000
1.000000 1.000000 1.000000 1.000000
1.000000 1.000000 1.000000 1.000000
1.000000 1.000000 1.000000 1.000000
1.000000 1.000000 1.000000 1.000000
1.000000 1.000000 1.000000 1.000000
1.000000 1.000000 1.000000 1.000000
1.000000 1.000000 1.000000 1.000000
1.000000 1.000000 1.000000 1.000000
1.000000 1.000000 1.000000 1.000000
1.000000 1.000000 1.000000 1.000000
1.000000 1.000000 1.000000 1.000000
1.000000 1.000000 1.000000 1.000000
1.000000 1.000000 1.000000 1.000000
1.000000 1.000000 1.000000 1.000000
1.000000 1.000000 1.000000 1.000000
1.000000 1.000000 1.000000 1.000000
1.000000 1.000000 1.000000 1.000000
1.000000 1.000000 1.000000 1.000000
1.000000 1.000000 1.000000 1.000000
1.000000 1.000000 1.000000 1.000000
1.000000 1.000000 1.000000 1.000000
1.000000 1.000000 1.000000 1.000000
1.000000 1.000000 1.000000 1.000000
1.000000 1.000000 1.000000 1.000000
1.000000 1.000000 1.000000 1.000000
1.000000 1.000000 1.000000 1.000000
1.000000 1.000000 1.000000 1.000000
1.000000 1.000000 1.000000 1.000000
1.000000 1.000000 1.000000 1.000000
1.000000 1.000000 1.000000 1.000000
1.000000 1.000000 1.000000 1.000000
1.000000 1.000000 1.000000 1.000000
1.000000 1.000000 1.000000 1.000000
1.000000 1.000000 1.000000 1.000000
1.000000 1.000000 1.000000 1.000000
1.000000 1.000000 1.000000 1.000000
1.000000 1.000000 1.000000 1.000000
1.000000 1.000000 1.000000 1.000000
1.000000 1.000000 1.000000 1.000000
1.000000 1.000000 1.000000 1.000000
1.000000 1.000000 1.000000 1.000000
1.000000 1.000000 1.000000 1.000000
1.000000 1.000000 1.000000 1.000000
1.000000 1.000000 1.000000 1.000000
1.000000 1.000000 1.000000 1.000000
1.000000 1.000000 1.000000 1.000000
1.000000 1.000000 1.000000 1.000000
1.000000 1.000000 1.000000 1.000000
1.000000 1.000000 1.000000 1.000000
1.000000 1.000000 1.000000 1.000000
1.000000 1.000000 1.000000 1.000000
1.000000 1.000000 1.000000 1.000000
1.000000 1.000000 1.000000 1.000000
1.000000 1.000000 1.000000 1.000000
1.000000 1.000000 1.000000 1.000000
1.000000 1.000000 1.000000 1.000000
1.000000 1.000000 1.000000 1.000000
1.000000 1.000000 1.000000 1.000000
1.000000 1.000000 1.000000 1.000000
1.000000 1.000000 1.000000 1.000000
1.000000 1.000000 1.000000 1.000000
1.000000 1.000000 1.000000 1.000000
1.000000 1.000000 1.000000 1.000000
1.000000 1.000000 1.000000 1.000000
1.000000 1.000000 1.000000 1.000000
1.000000 1.000000 1.000000 1.000000
1.000000 1.000000 1.000000 1.000000
1.000000 1.000000 1.000000 1.000000
1.000000 1.000000 1.000000 1.000000
1.000000 1.000000 1.000000 1.000000
1.000000 1.000000 1.000000 1.000000
1.000000 1.000000 1.000000 1.000000
1.000000 1.000000 1.000000 1.000000
1.000000 1.000000 1.000000 1.000000
1.000000 1.000000 1.000000 1.000000
1.000000 1.000000 1.000000 1.000000
1.000000 1.000000 1.000000 1.000000
1.000000 1.000000 1.000000 1.000000
1.000000 1.000000 1.000000 1.000000
1.000000 1.000000 1.000000 1.000000
1.000000 1.000000 1.000000 1.000000
1.000000 1.000000 1.000000 1.000000
1.000000 1.000000 1.000000 1.000000
1.000000 1.000000 1.000000 1.000000
1.000000 1.000000 1.000000 1.000000
1.000000 1.000000 1.000000 1.000000
1.000000 1.000000 1.000000 1.000000
1.000000 1.000000 1.000000 1.000000
1.000000 1.000000 1.000000 1.000000
1.000000 1.000000 1.000000 1.000000
1.000000 1.000000 1.000000 1.000000
1.000000 1.000000 1.000000 1.000000
1.000000 1.000000 1.000000 1.000000
1.000000 1.000000 1.000000 1.000000
1.000000 1.000000 1.000000 1.000000
1.000000 1.000000 1.000000 1.000000
1.000000 1.000000 1.000000 1.000000
1.000000 1.000000 1.000000 1.000000
1.000000 1.000000 1.000000 1.000000
1.000000 1.000000 1.000000 1.000000
1.000000 1.000000 1.000000 1.000000
1.000000 1.000000 1.000000 1.000000
1.000000 1.000000 1.000000 1.000000
1.000000 1.000000 1.000000 1.000000
1.000000 1.000000 1.000000 1.000000
1.000000 1.000000 1.000000 1.000000
1.000000 1.000000 1.000000 1.000000
1.000000 1.000000 1.000000 1.000000
1.000000 1.000000 1.000000 1.000000
1.000000 1.000000 1.000000 1.000000
1.000000 1.000000 1.000000 1.000000
1.000000 1.000000 1.000000 1.000000
1.000000 1.000000 1.000000 1.000000
1.000000 1.000000 1.000000 1.000000
1.000000 1.000000 1.000000 1.000000
1.000000 1.000000 1.000000 1.000000
1.000000 1.000000 1.000000 1.000000
1.000000 1.000000 1.000000 1.000000
1.000000 1.000000 1.000000 1.000000
1.000000 1.000000 1.000000 1.000000
1.000000 1.000000 1.000000 1.000000
1.000000 1.000000 1.000000 1.000000
1.000000 1.000000 1.000000 1.000000
1.000000 1.000000 1.000000 1.000000
1.000000 1.000000 1.000000 1.000000
1.000000 1.000000 1.000000 1.000000
1.000000 1.000000 1.000000 1.000000
1.000000 1.000000 1.000000 1.000000
1.000000 1.000000 1.000000 1.000000
1.000000 1.000000 1.000000 1.000000
1.000000 1.000000 1.000000 1.000000
1.000000 1.000000 1.000000 1.000000
1.000000 1.000000 1.000000 1.000000
1.000000 1.000000 1.000000 1.000000
1.000000 1.000000 1.000000 1.000000
1.000000 1.000000 1.000000 1.000000
1.000000 1.000000 1.000000 1.000000
1.000000 1.000000 1.000000 1.000000
1.000000 1.000000 1.000000 1.000000
1.000000 1.000000 1.000000 1.000000
1.000000 1.000000 1.000000 1.000000
1.000000 1.000000 1.000000 1.000000
1.000000 1.000000 1.000000 1.000000
1.000000 1.000000 1.000000 1.000000
1.000000 1.000000 1.000000 1.000000
1.000000 1.000000 1.000000 1.000000
1.000000 1.000000 1.000000 1.000000
1.000000 1.000000 1.000000 1.000000
1.000000 1.000000 1.000000 1.000000
1.000000 1.000000 1.000000 1.000000
1.000000 1.000000 1.000000 1.000000
1.000000 1.000000 1.000000 1.000000
1.000000 1.000000 1.000000 1.000000
1.000000 1.000000 1.000000 1.000000
1.000000 1.000000 1.000000 1.000000
1.000000 1.000000 1.000000 1.000000
1.000000 1.000000 1.000000 1.000000
1.000000 1.000000 1.000000 1.000000
1.000000 1.000000 1.000000 1.000000
1.000000 1.000000 1.000000 1.000000
1.000000 1.000000 1.000000 1.000000
1.000000 1.000000 1.000000 1.000000
1.000000 1.000000 1.000000 1.000000
1.000000 1.000000 1.000000 1.000000
1.000000 1.000000 1.000000 1.000000
1.000000 1.000000 1.000000 1.000000
1.000000 1.000000 1.000000 1.000000
1.000000 1.000000 1.000000 1.000000
1.000000 1.000000 1.000000 1.000000
1.000000 1.000000 1.000000 1.000000
1.000000 1.000000 1.000000 1.000000
1.000000 1.000000 1.000000 1.000000
1.000000 1.000000 1.000000 1.000000
1.000000 1.000000 1.000000 1.000000
1.000000 1.000000 1.000000 1.000000
1.000000 1.000000 1.000000 1.000000
1.000000 1.000000 1.000000 1.000000
1.000000 1.000000 1.000000 1.000000
1.000000 1.000000 1.000000 1.000000
1.000000 1.000000 1.000000 1.000000
1.000000 1.000000 1.000000 1.000000
1.000000 1.000000 1.000000 1.000000
1.000000 1.000000 1.000000 1.000000
1.000000 1.000000 1.000000 1.000000
1.000000 1.000000 1.000000 1.000000
1.000000 1.000000 1.000000 1.000000
1.000000 1.000000 1.000000 1.000000
1.000000 1.000000 1.000000 1.000000
1.000000 1.000000 1.000000 1.000000
1.000000 1.000000 1.000000 1.000000
1.000000 1.000000 1.000000 1.000000
1.000000 1.000000 1.000000 1.000000
1.000000 1.000000 1.000000 1.000000
1.000000 1.000000 1.000000 1.000000
1.000000 1.000000 1.000000 1.000000
1.000000 1.000000 1.000000 1.000000
1.000000 1.000000 1.000000 1.000000
1.000000 1.000000 1.000000 1.000000
1.000000 1.000000 1.000000 1.000000
1.000000 1.000000 1.000000 1.000000
1.000000 1.000000 1.000000 1.000000
1.000000 1.000000 1.000000 1.000000
1.000000 1.000000 1.000000 1.000000
1.000000 1.000000 1.000000 1.000000
1.000000 1.000000 1.000000 1.000000
1.000000 1.000000 1.000000 1.000000
1.000000 1.000000 1.000000 1.000000
1.000000 1.000000 1.000000 1.000000
1.000000 1.000000 1.000000 1.000000
1.000000 1.000000 1.000000 1.000000
1.000000 1.000000 1.000000 1.000000
1.000000 1.000000 1.000000 1.000000
1.000000 1.000000 1.000000 1.000000
1.000000 1.000000 1.000000 1.000000
1.000000 1.000000 1.000000 1.000000
1.000000 1.000000 1.000000 1.000000
1.000000 1.000000 1.000000 1.000000
1.000000 1.000000 1.000000 1.000000
1.000000 1.000000 1.000000 1.000000
1.000000 1.000000 1.000000 1.000000
1.000000 1.000000 1.000000 1.000000
1.000000 1.000000 1.000000 1.000000
1.000000 1.000000 1.000000 1.000000
1.000000 1.000000 1.000000 1.000000
1.000000 1.000000 1.000000 1.000000
1.000000 1.000000 1.000000 1.000000
1.000000 1.000000 1.000000 1.000000
1.000000 1.000000 1.000000 1.000000
1.000000 1.000000 1.000000 1.000000
1.000000 1.000000 1.000000 1.000000
1.000000 1.000000 1.000000 1.000000
1.000000 1.000000 1.000000 1.000000
1.000000 1.000000 1.000000 1.000000
1.000000 1.000000 1.000000 1.000000
1.000000 1.000000 1.000000 1.000000
1.000000 1.000000 1.000000 1.000000
1.000000 1.000000 1.000000 1.000000
1.000000 1.000000 1.000000 1.000000
1.000000 1.000000 1.000000 1.000000
1.000000 1.000000 1.000000 1.000000
1.000000 1.000000 1.000000 1.000000
1.000000 1.000000 1.000000 1.000000
1.000000 1.000000 1.000000 1.000000
1.000000 1.000000 1.000000 1.000000
1.000000 1.000000 1.000000 1.000000
1.000000 1.000000 1.000000 1.000000
1.000000 1.000000 1.000000 1.000000
1.000000 1.000000 1.000000 1.000000
1.000000 1.000000 1.000000 1.000000
1.000000 1.000000 1.000000 1.000000
1.000000 1.000000 1.000000 1.000000
1.000000 1.000000 1.000000 1.000000
1.000000 1.000000 1.000000 1.000000
1.000000 1.000000 1.000000 1.000000
1.000000 1.000000 1.000000 1.000000
1.000000 1.000000 1.000000 1.000000
1.000000 1.000000 1.000000 1.000000
1.000000 1.000000 1.000000 1.000000
1.000000 1.000000 1.000000 1.000000
1.000000 1.000000 1.000000 1.000000
1.000000 1.000000 1.000000 1.000000
1.000000 1.000000 1.000000 1.000000
1.000000 1.000000 1.000000 1.000000
1.000000 1.000000 1.000000 1.000000
1.000000 1.000000 1.000000 1.000000
1.000000 1.000000 1.000000 1.000000
1.000000 1.000000 1.000000 1.000000
1.000000 1.000000 1.000000 1.000000
1.000000 1.000000 1.000000 1.000000
1.000000 1.000000 1.000000 1.000000
1.000000 1.000000 1.000000 1.000000
1.000000 1.000000 1.000000 1.000000
1.000000 1.000000 1.000000 1.000000
1.000000 1.000000 1.000000 1.000000
1.000000 1.000000 1.000000 1.000000
1.000000 1.000000 1.000000 1.000000
1.000000 1.000000 1.000000 1.000000
1.000000 1.000000 1.000000 1.000000
1.000000 1.000000 1.000000 1.000000
1.000000 1.000000 1.000000 1.000000
1.000000 1.000000 1.000000 1.000000
1.000000 1.000000 1.000000 1.000000
1.000000 1.000000 1.000000 1.000000
1.000000 1.000000 1.000000 1.000000
1.000000 1.000000 1.000000 1.000000
1.000000 1.000000 1.000000 1.000000
1.000000 1.000000 1.000000 1.000000
1.000000 1.000000 1.000000 1.000000
1.000000 1.000000 1.000000 1.000000
1.000000 1.000000 1.000000 1.000000
1.000000 1.000000 1.000000 1.000000
1.000000 1.000000 1.000000 1.000000
1.000000 1.000000 1.000000 1.000000
1.000000 1.000000 1.000000 1.000000
1.000000 1.000000 1.000000 1.000000
1.000000 1.000000 1.000000 1.000000
1.000000 1.000000 1.000000 1.000000
1.000000 1.000000 1.000000 1.000000
1.000000 1.000000 1.000000 1.000000
1.000000 1.000000 1.000000 1.000000
1.000000 1.000000 1.000000 1.000000
1.000000 1.000000 1.000000 1.000000
1.000000 1.000000 1.000000 1.000000
1.000000 1.000000 1.000000 1.000000
1.000000 1.000000 1.000000 1.000000
1.000000 1.000000 1.000000 1.000000
1.000000 1.000000 1.000000 1.000000
1.000000 1.000000 1.000000 1.000000
1.000000 1.000000 1.000000 1.000000
1.000000 1.000000 1.000000 1.000000
1.000000 1.000000 1.000000 1.000000
1.000000 1.000000 1.000000 1.000000
1.000000 1.000000 1.000000 1.000000
1.000000 1.000000 1.000000 1.000000
1.000000 1.000000 1.000000 1.000000
1.000000 1.000000 1.000000 1.000000
1.000000 1.000000 1.000000 1.000000
1.000000 1.000000 1.000000 1.000000
1.000000 1.000000 1.000000 1.000000
1.000000 1.000000 1.000000 1.000000
1.000000 1.000000 1.000000 1.000000
1.000000 1.000000 1.000000 1.000000
1.000000 1.000000 1.000000 1.000000
1.000000 1.000000 1.000000 1.000000
1.000000 1.000000 1.000000 1.000000
1.000000 1.000000 1.000000 1.000000
1.000000 1.000000 1.000000 1.000000
1.000000 1.000000 1.000000 1.000000
1.000000 1.000000 1.000000 1.000000
1.000000 1.000000 1.000000 1.000000
1.000000 1.000000 1.000000 1.000000
1.000000 1.000000 1.000000 1.000000
1.000000 1.000000 1.000000 1.000000
1.000000 1.000000 1.000000 1.000000
1.000000 1.000000 1.000000 1.000000
1.000000 1.000000 1.000000 1.000000
1.000000 1.000000 1.000000 1.000000
1.000000 1.000000 1.000000 1.000000
1.000000 1.000000 1.000000 1.000000
1.000000 1.000000 1.000000 1.000000
1.000000 1.000000 1.000000 1.000000
1.000000 1.000000 1.000000 1.000000
1.000000 1.000000 1.000000 1.000000
1.000000 1.000000 1.000000 1.000000
1.000000 1.000000 1.000000 1.000000
1.000000 1.000000 1.000000 1.000000
1.000000 1.000000 1.000000 1.000000
1.000000 1.000000 1.000000 1.000000
1.000000 1.000000 1.000000 1.000000
1.000000 1.000000 1.000000 1.000000
1.000000 1.000000 1.000000 1.000000
1.000000 1.000000 1.000000 1.000000
1.000000 1.000000 1.000000 1.000000
1.000000 1.000000 1.000000 1.000000
1.000000 1.000000 1.000000 1.000000
1.000000 1.000000 1.000000 1.000000
1.000000 1.000000 1.000000 1.000000
1.000000 1.000000 1.000000 1.000000
1.000000 1.000000 1.000000 1.000000
1.000000 1.000000 1.000000 1.000000
1.000000 1.000000 1.000000 1.000000
1.000000 1.000000 1.000000 1.000000
1.000000 1.000000 1.000000 1.000000
1.000000 1.000000 1.000000 1.000000
1.000000 1.000000 1.000000 1.000000
1.000000 1.000000 1.000000 1.000000
1.000000 1.000000 1.000000 1.000000
1.000000 1.000000 1.000000 1.000000
1.000000 1.000000 1.000000 1.000000
1.000000 1.000000 1.000000 1.000000
1.000000 1.000000 1.000000 1.000000
1.000000 1.000000 1.000000 1.000000
1.000000 1.000000 1.000000 1.000000
1.000000 1.000000 1.000000 1.000000
1.000000 1.000000 1.000000 1.000000
1.000000 1.000000 1.000000 1.000000
1.000000 1.000000 1.000000 1.000000
1.000000 1.000000 1.000000 1.000000
1.000000 1.000000 1.000000 1.000000
1.000000 1.000000 1.000000 1.000000
1.000000 1.000000 1.000000 1.000000
1.000000 1.000000 1.000000 1.000000
1.000000 1.000000 1.000000 1.000000
1.000000 1.000000 1.000000 1.000000
1.000000 1.000000 1.000000 1.000000
1.000000 1.000000 1.000000 1.000000
1.000000 1.000000 1.000000 1.000000
1.000000 1.000000 1.000000 1.000000
1.000000 1.000000 1.000000 1.000000
1.000000 1.000000 1.000000 1.000000
1.000000 1.000000 1.000000 1.000000
1.000000 1.000000 1.000000 1.000000
1.000000 1.000000 1.000000 1.000000
1.000000 1.000000 1.000000 1.000000
1.000000 1.000000 1.000000 1.000000
1.000000 1.000000 1.000000 1.000000
1.000000 1.000000 1.000000 1.000000
1.000000 1.000000 1.000000 1.000000
1.000000 1.000000 1.000000 1.000000
1.000000 1.000000 1.000000 1.000000
1.000000 1.000000 1.000000 1.000000
1.000000 1.000000 1.000000 1.000000
1.000000 1.000000 1.000000 1.000000
1.000000 1.000000 1.000000 1.000000
1.000000 1.000000 1.000000 1.000000
1.000000 1.000000 1.000000 1.000000
1.000000 1.000000 1.000000 1.000000
1.000000 1.000000 1.000000 1.000000
1.000000 1.000000 1.000000 1.000000
1.000000 1.000000 1.000000 1.000000
1.000000 1.000000 1.000000 1.000000
1.000000 1.000000 1.000000 1.000000
1.000000 1.000000 1.000000 1.000000
1.000000 1.000000 1.000000 1.000000
1.000000 1.000000 1.000000 1.000000
1.000000 1.000000 1.000000 1.000000
1.000000 1.000000 1.000000 1.000000
1.000000 1.000000 1.000000 1.000000
1.000000 1.000000 1.000000 1.000000
1.000000 1.000000 1.000000 1.000000
1.000000 1.000000 1.000000 1.000000
1.000000 1.000000 1.000000 1.000000
1.000000 1.000000 1.000000 1.000000
1.000000 1.000000 1.000000 1.000000
1.000000 1.000000 1.000000 1.000000
1.000000 1.000000 1.000000 1.000000
1.000000 1.000000 1.000000 1.000000
1.000000 1.000000 1.000000 1.000000
1.000000 1.000000 1.000000 1.000000
1.000000 1.000000 1.000000 1.000000
1.000000 1.000000 1.000000 1.000000
1.000000 1.000000 1.000000 1.000000
1.000000 1.000000 1.000000 1.000000
1.000000 1.000000 1.000000 1.000000
1.000000 1.000000 1.000000 1.000000
1.000000 1.000000 1.000000 1.000000
1.000000 1.000000 1.000000 1.000000
1.000000 1.000000 1.000000 1.000000
1.000000 1.000000 1.000000 1.000000
1.000000 1.000000 1.000000 1.000000
1.000000 1.000000 1.000000 1.000000
1.000000 1.000000 1.000000 1.000000
1.000000 1.000000 1.000000 1.000000
1.000000 1.000000 1.000000 1.000000
1.000000 1.000000 1.000000 1.000000
1.000000 1.000000 1.000000 1.000000
1.000000 1.000000 1.000000 1.000000
1.000000 1.000000 1.000000 1.000000
1.000000 1.000000 1.000000 1.000000
1.000000 1.000000 1.000000 1.000000
1.000000 1.000000 1.000000 1.000000
1.000000 1.000000 1.000000 1.000000
1.000000 1.000000 1.000000 1.000000
1.000000 1.000000 1.000000 1.000000
1.000000 1.000000 1.000000 1.000000
1.000000 1.000000 1.000000 1.000000
1.000000 1.000000 1.000000 1.000000
1.000000 1.000000 1.000000 1.000000
1.000000 1.000000 1.000000 1.000000
1.000000 1.000000 1.000000 1.000000
1.000000 1.000000 1.000000 1.000000
1.000000 1.000000 1.000000 1.000000
1.000000 1.000000 1.000000 1.000000
1.000000 1.000000 1.000000 1.000000
1.000000 1.000000 1.000000 1.000000
1.000000 1.000000 1.000000 1.000000
1.000000 1.000000 1.000000 1.000000
1.000000 1.000000 1.000000 1.000000
1.000000 1.000000 1.000000 1.000000
1.000000 1.000000 1.000000 1.000000
1.000000 1.000000 1.000000 1.000000
1.000000 1.000000 1.000000 1.000000
1.000000 1.000000 1.000000 1.000000
1.000000 1.000000 1.000000 1.000000
1.000000 1.000000 1.000000 1.000000
1.000000 1.000000 1.000000 1.000000
1.000000 1.000000 1.000000 1.000000
1.000000 1.000000 1.000000 1.000000
1.000000 1.000000 1.000000 1.000000
1.000000 1.000000 1.000000 1.000000
1.000000 1.000000 1.000000 1.000000
1.000000 1.000000 1.000000 1.000000
1.000000 1.000000 1.000000 1.000000
1.000000 1.000000 1.000000 1.000000
1.000000 1.000000 1.000000 1.000000
1.000000 1.000000 1.000000 1.000000
1.000000 1.000000 1.000000 1.000000
1.000000 1.000000 1.000000 1.000000
1.000000 1.000000 1.000000 1.000000
1.000000 1.000000 1.000000 1.000000
1.000000 1.000000 1.000000 1.000000
1.000000 1.000000 1.000000 1.000000
1.000000 1.000000 1.000000 1.000000
1.000000 1.000000 1.000000 1.000000
1.000000 1.000000 1.000000 1.000000
1.000000 1.000000 1.000000 1.000000
1.000000 1.000000 1.000000 1.000000
1.000000 1.000000 1.000000 1.000000
1.000000 1.000000 1.000000 1.000000
1.000000 1.000000 1.000000 1.000000
1.000000 1.000000 1.000000 1.000000
1.000000 1.000000 1.000000 1.000000
1.000000 1.000000 1.000000 1.000000
1.000000 1.000000 1.000000 1.000000
1.000000 1.000000 1.000000 1.000000
1.000000 1.000000 1.000000 1.000000
1.000000 1.000000 1.000000 1.000000
1.000000 1.000000 1.000000 1.000000
1.000000 1.000000 1.000000 1.000000
1.000000 1.000000 1.000000 1.000000
1.000000 1.000000 1.000000 1.000000
1.000000 1.000000 1.000000 1.000000
1.000000 1.000000 1.000000 1.000000
1.000000 1.000000 1.000000 1.000000
1.000000 1.000000 1.000000 1.000000
1.000000 1.000000 1.000000 1.000000
1.000000 1.000000 1.000000 1.000000
1.000000 1.000000 1.000000 1.000000
1.000000 1.000000 1.000000 1.000000
1.000000 1.000000 1.000000 1.000000
1.000000 1.000000 1.000000 1.000000
1.000000 1.000000 1.000000 1.000000
1.000000 1.000000 1.000000 1.000000
1.000000 1.000000 1.000000 1.000000
1.000000 1.000000 1.000000 1.000000
1.000000 1.000000 1.000000 1.000000
1.000000 1.000000 1.000000 1.000000
1.000000 1.000000 1.000000 1.000000
1.000000 1.000000 1.000000 1.000000
1.000000 1.000000 1.000000 1.000000
1.000000 1.000000 1.000000 1.000000
1.000000 1.000000 1.000000 1.000000
1.000000 1.000000 1.000000 1.000000
1.000000 1.000000 1.000000 1.000000
1.000000 1.000000 1.000000 1.000000
1.000000 1.000000 1.000000 1.000000
1.000000 1.000000 1.000000 1.000000
1.000000 1.000000 1.000000 1.000000
1.000000 1.000000 1.000000 1.000000
1.000000 1.000000 1.000000 1.000000
1.000000 1.000000 1.000000 1.000000
1.000000 1.000000 1.000000 1.000000
1.000000 1.000000 1.000000 1.000000
1.000000 1.000000 1.000000 1.000000
1.000000 1.000000 1.000000 1.000000
1.000000 1.000000 1.000000 1.000000
1.000000 1.000000 1.000000 1.000000
1.000000 1.000000 1.000000 1.000000
1.000000 1.000000 1.000000 1.000000
1.000000 1.000000 1.000000 1.000000
1.000000 1.000000 1.000000 1.000000
1.000000 1.000000 1.000000 1.000000
1.000000 1.000000 1.000000 1.000000
1.000000 1.000000 1.000000 1.000000
1.000000 1.000000 1.000000 1.000000
1.000000 1.000000 1.000000 1.000000
1.000000 1.000000 1.000000 1.000000
1.000000 1.000000 1.000000 1.000000
1.000000 1.000000 1.000000 1.000000
1.000000 1.000000 1.000000 1.000000
1.000000 1.000000 1.000000 1.000000
1.000000 1.000000 1.000000 1.000000
1.000000 1.000000 1.000000 1.000000
1.000000 1.000000 1.000000 1.000000
1.000000 1.000000 1.000000 1.000000
1.000000 1.000000 1.000000 1.000000
1.000000 1.000000 1.000000 1.000000
1.000000 1.000000 1.000000 1.000000
1.000000 1.000000 1.000000 1.000000
1.000000 1.000000 1.000000 1.000000
1.000000 1.000000 1.000000 1.000000
1.000000 1.000000 1.000000 1.000000
1.000000 1.000000 1.000000 1.000000
1.000000 1.000000 1.000000 1.000000
1.000000 1.000000 1.000000 1.000000
1.000000 1.000000 1.000000 1.000000
1.000000 1.000000 1.000000 1.000000
1.000000 1.000000 1.000000 1.000000
1.000000 1.000000 1.000000 1.000000
1.000000 1.000000 1.000000 1.000000
1.000000 1.000000 1.000000 1.000000
1.000000 1.000000 1.000000 1.000000
1.000000 1.000000 1.000000 1.000000
1.000000 1.000000 1.000000 1.000000
1.000000 1.000000 1.000000 1.000000
1.000000 1.000000 1.000000 1.000000
1.000000 1.000000 1.000000 1.000000
1.000000 1.000000 1.000000 1.000000
1.000000 1.000000 1.000000 1.000000
1.000000 1.000000 1.000000 1.000000
1.000000 1.000000 1.000000 1.000000
1.000000 1.000000 1.000000 1.000000
1.000000 1.000000 1.000000 1.000000
1.000000 1.000000 1.000000 1.000000
1.000000 1.000000 1.000000 1.000000
1.000000 1.000000 1.000000 1.000000
1.000000 1.000000 1.000000 1.000000
1.000000 1.000000 1.000000 1.000000
1.000000 1.000000 1.000000 1.000000
1.000000 1.000000 1.000000 1.000000
1.000000 1.000000 1.000000 1.000000
1.000000 1.000000 1.000000 1.000000
1.000000 1.000000 1.000000 1.000000
1.000000 1.000000 1.000000 1.000000
1.000000 1.000000 1.000000 1.000000
1.000000 1.000000 1.000000 1.000000
1.000000 1.000000 1.000000 1.000000
1.000000 1.000000 1.000000 1.000000
1.000000 1.000000 1.000000 1.000000
1.000000 1.000000 1.000000 1.000000
1.000000 1.000000 1.000000 1.000000
1.000000 1.000000 1.000000 1.000000
1.000000 1.000000 1.000000 1.000000
1.000000 1.000000 1.000000 1.000000
1.000000 1.000000 1.000000 1.000000
1.000000 1.000000 1.000000 1.000000
1.000000 1.000000 1.000000 1.000000
1.000000 1.000000 1.000000 1.000000
1.000000 1.000000 1.000000 1.000000
1.000000 1.000000 1.000000 1.000000
1.000000 1.000000 1.000000 1.000000
1.000000 1.000000 1.000000 1.000000
1.000000 1.000000 1.000000 1.000000
1.000000 1.000000 1.000000 1.000000
1.000000 1.000000 1.000000 1.000000
1.000000 1.000000 1.000000 1.000000
1.000000 1.000000 1.000000 1.000000
1.000000 1.000000 1.000000 1.000000
1.000000 1.000000 1.000000 1.000000
1.000000 1.000000 1.000000 1.000000
1.000000 1.000000 1.000000 1.000000
1.000000 1.000000 1.000000 1.000000
1.000000 1.000000 1.000000 1.000000
1.000000 1.000000 1.000000 1.000000
1.000000 1.000000 1.000000 1.000000
1.000000 1.000000 1.000000 1.000000
1.000000 1.000000 1.000000 1.000000
1.000000 1.000000 1.000000 1.000000
1.000000 1.000000 1.000000 1.000000
1.000000 1.000000 1.000000 1.000000
1.000000 1.000000 1.000000 1.000000
1.000000 1.000000 1.000000 1.000000
1.000000 1.000000 1.000000 1.000000
1.000000 1.000000 1.000000 1.000000
1.000000 1.000000 1.000000 1.000000
1.000000 1.000000 1.000000 1.000000
1.000000 1.000000 1.000000 1.000000
1.000000 1.000000 1.000000 1.000000
1.000000 1.000000 1.000000 1.000000
1.000000 1.000000 1.000000 1.000000
1.000000 1.000000 1.000000 1.000000
1.000000 1.000000 1.000000 1.000000
1.000000 1.000000 1.000000 1.000000
1.000000 1.000000 1.000000 1.000000
1.000000 1.000000 1.000000 1.000000
1.000000 1.000000 1.000000 1.000000
1.000000 1.000000 1.000000 1.000000
1.000000 1.000000 1.000000 1.000000
1.000000 1.000000 1.000000 1.000000
1.000000 1.000000 1.000000 1.000000
1.000000 1.000000 1.000000 1.000000
1.000000 1.000000 1.000000 1.000000
1.000000 1.000000 1.000000 1.000000
1.000000 1.000000 1.000000 1.000000
1.000000 1.000000 1.000000 1.000000
1.000000 1.000000 1.000000 1.000000
1.000000 1.000000 1.000000 1.000000
1.000000 1.000000 1.000000 1.000000
1.000000 1.000000 1.000000 1.000000
1.000000 1.000000 1.000000 1.000000
1.000000 1.000000 1.000000 1.000000
1.000000 1.000000 1.000000 1.000000
1.000000 1.000000 1.000000 1.000000
1.000000 1.000000 1.000000 1.000000
1.000000 1.000000 1.000000 1.000000
1.000000 1.000000 1.000000 1.000000
1.000000 1.000000 1.000000 1.000000
1.000000 1.000000 1.000000 1.000000
1.000000 1.000000 1.000000 1.000000
1.000000 1.000000 1.000000 1.000000
1.000000 1.000000 1.000000 1.000000
1.000000 1.000000 1.000000 1.000000
1.000000 1.000000 1.000000 1.000000
0.000000 0.000000 0.000000 0.000000
0.000000 0.000000 0.000000 0.000000
0.000000 0.000000 0.000000 0.000000
0.000000 0.000000 0.000000 0.000000
0.000000 0.000000 0.000000 0.000000
0.000000 0.000000 0.000000 0.000000
0.000000 0.000000 0.000000 0.000000
0.000000 0.000000 0.000000 0.000000
0.000000 0.000000 0.000000 0.000000
0.000000 0.000000 0.000000 0.000000
0.000000 0.000000 0.000000 0.000000
0.000000 0.000000 0.000000 0.000000
0.000000 0.000000 0.000000 0.000000
0.000000 0.000000 0.000000 0.000000
0.000000 0.000000 0.000000 0.000000
0.000000 0.000000 0.000000 0.000000
0.000000 0.000000 0.000000 0.000000
0.000000 0.000000 0.000000 0.000000
0.000000 0.000000 0.000000 0.000000
0.000000 0.000000 0.000000 0.000000
0.000000 0.000000 0.000000 0.000000
0.000000 0.000000 0.000000 0.000000
0.000000 0.000000 0.000000 0.000000
0.000000 0.000000 0.000000 0.000000
0.000000 0.000000 0.000000 0.000000
0.000000 0.000000 0.000000 0.000000
0.000000 0.000000 0.000000 0.000000
0.000000 0.000000 0.000000 0.000000
0.000000 0.000000 0.000000 0.000000
0.000000 0.000000 0.000000 0.000000
0.000000 0.000000 0.000000 0.000000
0.000000 0.000000 0.000000 0.000000
0.000000 0.000000 0.000000 0.000000
0.000000 0.000000 0.000000 0.000000
0.000000 0.000000 0.000000 0.000000
0.000000 0.000000 0.000000 0.000000
0.000000 0.000000 0.000000 0.000000
0.000000 0.000000 0.000000 0.000000
0.000000 0.000000 0.000000 0.000000
0.000000 0.000000 0.000000 0.000000
0.000000 0.000000 0.000000 0.000000
0.000000 0.000000 0.000000 0.000000
0.000000 0.000000 0.000000 0.000000
0.000000 0.000000 0.000000 0.000000
0.000000 0.000000 0.000000 0.000000
0.000000 0.000000 0.000000 0.000000
0.000000 0.000000 0.000000 0.000000
0.000000 0.000000 0.000000 0.000000
0.000000 0.000000 0.000000 0.000000
0.000000 0.000000 0.000000 0.000000
0.000000 0.000000 0.000000 0.000000
0.000000 0.000000 0.000000 0.000000
0.000000 0.000000 0.000000 0.000000
0.000000 0.000000 0.000000 0.000000
0.000000 0.000000 0.000000 0.000000
0.000000 0.000000 0.000000 0.000000
0.000000 0.000000 0.000000 0.000000
0.000000 0.000000 0.000000 0.000000
0.000000 0.000000 0.000000 0.000000
0.000000 0.000000 0.000000 0.000000
0.000000 0.000000 0.000000 0.000000
0.000000 0.000000 0.000000 0.000000
0.000000 0.000000 0.000000 0.000000
0.000000 0.000000 0.000000 0.000000
0.000000 0.000000 0.000000 0.000000
0.000000 0.000000 0.000000 0.000000
0.000000 0.000000 0.000000 0.000000
0.000000 0.000000 0.000000 0.000000
0.000000 0.000000 0.000000 0.000000
0.000000 0.000000 0.000000 0.000000
0.000000 0.000000 0.000000 0.000000
0.000000 0.000000 0.000000 0.000000
0.000000 0.000000 0.000000 0.000000
0.000000 0.000000 0.000000 0.000000
0.000000 0.000000 0.000000 0.000000
0.000000 0.000000 0.000000 0.000000
0.000000 0.000000 0.000000 0.000000
0.000000 0.000000 0.000000 0.000000
0.000000 0.000000 0.000000 0.000000
0.000000 0.000000 0.000000 0.000000
0.000000 0.000000 0.000000 0.000000
0.000000 0.000000 0.000000 0.000000
0.000000 0.000000 0.000000 0.000000
0.000000 0.000000 0.000000 0.000000
0.000000 0.000000 0.000000 0.000000
0.000000 0.000000 0.000000 0.000000
0.000000 0.000000 0.000000 0.000000
0.000000 0.000000 0.000000 0.000000
0.000000 0.000000 0.000000 0.000000
0.000000 0.000000 0.000000 0.000000
0.000000 0.000000 0.000000 0.000000
0.000000 0.000000 0.000000 0.000000
0.000000 0.000000 0.000000 0.000000
0.000000 0.000000 0.000000 0.000000
0.000000 0.000000 0.000000 0.000000
0.000000 0.000000 0.000000 0.000000
0.000000 0.000000 0.000000 0.000000
0.000000 0.000000 0.000000 0.000000
0.000000 0.000000 0.000000 0.000000
0.000000 0.000000 0.000000 0.000000
0.000000 0.000000 0.000000 0.000000
0.000000 0.000000 0.000000 0.000000
0.000000 0.000000 0.000000 0.000000
0.000000 0.000000 0.000000 0.000000
0.000000 0.000000 0.000000 0.000000
0.000000 0.000000 0.000000 0.000000
0.000000 0.000000 0.000000 0.000000
0.000000 0.000000 0.000000 0.000000
0.000000 0.000000 0.000000 0.000000
0.000000 0.000000 0.000000 0.000000
0.000000 0.000000 0.000000 0.000000
0.000000 0.000000 0.000000 0.000000
0.000000 0.000000 0.000000 0.000000
0.000000 0.000000 0.000000 0.000000
0.000000 0.000000 0.000000 0.000000
0.000000 0.000000 0.000000 0.000000
0.000000 0.000000 0.000000 0.000000
0.000000 0.000000 0.000000 0.000000
0.000000 0.000000 0.000000 0.000000
0.000000 0.000000 0.000000 0.000000
0.000000 0.000000 0.000000 0.000000
0.000000 0.000000 0.000000 0.000000
0.000000 0.000000 0.000000 0.000000
0.000000 0.000000 0.000000 0.000000
0.000000 0.000000 0.000000 0.000000
0.000000 0.000000 0.000000 0.000000
0.000000 0.000000 0.000000 0.000000
0.000000 0.000000 0.000000 0.000000
0.000000 0.000000 0.000000 0.000000
0.000000 0.000000 0.000000 0.000000
0.000000 0.000000 0.000000 0.000000
0.000000 0.000000 0.000000 0.000000
1.000000 1.000000 1.000000 1.000000
1.000000 1.000000 1.000000 1.000000
1.000000 1.000000 1.000000 1.000000
1.000000 1.000000 1.000000 1.000000
1.000000 1.000000 1.000000 1.000000
1.000000 1.000000 1.000000 1.000000
1.000000 1.000000 1.000000 1.000000
1.000000 1.000000 1.000000 1.000000
1.000000 1.000000 1.000000 1.000000
1.000000 1.000000 1.000000 1.000000
1.000000 1.000000 1.000000 1.000000
1.000000 1.000000 1.000000 1.000000
1.000000 1.000000 1.000000 1.000000
1.000000 1.000000 1.000000 1.000000
1.000000 1.000000 1.000000 1.000000
1.000000 1.000000 1.000000 1.000000
1.000000 1.000000 1.000000 1.000000
1.000000 1.000000 1.000000 1.000000
1.000000 1.000000 1.000000 1.000000
1.000000 1.000000 1.000000 1.000000
1.000000 1.000000 1.000000 1.000000
1.000000 1.000000 1.000000 1.000000
1.000000 1.000000 1.000000 1.000000
1.000000 1.000000 1.000000 1.000000
1.000000 1.000000 1.000000 1.000000
1.000000 1.000000 1.000000 1.000000
1.000000 1.000000 1.000000 1.000000
1.000000 1.000000 1.000000 1.000000
1.000000 1.000000 1.000000 1.000000
1.000000 1.000000 1.000000 1.000000
1.000000 1.000000 1.000000 1.000000
1.000000 1.000000 1.000000 1.000000
1.000000 1.000000 1.000000 1.000000
1.000000 1.000000 1.000000 1.000000
1.000000 1.000000 1.000000 1.000000
1.000000 1.000000 1.000000 1.000000
1.000000 1.000000 1.000000 1.000000
1.000000 1.000000 1.000000 1.000000
1.000000 1.000000 1.000000 1.000000
1.000000 1.000000 1.000000 1.000000
1.000000 1.000000 1.000000 1.000000
1.000000 1.000000 1.000000 1.000000
1.000000 1.000000 1.000000 1.000000
1.000000 1.000000 1.000000 1.000000
1.000000 1.000000 1.000000 1.000000
1.000000 1.000000 1.000000 1.000000
1.000000 1.000000 1.000000 1.000000
1.000000 1.000000 1.000000 1.000000
1.000000 1.000000 1.000000 1.000000
1.000000 1.000000 1.000000 1.000000
1.000000 1.000000 1.000000 1.000000
1.000000 1.000000 1.000000 1.000000
1.000000 1.000000 1.000000 1.000000
1.000000 1.000000 1.000000 1.000000
1.000000 1.000000 1.000000 1.000000
1.000000 1.000000 1.000000 1.000000
1.000000 1.000000 1.000000 1.000000
1.000000 1.000000 1.000000 1.000000
1.000000 1.000000 1.000000 1.000000
1.000000 1.000000 1.000000 1.000000
1.000000 1.000000 1.000000 1.000000
1.000000 1.000000 1.000000 1.000000
1.000000 1.000000 1.000000 1.000000
1.000000 1.000000 1.000000 1.000000
1.000000 1.000000 1.000000 1.000000
1.000000 1.000000 1.000000 1.000000
1.000000 1.000000 1.000000 1.000000
1.000000 1.000000 1.000000 1.000000
1.000000 1.000000 1.000000 1.000000
1.000000 1.000000 1.000000 1.000000
1.000000 1.000000 1.000000 1.000000
1.000000 1.000000 1.000000 1.000000
1.000000 1.000000 1.000000 1.000000
1.000000 1.000000 1.000000 1.000000
1.000000 1.000000 1.000000 1.000000
1.000000 1.000000 1.000000 1.000000
1.000000 1.000000 1.000000 1.000000
1.000000 1.000000 1.000000 1.000000
1.000000 1.000000 1.000000 1.000000
1.000000 1.000000 1.000000 1.000000
1.000000 1.000000 1.000000 1.000000
1.000000 1.000000 1.000000 1.000000
1.000000 1.000000 1.000000 1.000000
1.000000 1.000000 1.000000 1.000000
1.000000 1.000000 1.000000 1.000000
1.000000 1.000000 1.000000 1.000000
1.000000 1.000000 1.000000 1.000000
1.000000 1.000000 1.000000 1.000000
1.000000 1.000000 1.000000 1.000000
1.000000 1.000000 1.000000 1.000000
1.000000 1.000000 1.000000 1.000000
1.000000 1.000000 1.000000 1.000000
1.000000 1.000000 1.000000 1.000000
1.000000 1.000000 1.000000 1.000000
1.000000 1.000000 1.000000 1.000000
1.000000 1.000000 1.000000 1.000000
1.000000 1.000000 1.000000 1.000000
1.000000 1.000000 1.000000 1.000000
1.000000 1.000000 1.000000 1.000000
1.000000 1.000000 1.000000 1.000000
1.000000 1.000000 1.000000 1.000000
1.000000 1.000000 1.000000 1.000000
1.000000 1.000000 1.000000 1.000000
1.000000 1.000000 1.000000 1.000000
1.000000 1.000000 1.000000 1.000000
1.000000 1.000000 1.000000 1.000000
1.000000 1.000000 1.000000 1.000000
1.000000 1.000000 1.000000 1.000000
1.000000 1.000000 1.000000 1.000000
1.000000 1.000000 1.000000 1.000000
1.000000 1.000000 1.000000 1.000000
1.000000 1.000000 1.000000 1.000000
1.000000 1.000000 1.000000 1.000000
1.000000 1.000000 1.000000 1.000000
1.000000 1.000000 1.000000 1.000000
1.000000 1.000000 1.000000 1.000000
1.000000 1.000000 1.000000 1.000000
1.000000 1.000000 1.000000 1.000000
1.000000 1.000000 1.000000 1.000000
1.000000 1.000000 1.000000 1.000000
1.000000 1.000000 1.000000 1.000000
1.000000 1.000000 1.000000 1.000000
1.000000 1.000000 1.000000 1.000000
1.000000 1.000000 1.000000 1.000000
1.000000 1.000000 1.000000 1.000000
1.000000 1.000000 1.000000 1.000000
1.000000 1.000000 1.000000 1.000000
1.000000 1.000000 1.000000 1.000000
1.000000 1.000000 1.000000 1.000000
1.000000 1.000000 1.000000 1.000000
1.000000 1.000000 1.000000 1.000000
1.000000 1.000000 1.000000 1.000000
1.000000 1.000000 1.000000 1.000000
1.000000 1.000000 1.000000 1.000000
1.000000 1.000000 1.000000 1.000000
1.000000 1.000000 1.000000 1.000000
1.000000 1.000000 1.000000 1.000000
1.000000 1.000000 1.000000 1.000000
1.000000 1.000000 1.000000 1.000000
1.000000 1.000000 1.000000 1.000000
1.000000 1.000000 1.000000 1.000000
1.000000 1.000000 1.000000 1.000000
1.000000 1.000000 1.000000 1.000000
1.000000 1.000000 1.000000 1.000000
1.000000 1.000000 1.000000 1.000000
1.000000 1.000000 1.000000 1.000000
1.000000 1.000000 1.000000 1.000000
1.000000 1.000000 1.000000 1.000000
1.000000 1.000000 1.000000 1.000000
1.000000 1.000000 1.000000 1.000000
1.000000 1.000000 1.000000 1.000000
1.000000 1.000000 1.000000 1.000000
1.000000 1.000000 1.000000 1.000000
1.000000 1.000000 1.000000 1.000000
1.000000 1.000000 1.000000 1.000000
1.000000 1.000000 1.000000 1.000000
1.000000 1.000000 1.000000 1.000000
1.000000 1.000000 1.000000 1.000000
1.000000 1.000000 1.000000 1.000000
1.000000 1.000000 1.000000 1.000000
1.000000 1.000000 1.000000 1.000000
1.000000 1.000000 1.000000 1.000000
1.000000 1.000000 1.000000 1.000000
1.000000 1.000000 1.000000 1.000000
1.000000 1.000000 1.000000 1.000000
1.000000 1.000000 1.000000 1.000000
1.000000 1.000000 1.000000 1.000000
1.000000 1.000000 1.000000 1.000000
1.000000 1.000000 1.000000 1.000000
1.000000 1.000000 1.000000 1.000000
1.000000 1.000000 1.000000 1.000000
1.000000 1.000000 1.000000 1.000000
1.000000 1.000000 1.000000 1.000000
1.000000 1.000000 1.000000 1.000000
1.000000 1.000000 1.000000 1.000000
1.000000 1.000000 1.000000 1.000000
1.000000 1.000000 1.000000 1.000000
1.000000 1.000000 1.000000 1.000000
1.000000 1.000000 1.000000 1.000000
1.000000 1.000000 1.000000 1.000000
1.000000 1.000000 1.000000 1.000000
1.000000 1.000000 1.000000 1.000000
1.000000 1.000000 1.000000 1.000000
1.000000 1.000000 1.000000 1.000000
1.000000 1.000000 1.000000 1.000000
1.000000 1.000000 1.000000 1.000000
1.000000 1.000000 1.000000 1.000000
1.000000 1.000000 1.000000 1.000000
1.000000 1.000000 1.000000 1.000000
1.000000 1.000000 1.000000 1.000000
1.000000 1.000000 1.000000 1.000000
1.000000 1.000000 1.000000 1.000000
1.000000 1.000000 1.000000 1.000000
1.000000 1.000000 1.000000 1.000000
1.000000 1.000000 1.000000 1.000000
1.000000 1.000000 1.000000 1.000000
1.000000 1.000000 1.000000 1.000000
1.000000 1.000000 1.000000 1.000000
1.000000 1.000000 1.000000 1.000000
1.000000 1.000000 1.000000 1.000000
1.000000 1.000000 1.000000 1.000000
1.000000 1.000000 1.000000 1.000000
1.000000 1.000000 1.000000 1.000000
1.000000 1.000000 1.000000 1.000000
1.000000 1.000000 1.000000 1.000000
1.000000 1.000000 1.000000 1.000000
1.000000 1.000000 1.000000 1.000000
1.000000 1.000000 1.000000 1.000000
1.000000 1.000000 1.000000 1.000000
1.000000 1.000000 1.000000 1.000000
1.000000 1.000000 1.000000 1.000000
1.000000 1.000000 1.000000 1.000000
1.000000 1.000000 1.000000 1.000000
1.000000 1.000000 1.000000 1.000000
1.000000 1.000000 1.000000 1.000000
1.000000 1.000000 1.000000 1.000000
1.000000 1.000000 1.000000 1.000000
1.000000 1.000000 1.000000 1.000000
1.000000 1.000000 1.000000 1.000000
1.000000 1.000000 1.000000 1.000000
1.000000 1.000000 1.000000 1.000000
1.000000 1.000000 1.000000 1.000000
1.000000 1.000000 1.000000 1.000000
1.000000 1.000000 1.000000 1.000000
1.000000 1.000000 1.000000 1.000000
1.000000 1.000000 1.000000 1.000000
1.000000 1.000000 1.000000 1.000000
1.000000 1.000000 1.000000 1.000000
1.000000 1.000000 1.000000 1.000000
1.000000 1.000000 1.000000 1.000000
1.000000 1.000000 1.000000 1.000000
1.000000 1.000000 1.000000 1.000000
1.000000 1.000000 1.000000 1.000000
1.000000 1.000000 1.000000 1.000000
1.000000 1.000000 1.000000 1.000000
1.000000 1.000000 1.000000 1.000000
1.000000 1.000000 1.000000 1.000000
1.000000 1.000000 1.000000 1.000000
1.000000 1.000000 1.000000 1.000000
1.000000 1.000000 1.000000 1.000000
1.000000 1.000000 1.000000 1.000000
1.000000 1.000000 1.000000 1.000000
1.000000 1.000000 1.000000 1.000000
1.000000 1.000000 1.000000 1.000000
1.000000 1.000000 1.000000 1.000000
1.000000 1.000000 1.000000 1.000000
1.000000 1.000000 1.000000 1.000000
1.000000 1.000000 1.000000 1.000000
1.000000 1.000000 1.000000 1.000000
1.000000 1.000000 1.000000 1.000000
1.000000 1.000000 1.000000 1.000000
1.000000 1.000000 1.000000 1.000000
1.000000 1.000000 1.000000 1.000000
1.000000 1.000000 1.000000 1.000000
1.000000 1.000000 1.000000 1.000000
1.000000 1.000000 1.000000 1.000000
1.000000 1.000000 1.000000 1.000000
1.000000 1.000000 1.000000 1.000000
1.000000 1.000000 1.000000 1.000000
1.000000 1.000000 1.000000 1.000000
1.000000 1.000000 1.000000 1.000000
1.000000 1.000000 1.000000 1.000000
1.000000 1.000000 1.000000 1.000000
1.000000 1.000000 1.000000 1.000000
1.000000 1.000000 1.000000 1.000000
1.000000 1.000000 1.000000 1.000000
1.000000 1.000000 1.000000 1.000000
1.000000 1.000000 1.000000 1.000000
1.000000 1.000000 1.000000 1.000000
1.000000 1.000000 1.000000 1.000000
1.000000 1.000000 1.000000 1.000000
1.000000 1.000000 1.000000 1.000000
1.000000 1.000000 1.000000 1.000000
1.000000 1.000000 1.000000 1.000000
1.000000 1.000000 1.000000 1.000000
1.000000 1.000000 1.000000 1.000000
1.000000 1.000000 1.000000 1.000000
1.000000 1.000000 1.000000 1.000000
1.000000 1.000000 1.000000 1.000000
1.000000 1.000000 1.000000 1.000000
1.000000 1.000000 1.000000 1.000000
1.000000 1.000000 1.000000 1.000000
1.000000 1.000000 1.000000 1.000000
1.000000 1.000000 1.000000 1.000000
1.000000 1.000000 1.000000 1.000000
1.000000 1.000000 1.000000 1.000000
1.000000 1.000000 1.000000 1.000000
1.000000 1.000000 1.000000 1.000000
1.000000 1.000000 1.000000 1.000000
1.000000 1.000000 1.000000 1.000000
1.000000 1.000000 1.000000 1.000000
1.000000 1.000000 1.000000 1.000000
1.000000 1.000000 1.000000 1.000000
1.000000 1.000000 1.000000 1.000000
1.000000 1.000000 1.000000 1.000000
1.000000 1.000000 1.000000 1.000000
1.000000 1.000000 1.000000 1.000000
1.000000 1.000000 1.000000 1.000000
1.000000 1.000000 1.000000 1.000000
1.000000 1.000000 1.000000 1.000000
1.000000 1.000000 1.000000 1.000000
1.000000 1.000000 1.000000 1.000000
1.000000 1.000000 1.000000 1.000000
1.000000 1.000000 1.000000 1.000000
1.000000 1.000000 1.000000 1.000000
1.000000 1.000000 1.000000 1.000000
1.000000 1.000000 1.000000 1.000000
1.000000 1.000000 1.000000 1.000000
1.000000 1.000000 1.000000 1.000000
1.000000 1.000000 1.000000 1.000000
1.000000 1.000000 1.000000 1.000000
1.000000 1.000000 1.000000 1.000000
1.000000 1.000000 1.000000 1.000000
1.000000 1.000000 1.000000 1.000000
1.000000 1.000000 1.000000 1.000000
1.000000 1.000000 1.000000 1.000000
1.000000 1.000000 1.000000 1.000000
1.000000 1.000000 1.000000 1.000000
1.000000 1.000000 1.000000 1.000000
1.000000 1.000000 1.000000 1.000000
1.000000 1.000000 1.000000 1.000000
1.000000 1.000000 1.000000 1.000000
1.000000 1.000000 1.000000 1.000000
1.000000 1.000000 1.000000 1.000000
1.000000 1.000000 1.000000 1.000000
1.000000 1.000000 1.000000 1.000000
1.000000 1.000000 1.000000 1.000000
1.000000 1.000000 1.000000 1.000000
1.000000 1.000000 1.000000 1.000000
1.000000 1.000000 1.000000 1.000000
1.000000 1.000000 1.000000 1.000000
1.000000 1.000000 1.000000 1.000000
1.000000 1.000000 1.000000 1.000000
1.000000 1.000000 1.000000 1.000000
1.000000 1.000000 1.000000 1.000000
1.000000 1.000000 1.000000 1.000000
1.000000 1.000000 1.000000 1.000000
1.000000 1.000000 1.000000 1.000000
1.000000 1.000000 1.000000 1.000000
1.000000 1.000000 1.000000 1.000000
1.000000 1.000000 1.000000 1.000000
1.000000 1.000000 1.000000 1.000000
1.000000 1.000000 1.000000 1.000000
1.000000 1.000000 1.000000 1.000000
1.000000 1.000000 1.000000 1.000000
1.000000 1.000000 1.000000 1.000000
1.000000 1.000000 1.000000 1.000000
1.000000 1.000000 1.000000 1.000000
1.000000 1.000000 1.000000 1.000000
1.000000 1.000000 1.000000 1.000000
1.000000 1.000000 1.000000 1.000000
1.000000 1.000000 1.000000 1.000000
1.000000 1.000000 1.000000 1.000000
1.000000 1.000000 1.000000 1.000000
1.000000 1.000000 1.000000 1.000000
1.000000 1.000000 1.000000 1.000000
1.000000 1.000000 1.000000 1.000000
1.000000 1.000000 1.000000 1.000000
1.000000 1.000000 1.000000 1.000000
1.000000 1.000000 1.000000 1.000000
1.000000 1.000000 1.000000 1.000000
1.000000 1.000000 1.000000 1.000000
1.000000 1.000000 1.000000 1.000000
1.000000 1.000000 1.000000 1.000000
1.000000 1.000000 1.000000 1.000000
1.000000 1.000000 1.000000 1.000000
1.000000 1.000000 1.000000 1.000000
1.000000 1.000000 1.000000 1.000000
1.000000 1.000000 1.000000 1.000000
1.000000 1.000000 1.000000 1.000000
1.000000 1.000000 1.000000 1.000000
1.000000 1.000000 1.000000 1.000000
1.000000 1.000000 1.000000 1.000000
1.000000 1.000000 1.000000 1.000000
1.000000 1.000000 1.000000 1.000000
1.000000 1.000000 1.000000 1.000000
1.000000 1.000000 1.000000 1.000000
1.000000 1.000000 1.000000 1.000000
1.000000 1.000000 1.000000 1.000000
1.000000 1.000000 1.000000 1.000000
1.000000 1.000000 1.000000 1.000000
1.000000 1.000000 1.000000 1.000000
1.000000 1.000000 1.000000 1.000000
1.000000 1.000000 1.000000 1.000000
1.000000 1.000000 1.000000 1.000000
1.000000 1.000000 1.000000 1.000000
1.000000 1.000000 1.000000 1.000000
1.000000 1.000000 1.000000 1.000000
1.000000 1.000000 1.000000 1.000000
1.000000 1.000000 1.000000 1.000000
1.000000 1.000000 1.000000 1.000000
1.000000 1.000000 1.000000 1.000000
1.000000 1.000000 1.000000 1.000000
1.000000 1.000000 1.000000 1.000000
1.000000 1.000000 1.000000 1.000000
1.000000 1.000000 1.000000 1.000000
1.000000 1.000000 1.000000 1.000000
1.000000 1.000000 1.000000 1.000000
1.000000 1.000000 1.000000 1.000000
1.000000 1.000000 1.000000 1.000000
1.000000 1.000000 1.000000 1.000000
1.000000 1.000000 1.000000 1.000000
1.000000 1.000000 1.000000 1.000000
1.000000 1.000000 1.000000 1.000000
1.000000 1.000000 1.000000 1.000000
1.000000 1.000000 1.000000 1.000000
1.000000 1.000000 1.000000 1.000000
1.000000 1.000000 1.000000 1.000000
1.000000 1.000000 1.000000 1.000000
1.000000 1.000000 1.000000 1.000000
1.000000 1.000000 1.000000 1.000000
1.000000 1.000000 1.000000 1.000000
1.000000 1.000000 1.000000 1.000000
1.000000 1.000000 1.000000 1.000000
1.000000 1.000000 1.000000 1.000000
1.000000 1.000000 1.000000 1.000000
1.000000 1.000000 1.000000 1.000000
1.000000 1.000000 1.000000 1.000000
1.000000 1.000000 1.000000 1.000000
1.000000 1.000000 1.000000 1.000000
1.000000 1.000000 1.000000 1.000000
1.000000 1.000000 1.000000 1.000000
1.000000 1.000000 1.000000 1.000000
1.000000 1.000000 1.000000 1.000000
1.000000 1.000000 1.000000 1.000000
1.000000 1.000000 1.000000 1.000000
1.000000 1.000000 1.000000 1.000000
1.000000 1.000000 1.000000 1.000000
1.000000 1.000000 1.000000 1.000000
1.000000 1.000000 1.000000 1.000000
1.000000 1.000000 1.000000 1.000000
1.000000 1.000000 1.000000 1.000000
1.000000 1.000000 1.000000 1.000000
1.000000 1.000000 1.000000 1.000000
1.000000 1.000000 1.000000 1.000000
1.000000 1.000000 1.000000 1.000000
1.000000 1.000000 1.000000 1.000000
1.000000 1.000000 1.000000 1.000000
1.000000 1.000000 1.000000 1.000000
1.000000 1.000000 1.000000 1.000000
1.000000 1.000000 1.000000 1.000000
1.000000 1.000000 1.000000 1.000000
1.000000 1.000000 1.000000 1.000000
1.000000 1.000000 1.000000 1.000000
1.000000 1.000000 1.000000 1.000000
1.000000 1.000000 1.000000 1.000000
1.000000 1.000000 1.000000 1.000000
1.000000 1.000000 1.000000 1.000000
1.000000 1.000000 1.000000 1.000000
1.000000 1.000000 1.000000 1.000000
1.000000 1.000000 1.000000 1.000000
1.000000 1.000000 1.000000 1.000000
1.000000 1.000000 1.000000 1.000000
1.000000 1.000000 1.000000 1.000000
1.000000 1.000000 1.000000 1.000000
1.000000 1.000000 1.000000 1.000000
1.000000 1.000000 1.000000 1.000000
1.000000 1.000000 1.000000 1.000000
1.000000 1.000000 1.000000 1.000000
1.000000 1.000000 1.000000 1.000000
1.000000 1.000000 1.000000 1.000000
1.000000 1.000000 1.000000 1.000000
1.000000 1.000000 1.000000 1.000000
1.000000 1.000000 1.000000 1.000000
1.000000 1.000000 1.000000 1.000000
1.000000 1.000000 1.000000 1.000000
1.000000 1.000000 1.000000 1.000000
1.000000 1.000000 1.000000 1.000000
1.000000 1.000000 1.000000 1.000000
1.000000 1.000000 1.000000 1.000000
1.000000 1.000000 1.000000 1.000000
1.000000 1.000000 1.000000 1.000000
1.000000 1.000000 1.000000 1.000000
1.000000 1.000000 1.000000 1.000000
1.000000 1.000000 1.000000 1.000000
1.000000 1.000000 1.000000 1.000000
1.000000 1.000000 1.000000 1.000000
1.000000 1.000000 1.000000 1.000000
1.000000 1.000000 1.000000 1.000000
1.000000 1.000000 1.000000 1.000000
1.000000 1.000000 1.000000 1.000000
1.000000 1.000000 1.000000 1.000000
1.000000 1.000000 1.000000 1.000000
1.000000 1.000000 1.000000 1.000000
1.000000 1.000000 1.000000 1.000000
1.000000 1.000000 1.000000 1.000000
1.000000 1.000000 1.000000 1.000000
1.000000 1.000000 1.000000 1.000000
1.000000 1.000000 1.000000 1.000000
1.000000 1.000000 1.000000 1.000000
1.000000 1.000000 1.000000 1.000000
1.000000 1.000000 1.000000 1.000000
1.000000 1.000000 1.000000 1.000000
1.000000 1.000000 1.000000 1.000000
1.000000 1.000000 1.000000 1.000000
1.000000 1.000000 1.000000 1.000000
1.000000 1.000000 1.000000 1.000000
1.000000 1.000000 1.000000 1.000000
1.000000 1.000000 1.000000 1.000000
1.000000 1.000000 1.000000 1.000000
1.000000 1.000000 1.000000 1.000000
1.000000 1.000000 1.000000 1.000000
1.000000 1.000000 1.000000 1.000000
1.000000 1.000000 1.000000 1.000000
1.000000 1.000000 1.000000 1.000000
1.000000 1.000000 1.000000 1.000000
1.000000 1.000000 1.000000 1.000000
1.000000 1.000000 1.000000 1.000000
1.000000 1.000000 1.000000 1.000000
1.000000 1.000000 1.000000 1.000000
1.000000 1.000000 1.000000 1.000000
1.000000 1.000000 1.000000 1.000000
1.000000 1.000000 1.000000 1.000000
1.000000 1.000000 1.000000 1.000000
1.000000 1.000000 1.000000 1.000000
1.000000 1.000000 1.000000 1.000000
1.000000 1.000000 1.000000 1.000000
1.000000 1.000000 1.000000 1.000000
1.000000 1.000000 1.000000 1.000000
1.000000 1.000000 1.000000 1.000000
1.000000 1.000000 1.000000 1.000000
1.000000 1.000000 1.000000 1.000000
1.000000 1.000000 1.000000 1.000000
1.000000 1.000000 1.000000 1.000000
1.000000 1.000000 1.000000 1.000000
1.000000 1.000000 1.000000 1.000000
1.000000 1.000000 1.000000 1.000000
1.000000 1.000000 1.000000 1.000000
1.000000 1.000000 1.000000 1.000000
1.000000 1.000000 1.000000 1.000000
1.000000 1.000000 1.000000 1.000000
1.000000 1.000000 1.000000 1.000000
1.000000 1.000000 1.000000 1.000000
1.000000 1.000000 1.000000 1.000000
1.000000 1.000000 1.000000 1.000000
1.000000 1.000000 1.000000 1.000000
1.000000 1.000000 1.000000 1.000000
1.000000 1.000000 1.000000 1.000000
1.000000 1.000000 1.000000 1.000000
1.000000 1.000000 1.000000 1.000000
1.000000 1.000000 1.000000 1.000000
1.000000 1.000000 1.000000 1.000000
1.000000 1.000000 1.000000 1.000000
1.000000 1.000000 1.000000 1.000000
1.000000 1.000000 1.000000 1.000000
1.000000 1.000000 1.000000 1.000000
1.000000 1.000000 1.000000 1.000000
1.000000 1.000000 1.000000 1.000000
1.000000 1.000000 1.000000 1.000000
1.000000 1.000000 1.000000 1.000000
1.000000 1.000000 1.000000 1.000000
1.000000 1.000000 1.000000 1.000000
1.000000 1.000000 1.000000 1.000000
1.000000 1.000000 1.000000 1.000000
1.000000 1.000000 1.000000 1.000000
1.000000 1.000000 1.000000 1.000000
1.000000 1.000000 1.000000 1.000000
1.000000 1.000000 1.000000 1.000000
1.000000 1.000000 1.000000 1.000000
1.000000 1.000000 1.000000 1.000000
1.000000 1.000000 1.000000 1.000000
1.000000 1.000000 1.000000 1.000000
1.000000 1.000000 1.000000 1.000000
1.000000 1.000000 1.000000 1.000000
1.000000 1.000000 1.000000 1.000000
1.000000 1.000000 1.000000 1.000000
1.000000 1.000000 1.000000 1.000000
1.000000 1.000000 1.000000 1.000000
1.000000 1.000000 1.000000 1.000000
1.000000 1.000000 1.000000 1.000000
1.000000 1.000000 1.000000 1.000000
1.000000 1.000000 1.000000 1.000000
1.000000 1.000000 1.000000 1.000000
1.000000 1.000000 1.000000 1.000000
1.000000 1.000000 1.000000 1.000000
1.000000 1.000000 1.000000 1.000000
1.000000 1.000000 1.000000 1.000000
1.000000 1.000000 1.000000 1.000000
1.000000 1.000000 1.000000 1.000000
1.000000 1.000000 1.000000 1.000000
1.000000 1.000000 1.000000 1.000000
1.000000 1.000000 1.000000 1.000000
1.000000 1.000000 1.000000 1.000000
1.000000 1.000000 1.000000 1.000000
1.000000 1.000000 1.000000 1.000000
1.000000 1.000000 1.000000 1.000000
1.000000 1.000000 1.000000 1.000000
1.000000 1.000000 1.000000 1.000000
1.000000 1.000000 1.000000 1.000000
1.000000 1.000000 1.000000 1.000000
1.000000 1.000000 1.000000 1.000000
1.000000 1.000000 1.000000 1.000000
1.000000 1.000000 1.000000 1.000000
1.000000 1.000000 1.000000 1.000000
1.000000 1.000000 1.000000 1.000000
1.000000 1.000000 1.000000 1.000000
1.000000 1.000000 1.000000 1.000000
1.000000 1.000000 1.000000 1.000000
1.000000 1.000000 1.000000 1.000000
1.000000 1.000000 1.000000 1.000000
1.000000 1.000000 1.000000 1.000000
1.000000 1.000000 1.000000 1.000000
1.000000 1.000000 1.000000 1.000000
1.000000 1.000000 1.000000 1.000000
1.000000 1.000000 1.000000 1.000000
1.000000 1.000000 1.000000 1.000000
1.000000 1.000000 1.000000 1.000000
1.000000 1.000000 1.000000 1.000000
1.000000 1.000000 1.000000 1.000000
1.000000 1.000000 1.000000 1.000000
1.000000 1.000000 1.000000 1.000000
1.000000 1.000000 1.000000 1.000000
1.000000 1.000000 1.000000 1.000000
1.000000 1.000000 1.000000 1.000000
1.000000 1.000000 1.000000 1.000000
1.000000 1.000000 1.000000 1.000000
1.000000 1.000000 1.000000 1.000000
1.000000 1.000000 1.000000 1.000000
1.000000 1.000000 1.000000 1.000000
1.000000 1.000000 1.000000 1.000000
1.000000 1.000000 1.000000 1.000000
1.000000 1.000000 1.000000 1.000000
1.000000 1.000000 1.000000 1.000000
1.000000 1.000000 1.000000 1.000000
1.000000 1.000000 1.000000 1.000000
1.000000 1.000000 1.000000 1.000000
1.000000 1.000000 1.000000 1.000000
1.000000 1.000000 1.000000 1.000000
1.000000 1.000000 1.000000 1.000000
1.000000 1.000000 1.000000 1.000000
1.000000 1.000000 1.000000 1.000000
1.000000 1.000000 1.000000 1.000000
1.000000 1.000000 1.000000 1.000000
1.000000 1.000000 1.000000 1.000000
1.000000 1.000000 1.000000 1.000000
1.000000 1.000000 1.000000 1.000000
1.000000 1.000000 1.000000 1.000000
1.000000 1.000000 1.000000 1.000000
1.000000 1.000000 1.000000 1.000000
1.000000 1.000000 1.000000 1.000000
1.000000 1.000000 1.000000 1.000000
1.000000 1.000000 1.000000 1.000000
1.000000 1.000000 1.000000 1.000000
1.000000 1.000000 1.000000 1.000000
1.000000 1.000000 1.000000 1.000000
1.000000 1.000000 1.000000 1.000000
1.000000 1.000000 1.000000 1.000000
1.000000 1.000000 1.000000 1.000000
1.000000 1.000000 1.000000 1.000000
1.000000 1.000000 1.000000 1.000000
1.000000 1.000000 1.000000 1.000000
1.000000 1.000000 1.000000 1.000000
1.000000 1.000000 1.000000 1.000000
1.000000 1.000000 1.000000 1.000000
1.000000 1.000000 1.000000 1.000000
1.000000 1.000000 1.000000 1.000000
1.000000 1.000000 1.000000 1.000000
1.000000 1.000000 1.000000 1.000000
1.000000 1.000000 1.000000 1.000000
1.000000 1.000000 1.000000 1.000000
1.000000 1.000000 1.000000 1.000000
1.000000 1.000000 1.000000 1.000000
1.000000 1.000000 1.000000 1.000000
1.000000 1.000000 1.000000 1.000000
1.000000 1.000000 1.000000 1.000000
1.000000 1.000000 1.000000 1.000000
1.000000 1.000000 1.000000 1.000000
1.000000 1.000000 1.000000 1.000000
1.000000 1.000000 1.000000 1.000000
1.000000 1.000000 1.000000 1.000000
1.000000 1.000000 1.000000 1.000000
1.000000 1.000000 1.000000 1.000000
1.000000 1.000000 1.000000 1.000000
1.000000 1.000000 1.000000 1.000000
1.000000 1.000000 1.000000 1.000000
1.000000 1.000000 1.000000 1.000000
1.000000 1.000000 1.000000 1.000000
1.000000 1.000000 1.000000 1.000000
1.000000 1.000000 1.000000 1.000000
1.000000 1.000000 1.000000 1.000000
1.000000 1.000000 1.000000 1.000000
1.000000 1.000000 1.000000 1.000000
1.000000 1.000000 1.000000 1.000000
1.000000 1.000000 1.000000 1.000000
1.000000 1.000000 1.000000 1.000000
1.000000 1.000000 1.000000 1.000000
1.000000 1.000000 1.000000 1.000000
1.000000 1.000000 1.000000 1.000000
1.000000 1.000000 1.000000 1.000000
1.000000 1.000000 1.000000 1.000000
1.000000 1.000000 1.000000 1.000000
1.000000 1.000000 1.000000 1.000000
1.000000 1.000000 1.000000 1.000000
1.000000 1.000000 1.000000 1.000000
1.000000 1.000000 1.000000 1.000000
1.000000 1.000000 1.000000 1.000000
1.000000 1.000000 1.000000 1.000000
1.000000 1.000000 1.000000 1.000000
1.000000 1.000000 1.000000 1.000000
1.000000 1.000000 1.000000 1.000000
1.000000 1.000000 1.000000 1.000000
1.000000 1.000000 1.000000 1.000000
1.000000 1.000000 1.000000 1.000000
1.000000 1.000000 1.000000 1.000000
1.000000 1.000000 1.000000 1.000000
1.000000 1.000000 1.000000 1.000000
1.000000 1.000000 1.000000 1.000000
1.000000 1.000000 1.000000 1.000000
1.000000 1.000000 1.000000 1.000000
1.000000 1.000000 1.000000 1.000000
1.000000 1.000000 1.000000 1.000000
1.000000 1.000000 1.000000 1.000000
1.000000 1.000000 1.000000 1.000000
1.000000 1.000000 1.000000 1.000000
1.000000 1.000000 1.000000 1.000000
1.000000 1.000000 1.000000 1.000000
1.000000 1.000000 1.000000 1.000000
1.000000 1.000000 1.000000 1.000000
1.000000 1.000000 1.000000 1.000000
1.000000 1.000000 1.000000 1.000000
1.000000 1.000000 1.000000 1.000000
1.000000 1.000000 1.000000 1.000000
1.000000 1.000000 1.000000 1.000000
1.000000 1.000000 1.000000 1.000000
1.000000 1.000000 1.000000 1.000000
1.000000 1.000000 1.000000 1.000000
1.000000 1.000000 1.000000 1.000000
1.000000 1.000000 1.000000 1.000000
1.000000 1.000000 1.000000 1.000000
1.000000 1.000000 1.000000 1.000000
1.000000 1.000000 1.000000 1.000000
1.000000 1.000000 1.000000 1.000000
1.000000 1.000000 1.000000 1.000000
1.000000 1.000000 1.000000 1.000000
1.000000 1.000000 1.000000 1.000000
1.000000 1.000000 1.000000 1.000000
1.000000 1.000000 1.000000 1.000000
1.000000 1.000000 1.000000 1.000000
1.000000 1.000000 1.000000 1.000000
1.000000 1.000000 1.000000 1.000000
1.000000 1.000000 1.000000 1.000000
1.000000 1.000000 1.000000 1.000000
1.000000 1.000000 1.000000 1.000000
1.000000 1.000000 1.000000 1.000000
1.000000 1.000000 1.000000 1.000000
1.000000 1.000000 1.000000 1.000000
1.000000 1.000000 1.000000 1.000000
1.000000 1.000000 1.000000 1.000000
1.000000 1.000000 1.000000 1.000000
1.000000 1.000000 1.000000 1.000000
1.000000 1.000000 1.000000 1.000000
1.000000 1.000000 1.000000 1.000000
1.000000 1.000000 1.000000 1.000000
1.000000 1.000000 1.000000 1.000000
1.000000 1.000000 1.000000 1.000000
1.000000 1.000000 1.000000 1.000000
1.000000 1.000000 1.000000 1.000000
1.000000 1.000000 1.000000 1.000000
1.000000 1.000000 1.000000 1.000000
1.000000 1.000000 1.000000 1.000000
1.000000 1.000000 1.000000 1.000000
1.000000 1.000000 1.000000 1.000000
1.000000 1.000000 1.000000 1.000000
1.000000 1.000000 1.000000 1.000000
1.000000 1.000000 1.000000 1.000000
1.000000 1.000000 1.000000 1.000000
1.000000 1.000000 1.000000 1.000000
1.000000 1.000000 1.000000 1.000000
1.000000 1.000000 1.000000 1.000000
1.000000 1.000000 1.000000 1.000000
1.000000 1.000000 1.000000 1.000000
1.000000 1.000000 1.000000 1.000000
1.000000 1.000000 1.000000 1.000000
1.000000 1.000000 1.000000 1.000000
1.000000 1.000000 1.000000 1.000000
1.000000 1.000000 1.000000 1.000000
1.000000 1.000000 1.000000 1.000000
1.000000 1.000000 1.000000 1.000000
1.000000 1.000000 1.000000 1.000000
1.000000 1.000000 1.000000 1.000000
1.000000 1.000000 1.000000 1.000000
1.000000 1.000000 1.000000 1.000000
1.000000 1.000000 1.000000 1.000000
1.000000 1.000000 1.000000 1.000000
1.000000 1.000000 1.000000 1.000000
1.000000 1.000000 1.000000 1.000000
1.000000 1.000000 1.000000 1.000000
1.000000 1.000000 1.000000 1.000000
1.000000 1.000000 1.000000 1.000000
1.000000 1.000000 1.000000 1.000000
1.000000 1.000000 1.000000 1.000000
1.000000 1.000000 1.000000 1.000000
1.000000 1.000000 1.000000 1.000000
1.000000 1.000000 1.000000 1.000000
1.000000 1.000000 1.000000 1.000000
1.000000 1.000000 1.000000 1.000000
1.000000 1.000000 1.000000 1.000000
1.000000 1.000000 1.000000 1.000000
1.000000 1.000000 1.000000 1.000000
1.000000 1.000000 1.000000 1.000000
1.000000 1.000000 1.000000 1.000000
1.000000 1.000000 1.000000 1.000000
1.000000 1.000000 1.000000 1.000000
1.000000 1.000000 1.000000 1.000000
1.000000 1.000000 1.000000 1.000000
1.000000 1.000000 1.000000 1.000000
1.000000 1.000000 1.000000 1.000000
1.000000 1.000000 1.000000 1.000000
1.000000 1.000000 1.000000 1.000000
1.000000 1.000000 1.000000 1.000000
1.000000 1.000000 1.000000 1.000000
1.000000 1.000000 1.000000 1.000000
1.000000 1.000000 1.000000 1.000000
1.000000 1.000000 1.000000 1.000000
1.000000 1.000000 1.000000 1.000000
1.000000 1.000000 1.000000 1.000000
1.000000 1.000000 1.000000 1.000000
1.000000 1.000000 1.000000 1.000000
1.000000 1.000000 1.000000 1.000000
1.000000 1.000000 1.000000 1.000000
1.000000 1.000000 1.000000 1.000000
1.000000 1.000000 1.000000 1.000000
1.000000 1.000000 1.000000 1.000000
1.000000 1.000000 1.000000 1.000000
1.000000 1.000000 1.000000 1.000000
1.000000 1.000000 1.000000 1.000000
1.000000 1.000000 1.000000 1.000000
1.000000 1.000000 1.000000 1.000000
1.000000 1.000000 1.000000 1.000000
1.000000 1.000000 1.000000 1.000000
1.000000 1.000000 1.000000 1.000000
1.000000 1.000000 1.000000 1.000000
1.000000 1.000000 1.000000 1.000000
1.000000 1.000000 1.000000 1.000000
1.000000 1.000000 1.000000 1.000000
1.000000 1.000000 1.000000 1.000000
1.000000 1.000000 1.000000 1.000000
1.000000 1.000000 1.000000 1.000000
1.000000 1.000000 1.000000 1.000000
1.000000 1.000000 1.000000 1.000000
1.000000 1.000000 1.000000 1.000000
1.000000 1.000000 1.000000 1.000000
1.000000 1.000000 1.000000 1.000000
1.000000 1.000000 1.000000 1.000000
1.000000 1.000000 1.000000 1.000000
1.000000 1.000000 1.000000 1.000000
1.000000 1.000000 1.000000 1.000000
1.000000 1.000000 1.000000 1.000000
1.000000 1.000000 1.000000 1.000000
1.000000 1.000000 1.000000 1.000000
1.000000 1.000000 1.000000 1.000000
1.000000 1.000000 1.000000 1.000000
1.000000 1.000000 1.000000 1.000000
1.000000 1.000000 1.000000 1.000000
1.000000 1.000000 1.000000 1.000000
1.000000 1.000000 1.000000 1.000000
1.000000 1.000000 1.000000 1.000000
1.000000 1.000000 1.000000 1.000000
1.000000 1.000000 1.000000 1.000000
1.000000 1.000000 1.000000 1.000000
1.000000 1.000000 1.000000 1.000000
1.000000 1.000000 1.000000 1.000000
1.000000 1.000000 1.000000 1.000000
1.000000 1.000000 1.000000 1.000000
1.000000 1.000000 1.000000 1.000000
1.000000 1.000000 1.000000 1.000000
1.000000 1.000000 1.000000 1.000000
1.000000 1.000000 1.000000 1.000000
1.000000 1.000000 1.000000 1.000000
1.000000 1.000000 1.000000 1.000000
1.000000 1.000000 1.000000 1.000000
1.000000 1.000000 1.000000 1.000000
1.000000 1.000000 1.000000 1.000000
1.000000 1.000000 1.000000 1.000000
1.000000 1.000000 1.000000 1.000000
1.000000 1.000000 1.000000 1.000000
1.000000 1.000000 1.000000 1.000000
1.000000 1.000000 1.000000 1.000000
1.000000 1.000000 1.000000 1.000000
1.000000 1.000000 1.000000 1.000000
1.000000 1.000000 1.000000 1.000000
1.000000 1.000000 1.000000 1.000000
1.000000 1.000000 1.000000 1.000000
1.000000 1.000000 1.000000 1.000000
1.000000 1.000000 1.000000 1.000000
1.000000 1.000000 1.000000 1.000000
1.000000 1.000000 1.000000 1.000000
1.000000 1.000000 1.000000 1.000000
1.000000 1.000000 1.000000 1.000000
1.000000 1.000000 1.000000 1.000000
1.000000 1.000000 1.000000 1.000000
1.000000 1.000000 1.000000 1.000000
1.000000 1.000000 1.000000 1.000000
1.000000 1.000000 1.000000 1.000000
1.000000 1.000000 1.000000 1.000000
1.000000 1.000000 1.000000 1.000000
1.000000 1.000000 1.000000 1.000000
1.000000 1.000000 1.000000 1.000000
1.000000 1.000000 1.000000 1.000000
1.000000 1.000000 1.000000 1.000000
1.000000 1.000000 1.000000 1.000000
1.000000 1.000000 1.000000 1.000000
1.000000 1.000000 1.000000 1.000000
1.000000 1.000000 1.000000 1.000000
1.000000 1.000000 1.000000 1.000000
1.000000 1.000000 1.000000 1.000000
1.000000 1.000000 1.000000 1.000000
1.000000 1.000000 1.000000 1.000000
1.000000 1.000000 1.000000 1.000000
1.000000 1.000000 1.000000 1.000000
1.000000 1.000000 1.000000 1.000000
1.000000 1.000000 1.000000 1.000000
1.000000 1.000000 1.000000 1.000000
1.000000 1.000000 1.000000 1.000000
1.000000 1.000000 1.000000 1.000000
1.000000 1.000000 1.000000 1.000000
1.000000 1.000000 1.000000 1.000000
1.000000 1.000000 1.000000 1.000000
1.000000 1.000000 1.000000 1.000000
1.000000 1.000000 1.000000 1.000000
1.000000 1.000000 1.000000 1.000000
1.000000 1.000000 1.000000 1.000000
1.000000 1.000000 1.000000 1.000000
1.000000 1.000000 1.000000 1.000000
1.000000 1.000000 1.000000 1.000000
1.000000 1.000000 1.000000 1.000000
1.000000 1.000000 1.000000 1.000000
1.000000 1.000000 1.000000 1.000000
1.000000 1.000000 1.000000 1.000000
1.000000 1.000000 1.000000 1.000000
1.000000 1.000000 1.000000 1.000000
1.000000 1.000000 1.000000 1.000000
1.000000 1.000000 1.000000 1.000000
1.000000 1.000000 1.000000 1.000000
1.000000 1.000000 1.000000 1.000000
1.000000 1.000000 1.000000 1.000000
1.000000 1.000000 1.000000 1.000000
1.000000 1.000000 1.000000 1.000000
1.000000 1.000000 1.000000 1.000000
1.000000 1.000000 1.000000 1.000000
1.000000 1.000000 1.000000 1.000000
1.000000 1.000000 1.000000 1.000000
1.000000 1.000000 1.000000 1.000000
1.000000 1.000000 1.000000 1.000000
1.000000 1.000000 1.000000 1.000000
1.000000 1.000000 1.000000 1.000000
1.000000 1.000000 1.000000 1.000000
1.000000 1.000000 1.000000 1.000000
1.000000 1.000000 1.000000 1.000000
1.000000 1.000000 1.000000 1.000000
1.000000 1.000000 1.000000 1.000000
1.000000 1.000000 1.000000 1.000000
1.000000 1.000000 1.000000 1.000000
1.000000 1.000000 1.000000 1.000000
1.000000 1.000000 1.000000 1.000000
1.000000 1.000000 1.000000 1.000000
1.000000 1.000000 1.000000 1.000000
1.000000 1.000000 1.000000 1.000000
1.000000 1.000000 1.000000 1.000000
1.000000 1.000000 1.000000 1.000000
1.000000 1.000000 1.000000 1.000000
1.000000 1.000000 1.000000 1.000000
1.000000 1.000000 1.000000 1.000000
1.000000 1.000000 1.000000 1.000000
1.000000 1.000000 1.000000 1.000000
1.000000 1.000000 1.000000 1.000000
1.000000 1.000000 1.000000 1.000000
1.000000 1.000000 1.000000 1.000000
1.000000 1.000000 1.000000 1.000000
1.000000 1.000000 1.000000 1.000000
1.000000 1.000000 1.000000 1.000000
1.000000 1.000000 1.000000 1.000000
1.000000 1.000000 1.000000 1.000000
1.000000 1.000000 1.000000 1.000000
1.000000 1.000000 1.000000 1.000000
1.000000 1.000000 1.000000 1.000000
1.000000 1.000000 1.000000 1.000000
1.000000 1.000000 1.000000 1.000000
1.000000 1.000000 1.000000 1.000000
1.000000 1.000000 1.000000 1.000000
1.000000 1.000000 1.000000 1.000000
1.000000 1.000000 1.000000 1.000000
1.000000 1.000000 1.000000 1.000000
1.000000 1.000000 1.000000 1.000000
1.000000 1.000000 1.000000 1.000000
1.000000 1.000000 1.000000 1.000000
1.000000 1.000000 1.000000 1.000000
1.000000 1.000000 1.000000 1.000000
1.000000 1.000000 1.000000 1.000000
1.000000 1.000000 1.000000 1.000000
1.000000 1.000000 1.000000 1.000000
1.000000 1.000000 1.000000 1.000000
1.000000 1.000000 1.000000 1.000000
1.000000 1.000000 1.000000 1.000000
1.000000 1.000000 1.000000 1.000000
1.000000 1.000000 1.000000 1.000000
1.000000 1.000000 1.000000 1.000000
1.000000 1.000000 1.000000 1.000000
1.000000 1.000000 1.000000 1.000000
1.000000 1.000000 1.000000 1.000000
1.000000 1.000000 1.000000 1.000000
1.000000 1.000000 1.000000 1.000000
1.000000 1.000000 1.000000 1.000000
1.000000 1.000000 1.000000 1.000000
1.000000 1.000000 1.000000 1.000000
1.000000 1.000000 1.000000 1.000000
1.000000 1.000000 1.000000 1.000000
1.000000 1.000000 1.000000 1.000000
1.000000 1.000000 1.000000 1.000000
1.000000 1.000000 1.000000 1.000000
1.000000 1.000000 1.000000 1.000000
1.000000 1.000000 1.000000 1.000000
1.000000 1.000000 1.000000 1.000000
1.000000 1.000000 1.000000 1.000000
1.000000 1.000000 1.000000 1.000000
1.000000 1.000000 1.000000 1.000000
1.000000 1.000000 1.000000 1.000000
1.000000 1.000000 1.000000 1.000000
1.000000 1.000000 1.000000 1.000000
1.000000 1.000000 1.000000 1.000000
1.000000 1.000000 1.000000 1.000000
1.000000 1.000000 1.000000 1.000000
1.000000 1.000000 1.000000 1.000000
1.000000 1.000000 1.000000 1.000000
1.000000 1.000000 1.000000 1.000000
1.000000 1.000000 1.000000 1.000000
1.000000 1.000000 1.000000 1.000000
1.000000 1.000000 1.000000 1.000000
1.000000 1.000000 1.000000 1.000000
1.000000 1.000000 1.000000 1.000000
1.000000 1.000000 1.000000 1.000000
1.000000 1.000000 1.000000 1.000000
1.000000 1.000000 1.000000 1.000000
1.000000 1.000000 1.000000 1.000000
1.000000 1.000000 1.000000 1.000000
1.000000 1.000000 1.000000 1.000000
1.000000 1.000000 1.000000 1.000000
1.000000 1.000000 1.000000 1.000000
1.000000 1.000000 1.000000 1.000000
1.000000 1.000000 1.000000 1.000000
1.000000 1.000000 1.000000 1.000000
1.000000 1.000000 1.000000 1.000000
1.000000 1.000000 1.000000 1.000000
1.000000 1.000000 1.000000 1.000000
1.000000 1.000000 1.000000 1.000000
1.000000 1.000000 1.000000 1.000000
1.000000 1.000000 1.000000 1.000000
1.000000 1.000000 1.000000 1.000000
1.000000 1.000000 1.000000 1.000000
1.000000 1.000000 1.000000 1.000000
1.000000 1.000000 1.000000 1.000000
1.000000 1.000000 1.000000 1.000000
1.000000 1.000000 1.000000 1.000000
1.000000 1.000000 1.000000 1.000000
1.000000 1.000000 1.000000 1.000000
1.000000 1.000000 1.000000 1.000000
1.000000 1.000000 1.000000 1.000000
1.000000 1.000000 1.000000 1.000000
1.000000 1.000000 1.000000 1.000000
1.000000 1.000000 1.000000 1.000000
1.000000 1.000000 1.000000 1.000000
1.000000 1.000000 1.000000 1.000000
1.000000 1.000000 1.000000 1.000000
1.000000 1.000000 1.000000 1.000000
1.000000 1.000000 1.000000 1.000000
1.000000 1.000000 1.000000 1.000000
1.000000 1.000000 1.000000 1.000000
1.000000 1.000000 1.000000 1.000000
1.000000 1.000000 1.000000 1.000000
1.000000 1.000000 1.000000 1.000000
1.000000 1.000000 1.000000 1.000000
1.000000 1.000000 1.000000 1.000000
1.000000 1.000000 1.000000 1.000000
1.000000 1.000000 1.000000 1.000000
1.000000 1.000000 1.000000 1.000000
1.000000 1.000000 1.000000 1.000000
1.000000 1.000000 1.000000 1.000000
1.000000 1.000000 1.000000 1.000000
1.000000 1.000000 1.000000 1.000000
1.000000 1.000000 1.000000 1.000000
1.000000 1.000000 1.000000 1.000000
1.000000 1.000000 1.000000 1.000000
1.000000 1.000000 1.000000 1.000000
1.000000 1.000000 1.000000 1.000000
1.000000 1.000000 1.000000 1.000000
1.000000 1.000000 1.000000 1.000000
1.000000 1.000000 1.000000 1.000000
1.000000 1.000000 1.000000 1.000000
1.000000 1.000000 1.000000 1.000000
1.000000 1.000000 1.000000 1.000000
1.000000 1.000000 1.000000 1.000000
1.000000 1.000000 1.000000 1.000000
1.000000 1.000000 1.000000 1.000000
1.000000 1.000000 1.000000 1.000000
1.000000 1.000000 1.000000 1.000000
1.000000 1.000000 1.000000 1.000000
1.000000 1.000000 1.000000 1.000000
1.000000 1.000000 1.000000 1.000000
1.000000 1.000000 1.000000 1.000000
1.000000 1.000000 1.000000 1.000000
1.000000 1.000000 1.000000 1.000000
1.000000 1.000000 1.000000 1.000000
1.000000 1.000000 1.000000 1.000000
1.000000 1.000000 1.000000 1.000000
1.000000 1.000000 1.000000 1.000000
1.000000 1.000000 1.000000 1.000000
1.000000 1.000000 1.000000 1.000000
1.000000 1.000000 1.000000 1.000000
1.000000 1.000000 1.000000 1.000000
1.000000 1.000000 1.000000 1.000000
1.000000 1.000000 1.000000 1.000000
1.000000 1.000000 1.000000 1.000000
1.000000 1.000000 1.000000 1.000000
1.000000 1.000000 1.000000 1.000000
1.000000 1.000000 1.000000 1.000000
1.000000 1.000000 1.000000 1.000000
1.000000 1.000000 1.000000 1.000000
1.000000 1.000000 1.000000 1.000000
1.000000 1.000000 1.000000 1.000000
1.000000 1.000000 1.000000 1.000000
1.000000 1.000000 1.000000 1.000000
1.000000 1.000000 1.000000 1.000000
1.000000 1.000000 1.000000 1.000000
1.000000 1.000000 1.000000 1.000000
1.000000 1.000000 1.000000 1.000000
1.000000 1.000000 1.000000 1.000000
1.000000 1.000000 1.000000 1.000000
1.000000 1.000000 1.000000 1.000000
1.000000 1.000000 1.000000 1.000000
1.000000 1.000000 1.000000 1.000000
1.000000 1.000000 1.000000 1.000000
1.000000 1.000000 1.000000 1.000000
1.000000 1.000000 1.000000 1.000000
1.000000 1.000000 1.000000 1.000000
1.000000 1.000000 1.000000 1.000000
1.000000 1.000000 1.000000 1.000000
1.000000 1.000000 1.000000 1.000000
1.000000 1.000000 1.000000 1.000000
1.000000 1.000000 1.000000 1.000000
1.000000 1.000000 1.000000 1.000000
1.000000 1.000000 1.000000 1.000000
1.000000 1.000000 1.000000 1.000000
1.000000 1.000000 1.000000 1.000000
1.000000 1.000000 1.000000 1.000000
1.000000 1.000000 1.000000 1.000000
1.000000 1.000000 1.000000 1.000000
1.000000 1.000000 1.000000 1.000000
1.000000 1.000000 1.000000 1.000000
1.000000 1.000000 1.000000 1.000000
1.000000 1.000000 1.000000 1.000000
1.000000 1.000000 1.000000 1.000000
1.000000 1.000000 1.000000 1.000000
1.000000 1.000000 1.000000 1.000000
1.000000 1.000000 1.000000 1.000000
1.000000 1.000000 1.000000 1.000000
1.000000 1.000000 1.000000 1.000000
1.000000 1.000000 1.000000 1.000000
1.000000 1.000000 1.000000 1.000000
1.000000 1.000000 1.000000 1.000000
1.000000 1.000000 1.000000 1.000000
1.000000 1.000000 1.000000 1.000000
1.000000 1.000000 1.000000 1.000000
1.000000 1.000000 1.000000 1.000000
1.000000 1.000000 1.000000 1.000000
1.000000 1.000000 1.000000 1.000000
1.000000 1.000000 1.000000 1.000000
1.000000 1.000000 1.000000 1.000000
1.000000 1.000000 1.000000 1.000000
1.000000 1.000000 1.000000 1.000000
1.000000 1.000000 1.000000 1.000000
1.000000 1.000000 1.000000 1.000000
1.000000 1.000000 1.000000 1.000000
1.000000 1.000000 1.000000 1.000000
1.000000 1.000000 1.000000 1.000000
1.000000 1.000000 1.000000 1.000000
1.000000 1.000000 1.000000 1.000000
1.000000 1.000000 1.000000 1.000000
1.000000 1.000000 1.000000 1.000000
1.000000 1.000000 1.000000 1.000000
1.000000 1.000000 1.000000 1.000000
1.000000 1.000000 1.000000 1.000000
1.000000 1.000000 1.000000 1.000000
1.000000 1.000000 1.000000 1.000000
1.000000 1.000000 1.000000 1.000000
1.000000 1.000000 1.000000 1.000000
1.000000 1.000000 1.000000 1.000000
1.000000 1.000000 1.000000 1.000000
1.000000 1.000000 1.000000 1.000000
1.000000 1.000000 1.000000 1.000000
1.000000 1.000000 1.000000 1.000000
1.000000 1.000000 1.000000 1.000000
1.000000 1.000000 1.000000 1.000000
1.000000 1.000000 1.000000 1.000000
1.000000 1.000000 1.000000 1.000000
1.000000 1.000000 1.000000 1.000000
1.000000 1.000000 1.000000 1.000000
1.000000 1.000000 1.000000 1.000000
1.000000 1.000000 1.000000 1.000000
1.000000 1.000000 1.000000 1.000000
1.000000 1.000000 1.000000 1.000000
1.000000 1.000000 1.000000 1.000000
1.000000 1.000000 1.000000 1.000000
1.000000 1.000000 1.000000 1.000000
1.000000 1.000000 1.000000 1.000000
1.000000 1.000000 1.000000 1.000000
1.000000 1.000000 1.000000 1.000000
1.000000 1.000000 1.000000 1.000000
1.000000 1.000000 1.000000 1.000000
1.000000 1.000000 1.000000 1.000000
1.000000 1.000000 1.000000 1.000000
1.000000 1.000000 1.000000 1.000000
1.000000 1.000000 1.000000 1.000000
1.000000 1.000000 1.000000 1.000000
1.000000 1.000000 1.000000 1.000000
1.000000 1.000000 1.000000 1.000000
1.000000 1.000000 1.000000 1.000000
1.000000 1.000000 1.000000 1.000000
1.000000 1.000000 1.000000 1.000000
1.000000 1.000000 1.000000 1.000000
1.000000 1.000000 1.000000 1.000000
1.000000 1.000000 1.000000 1.000000
1.000000 1.000000 1.000000 1.000000
1.000000 1.000000 1.000000 1.000000
1.000000 1.000000 1.000000 1.000000
1.000000 1.000000 1.000000 1.000000
1.000000 1.000000 1.000000 1.000000
1.000000 1.000000 1.000000 1.000000
1.000000 1.000000 1.000000 1.000000
1.000000 1.000000 1.000000 1.000000
1.000000 1.000000 1.000000 1.000000
1.000000 1.000000 1.000000 1.000000
1.000000 1.000000 1.000000 1.000000
1.000000 1.000000 1.000000 1.000000
1.000000 1.000000 1.000000 1.000000
1.000000 1.000000 1.000000 1.000000
1.000000 1.000000 1.000000 1.000000
1.000000 1.000000 1.000000 1.000000
1.000000 1.000000 1.000000 1.000000
1.000000 1.000000 1.000000 1.000000
1.000000 1.000000 1.000000 1.000000
1.000000 1.000000 1.000000 1.000000
1.000000 1.000000 1.000000 1.000000
1.000000 1.000000 1.000000 1.000000
1.000000 1.000000 1.000000 1.000000
1.000000 1.000000 1.000000 1.000000
1.000000 1.000000 1.000000 1.000000
1.000000 1.000000 1.000000 1.000000
1.000000 1.000000 1.000000 1.000000
1.000000 1.000000 1.000000 1.000000
1.000000 1.000000 1.000000 1.000000
1.000000 1.000000 1.000000 1.000000
1.000000 1.000000 1.000000 1.000000
1.000000 1.000000 1.000000 1.000000
1.000000 1.000000 1.000000 1.000000
1.000000 1.000000 1.000000 1.000000
1.000000 1.000000 1.000000 1.000000
1.000000 1.000000 1.000000 1.000000
1.000000 1.000000 1.000000 1.000000
1.000000 1.000000 1.000000 1.000000
1.000000 1.000000 1.000000 1.000000
1.000000 1.000000 1.000000 1.000000
1.000000 1.000000 1.000000 1.000000
1.000000 1.000000 1.000000 1.000000
1.000000 1.000000 1.000000 1.000000
1.000000 1.000000 1.000000 1.000000
1.000000 1.000000 1.000000 1.000000
1.000000 1.000000 1.000000 1.000000
1.000000 1.000000 1.000000 1.000000
1.000000 1.000000 1.000000 1.000000
1.000000 1.000000 1.000000 1.000000
1.000000 1.000000 1.000000 1.000000
1.000000 1.000000 1.000000 1.000000
1.000000 1.000000 1.000000 1.000000
1.000000 1.000000 1.000000 1.000000
1.000000 1.000000 1.000000 1.000000
1.000000 1.000000 1.000000 1.000000
1.000000 1.000000 1.000000 1.000000
1.000000 1.000000 1.000000 1.000000
1.000000 1.000000 1.000000 1.000000
1.000000 1.000000 1.000000 1.000000
1.000000 1.000000 1.000000 1.000000
1.000000 1.000000 1.000000 1.000000
1.000000 1.000000 1.000000 1.000000
1.000000 1.000000 1.000000 1.000000
1.000000 1.000000 1.000000 1.000000
1.000000 1.000000 1.000000 1.000000
1.000000 1.000000 1.000000 1.000000
1.000000 1.000000 1.000000 1.000000
1.000000 1.000000 1.000000 1.000000
1.000000 1.000000 1.000000 1.000000
1.000000 1.000000 1.000000 1.000000
1.000000 1.000000 1.000000 1.000000
1.000000 1.000000 1.000000 1.000000
1.000000 1.000000 1.000000 1.000000
1.000000 1.000000 1.000000 1.000000
1.000000 1.000000 1.000000 1.000000
1.000000 1.000000 1.000000 1.000000
1.000000 1.000000 1.000000 1.000000
1.000000 1.000000 1.000000 1.000000
1.000000 1.000000 1.000000 1.000000
1.000000 1.000000 1.000000 1.000000
1.000000 1.000000 1.000000 1.000000
1.000000 1.000000 1.000000 1.000000
1.000000 1.000000 1.000000 1.000000
1.000000 1.000000 1.000000 1.000000
1.000000 1.000000 1.000000 1.000000
1.000000 1.000000 1.000000 1.000000
1.000000 1.000000 1.000000 1.000000
1.000000 1.000000 1.000000 1.000000
1.000000 1.000000 1.000000 1.000000
1.000000 1.000000 1.000000 1.000000
1.000000 1.000000 1.000000 1.000000
1.000000 1.000000 1.000000 1.000000
1.000000 1.000000 1.000000 1.000000
1.000000 1.000000 1.000000 1.000000
1.000000 1.000000 1.000000 1.000000
1.000000 1.000000 1.000000 1.000000
1.000000 1.000000 1.000000 1.000000
1.000000 1.000000 1.000000 1.000000
1.000000 1.000000 1.000000 1.000000
1.000000 1.000000 1.000000 1.000000
1.000000 1.000000 1.000000 1.000000
1.000000 1.000000 1.000000 1.000000
1.000000 1.000000 1.000000 1.000000
1.000000 1.000000 1.000000 1.000000
1.000000 1.000000 1.000000 1.000000
1.000000 1.000000 1.000000 1.000000
1.000000 1.000000 1.000000 1.000000
1.000000 1.000000 1.000000 1.000000
1.000000 1.000000 1.000000 1.000000
1.000000 1.000000 1.000000 1.000000
1.000000 1.000000 1.000000 1.000000
1.000000 1.000000 1.000000 1.000000
1.000000 1.000000 1.000000 1.000000
1.000000 1.000000 1.000000 1.000000
1.000000 1.000000 1.000000 1.000000
1.000000 1.000000 1.000000 1.000000
1.000000 1.000000 1.000000 1.000000
1.000000 1.000000 1.000000 1.000000
1.000000 1.000000 1.000000 1.000000
1.000000 1.000000 1.000000 1.000000
1.000000 1.000000 1.000000 1.000000
1.000000 1.000000 1.000000 1.000000
1.000000 1.000000 1.000000 1.000000
1.000000 1.000000 1.000000 1.000000
1.000000 1.000000 1.000000 1.000000
1.000000 1.000000 1.000000 1.000000
1.000000 1.000000 1.000000 1.000000
1.000000 1.000000 1.000000 1.000000
1.000000 1.000000 1.000000 1.000000
1.000000 1.000000 1.000000 1.000000
1.000000 1.000000 1.000000 1.000000
1.000000 1.000000 1.000000 1.000000
1.000000 1.000000 1.000000 1.000000
1.000000 1.000000 1.000000 1.000000
1.000000 1.000000 1.000000 1.000000
1.000000 1.000000 1.000000 1.000000
1.000000 1.000000 1.000000 1.000000
1.000000 1.000000 1.000000 1.000000
1.000000 1.000000 1.000000 1.000000
1.000000 1.000000 1.000000 1.000000
1.000000 1.000000 1.000000 1.000000
1.000000 1.000000 1.000000 1.000000
1.000000 1.000000 1.000000 1.000000
1.000000 1.000000 1.000000 1.000000
1.000000 1.000000 1.000000 1.000000
1.000000 1.000000 1.000000 1.000000
1.000000 1.000000 1.000000 1.000000
1.000000 1.000000 1.000000 1.000000
1.000000 1.000000 1.000000 1.000000
1.000000 1.000000 1.000000 1.000000
1.000000 1.000000 1.000000 1.000000
1.000000 1.000000 1.000000 1.000000
1.000000 1.000000 1.000000 1.000000
1.000000 1.000000 1.000000 1.000000
1.000000 1.000000 1.000000 1.000000
1.000000 1.000000 1.000000 1.000000
1.000000 1.000000 1.000000 1.000000
1.000000 1.000000 1.000000 1.000000
1.000000 1.000000 1.000000 1.000000
1.000000 1.000000 1.000000 1.000000
1.000000 1.000000 1.000000 1.000000
1.000000 1.000000 1.000000 1.000000
1.000000 1.000000 1.000000 1.000000
1.000000 1.000000 1.000000 1.000000
1.000000 1.000000 1.000000 1.000000
1.000000 1.000000 1.000000 1.000000
1.000000 1.000000 1.000000 1.000000
1.000000 1.000000 1.000000 1.000000
1.000000 1.000000 1.000000 1.000000
1.000000 1.000000 1.000000 1.000000
1.000000 1.000000 1.000000 1.000000
1.000000 1.000000 1.000000 1.000000
1.000000 1.000000 1.000000 1.000000
1.000000 1.000000 1.000000 1.000000
1.000000 1.000000 1.000000 1.000000
1.000000 1.000000 1.000000 1.000000
1.000000 1.000000 1.000000 1.000000
1.000000 1.000000 1.000000 1.000000
1.000000 1.000000 1.000000 1.000000
1.000000 1.000000 1.000000 1.000000
1.000000 1.000000 1.000000 1.000000
1.000000 1.000000 1.000000 1.000000
1.000000 1.000000 1.000000 1.000000
1.000000 1.000000 1.000000 1.000000
1.000000 1.000000 1.000000 1.000000
1.000000 1.000000 1.000000 1.000000
1.000000 1.000000 1.000000 1.000000
1.000000 1.000000 1.000000 1.000000
1.000000 1.000000 1.000000 1.000000
1.000000 1.000000 1.000000 1.000000
1.000000 1.000000 1.000000 1.000000
1.000000 1.000000 1.000000 1.000000
1.000000 1.000000 1.000000 1.000000
1.000000 1.000000 1.000000 1.000000
1.000000 1.000000 1.000000 1.000000
1.000000 1.000000 1.000000 1.000000
1.000000 1.000000 1.000000 1.000000
1.000000 1.000000 1.000000 1.000000
1.000000 1.000000 1.000000 1.000000
1.000000 1.000000 1.000000 1.000000
1.000000 1.000000 1.000000 1.000000
1.000000 1.000000 1.000000 1.000000
1.000000 1.000000 1.000000 1.000000
1.000000 1.000000 1.000000 1.000000
1.000000 1.000000 1.000000 1.000000
1.000000 1.000000 1.000000 1.000000
1.000000 1.000000 1.000000 1.000000
1.000000 1.000000 1.000000 1.000000
1.000000 1.000000 1.000000 1.000000
1.000000 1.000000 1.000000 1.000000
1.000000 1.000000 1.000000 1.000000
1.000000 1.000000 1.000000 1.000000
1.000000 1.000000 1.000000 1.000000
1.000000 1.000000 1.000000 1.000000
1.000000 1.000000 1.000000 1.000000
1.000000 1.000000 1.000000 1.000000
1.000000 1.000000 1.000000 1.000000
1.000000 1.000000 1.000000 1.000000
1.000000 1.000000 1.000000 1.000000
1.000000 1.000000 1.000000 1.000000
1.000000 1.000000 1.000000 1.000000
1.000000 1.000000 1.000000 1.000000
1.000000 1.000000 1.000000 1.000000
1.000000 1.000000 1.000000 1.000000
1.000000 1.000000 1.000000 1.000000
1.000000 1.000000 1.000000 1.000000
1.000000 1.000000 1.000000 1.000000
1.000000 1.000000 1.000000 1.000000
1.000000 1.000000 1.000000 1.000000
1.000000 1.000000 1.000000 1.000000
1.000000 1.000000 1.000000 1.000000
1.000000 1.000000 1.000000 1.000000
1.000000 1.000000 1.000000 1.000000
1.000000 1.000000 1.000000 1.000000
1.000000 1.000000 1.000000 1.000000
1.000000 1.000000 1.000000 1.000000
1.000000 1.000000 1.000000 1.000000
1.000000 1.000000 1.000000 1.000000
1.000000 1.000000 1.000000 1.000000
1.000000 1.000000 1.000000 1.000000
1.000000 1.000000 1.000000 1.000000
1.000000 1.000000 1.000000 1.000000
1.000000 1.000000 1.000000 1.000000
1.000000 1.000000 1.000000 1.000000
1.000000 1.000000 1.000000 1.000000
1.000000 1.000000 1.000000 1.000000
1.000000 1.000000 1.000000 1.000000
1.000000 1.000000 1.000000 1.000000
1.000000 1.000000 1.000000 1.000000
1.000000 1.000000 1.000000 1.000000
1.000000 1.000000 1.000000 1.000000
1.000000 1.000000 1.000000 1.000000
1.000000 1.000000 1.000000 1.000000
1.000000 1.000000 1.000000 1.000000
1.000000 1.000000 1.000000 1.000000
1.000000 1.000000 1.000000 1.000000
1.000000 1.000000 1.000000 1.000000
1.000000 1.000000 1.000000 1.000000
1.000000 1.000000 1.000000 1.000000
1.000000 1.000000 1.000000 1.000000
1.000000 1.000000 1.000000 1.000000
1.000000 1.000000 1.000000 1.000000
1.000000 1.000000 1.000000 1.000000
1.000000 1.000000 1.000000 1.000000
1.000000 1.000000 1.000000 1.000000
1.000000 1.000000 1.000000 1.000000
1.000000 1.000000 1.000000 1.000000
1.000000 1.000000 1.000000 1.000000
1.000000 1.000000 1.000000 1.000000
1.000000 1.000000 1.000000 1.000000
1.000000 1.000000 1.000000 1.000000
1.000000 1.000000 1.000000 1.000000
1.000000 1.000000 1.000000 1.000000
1.000000 1.000000 1.000000 1.000000
1.000000 1.000000 1.000000 1.000000
1.000000 1.000000 1.000000 1.000000
1.000000 1.000000 1.000000 1.000000
1.000000 1.000000 1.000000 1.000000
1.000000 1.000000 1.000000 1.000000
1.000000 1.000000 1.000000 1.000000
1.000000 1.000000 1.000000 1.000000
1.000000 1.000000 1.000000 1.000000
1.000000 1.000000 1.000000 1.000000
1.000000 1.000000 1.000000 1.000000
1.000000 1.000000 1.000000 1.000000
1.000000 1.000000 1.000000 1.000000
1.000000 1.000000 1.000000 1.000000
1.000000 1.000000 1.000000 1.000000
1.000000 1.000000 1.000000 1.000000
1.000000 1.000000 1.000000 1.000000
1.000000 1.000000 1.000000 1.000000
1.000000 1.000000 1.000000 1.000000
1.000000 1.000000 1.000000 1.000000
1.000000 1.000000 1.000000 1.000000
1.000000 1.000000 1.000000 1.000000
1.000000 1.000000 1.000000 1.000000
1.000000 1.000000 1.000000 1.000000
1.000000 1.000000 1.000000 1.000000
1.000000 1.000000 1.000000 1.000000
1.000000 1.000000 1.000000 1.000000
1.000000 1.000000 1.000000 1.000000
1.000000 1.000000 1.000000 1.000000
1.000000 1.000000 1.000000 1.000000
1.000000 1.000000 1.000000 1.000000
1.000000 1.000000 1.000000 1.000000
1.000000 1.000000 1.000000 1.000000
1.000000 1.000000 1.000000 1.000000
1.000000 1.000000 1.000000 1.000000
1.000000 1.000000 1.000000 1.000000
1.000000 1.000000 1.000000 1.000000
1.000000 1.000000 1.000000 1.000000
1.000000 1.000000 1.000000 1.000000
1.000000 1.000000 1.000000 1.000000
1.000000 1.000000 1.000000 1.000000
1.000000 1.000000 1.000000 1.000000
1.000000 1.000000 1.000000 1.000000
1.000000 1.000000 1.000000 1.000000
1.000000 1.000000 1.000000 1.000000
1.000000 1.000000 1.000000 1.000000
1.000000 1.000000 1.000000 1.000000
1.000000 1.000000 1.000000 1.000000
1.000000 1.000000 1.000000 1.000000
1.000000 1.000000 1.000000 1.000000
1.000000 1.000000 1.000000 1.000000
1.000000 1.000000 1.000000 1.000000
1.000000 1.000000 1.000000 1.000000
1.000000 1.000000 1.000000 1.000000
1.000000 1.000000 1.000000 1.000000
1.000000 1.000000 1.000000 1.000000
1.000000 1.000000 1.000000 1.000000
1.000000 1.000000 1.000000 1.000000
1.000000 1.000000 1.000000 1.000000
1.000000 1.000000 1.000000 1.000000
1.000000 1.000000 1.000000 1.000000
1.000000 1.000000 1.000000 1.000000
1.000000 1.000000 1.000000 1.000000
1.000000 1.000000 1.000000 1.000000
1.000000 1.000000 1.000000 1.000000
1.000000 1.000000 1.000000 1.000000
1.000000 1.000000 1.000000 1.000000
1.000000 1.000000 1.000000 1.000000
1.000000 1.000000 1.000000 1.000000
1.000000 1.000000 1.000000 1.000000
1.000000 1.000000 1.000000 1.000000
1.000000 1.000000 1.000000 1.000000
1.000000 1.000000 1.000000 1.000000
1.000000 1.000000 1.000000 1.000000
1.000000 1.000000 1.000000 1.000000
1.000000 1.000000 1.000000 1.000000
1.000000 1.000000 1.000000 1.000000
1.000000 1.000000 1.000000 1.000000
1.000000 1.000000 1.000000 1.000000
1.000000 1.000000 1.000000 1.000000
1.000000 1.000000 1.000000 1.000000
1.000000 1.000000 1.000000 1.000000
1.000000 1.000000 1.000000 1.000000
1.000000 1.000000 1.000000 1.000000
1.000000 1.000000 1.000000 1.000000
1.000000 1.000000 1.000000 1.000000
1.000000 1.000000 1.000000 1.000000
1.000000 1.000000 1.000000 1.000000
1.000000 1.000000 1.000000 1.000000
1.000000 1.000000 1.000000 1.000000
1.000000 1.000000 1.000000 1.000000
1.000000 1.000000 1.000000 1.000000
1.000000 1.000000 1.000000 1.000000
1.000000 1.000000 1.000000 1.000000
1.000000 1.000000 1.000000 1.000000
1.000000 1.000000 1.000000 1.000000
1.000000 1.000000 1.000000 1.000000
1.000000 1.000000 1.000000 1.000000
1.000000 1.000000 1.000000 1.000000
1.000000 1.000000 1.000000 1.000000
1.000000 1.000000 1.000000 1.000000
1.000000 1.000000 1.000000 1.000000
1.000000 1.000000 1.000000 1.000000
1.000000 1.000000 1.000000 1.000000
1.000000 1.000000 1.000000 1.000000
1.000000 1.000000 1.000000 1.000000
1.000000 1.000000 1.000000 1.000000
1.000000 1.000000 1.000000 1.000000
1.000000 1.000000 1.000000 1.000000
1.000000 1.000000 1.000000 1.000000
1.000000 1.000000 1.000000 1.000000
1.000000 1.000000 1.000000 1.000000
1.000000 1.000000 1.000000 1.000000
1.000000 1.000000 1.000000 1.000000
1.000000 1.000000 1.000000 1.000000
1.000000 1.000000 1.000000 1.000000
1.000000 1.000000 1.000000 1.000000
1.000000 1.000000 1.000000 1.000000
1.000000 1.000000 1.000000 1.000000
1.000000 1.000000 1.000000 1.000000
1.000000 1.000000 1.000000 1.000000
1.000000 1.000000 1.000000 1.000000
1.000000 1.000000 1.000000 1.000000
1.000000 1.000000 1.000000 1.000000
1.000000 1.000000 1.000000 1.000000
1.000000 1.000000 1.000000 1.000000
1.000000 1.000000 1.000000 1.000000
1.000000 1.000000 1.000000 1.000000
1.000000 1.000000 1.000000 1.000000
1.000000 1.000000 1.000000 1.000000
1.000000 1.000000 1.000000 1.000000
1.000000 1.000000 1.000000 1.000000
1.000000 1.000000 1.000000 1.000000
1.000000 1.000000 1.000000 1.000000
1.000000 1.000000 1.000000 1.000000
1.000000 1.000000 1.000000 1.000000
1.000000 1.000000 1.000000 1.000000
1.000000 1.000000 1.000000 1.000000
1.000000 1.000000 1.000000 1.000000
1.000000 1.000000 1.000000 1.000000
1.000000 1.000000 1.000000 1.000000
1.000000 1.000000 1.000000 1.000000
1.000000 1.000000 1.000000 1.000000
1.000000 1.000000 1.000000 1.000000
1.000000 1.000000 1.000000 1.000000
1.000000 1.000000 1.000000 1.000000
1.000000 1.000000 1.000000 1.000000
1.000000 1.000000 1.000000 1.000000
1.000000 1.000000 1.000000 1.000000
1.000000 1.000000 1.000000 1.000000
1.000000 1.000000 1.000000 1.000000
1.000000 1.000000 1.000000 1.000000
1.000000 1.000000 1.000000 1.000000
1.000000 1.000000 1.000000 1.000000
1.000000 1.000000 1.000000 1.000000
1.000000 1.000000 1.000000 1.000000
1.000000 1.000000 1.000000 1.000000
1.000000 1.000000 1.000000 1.000000
1.000000 1.000000 1.000000 1.000000
1.000000 1.000000 1.000000 1.000000
1.000000 1.000000 1.000000 1.000000
1.000000 1.000000 1.000000 1.000000
1.000000 1.000000 1.000000 1.000000
1.000000 1.000000 1.000000 1.000000
1.000000 1.000000 1.000000 1.000000
1.000000 1.000000 1.000000 1.000000
1.000000 1.000000 1.000000 1.000000
1.000000 1.000000 1.000000 1.000000
1.000000 1.000000 1.000000 1.000000
1.000000 1.000000 1.000000 1.000000
1.000000 1.000000 1.000000 1.000000
1.000000 1.000000 1.000000 1.000000
1.000000 1.000000 1.000000 1.000000
1.000000 1.000000 1.000000 1.000000
1.000000 1.000000 1.000000 1.000000
1.000000 1.000000 1.000000 1.000000
1.000000 1.000000 1.000000 1.000000
1.000000 1.000000 1.000000 1.000000
1.000000 1.000000 1.000000 1.000000
1.000000 1.000000 1.000000 1.000000
1.000000 1.000000 1.000000 1.000000
1.000000 1.000000 1.000000 1.000000
1.000000 1.000000 1.000000 1.000000
1.000000 1.000000 1.000000 1.000000
1.000000 1.000000 1.000000 1.000000
1.000000 1.000000 1.000000 1.000000
1.000000 1.000000 1.000000 1.000000
1.000000 1.000000 1.000000 1.000000
1.000000 1.000000 1.000000 1.000000
1.000000 1.000000 1.000000 1.000000
1.000000 1.000000 1.000000 1.000000
1.000000 1.000000 1.000000 1.000000
1.000000 1.000000 1.000000 1.000000
1.000000 1.000000 1.000000 1.000000
1.000000 1.000000 1.000000 1.000000
1.000000 1.000000 1.000000 1.000000
1.000000 1.000000 1.000000 1.000000
1.000000 1.000000 1.000000 1.000000
1.000000 1.000000 1.000000 1.000000
1.000000 1.000000 1.000000 1.000000
1.000000 1.000000 1.000000 1.000000
1.000000 1.000000 1.000000 1.000000
1.000000 1.000000 1.000000 1.000000
1.000000 1.000000 1.000000 1.000000
1.000000 1.000000 1.000000 1.000000
1.000000 1.000000 1.000000 1.000000
1.000000 1.000000 1.000000 1.000000
1.000000 1.000000 1.000000 1.000000
1.000000 1.000000 1.000000 1.000000
1.000000 1.000000 1.000000 1.000000
1.000000 1.000000 1.000000 1.000000
1.000000 1.000000 1.000000 1.000000
1.000000 1.000000 1.000000 1.000000
1.000000 1.000000 1.000000 1.000000
1.000000 1.000000 1.000000 1.000000
1.000000 1.000000 1.000000 1.000000
1.000000 1.000000 1.000000 1.000000
1.000000 1.000000 1.000000 1.000000
1.000000 1.000000 1.000000 1.000000
1.000000 1.000000 1.000000 1.000000
1.000000 1.000000 1.000000 1.000000
1.000000 1.000000 1.000000 1.000000
1.000000 1.000000 1.000000 1.000000
1.000000 1.000000 1.000000 1.000000
1.000000 1.000000 1.000000 1.000000
1.000000 1.000000 1.000000 1.000000
1.000000 1.000000 1.000000 1.000000
1.000000 1.000000 1.000000 1.000000
1.000000 1.000000 1.000000 1.000000
1.000000 1.000000 1.000000 1.000000
1.000000 1.000000 1.000000 1.000000
1.000000 1.000000 1.000000 1.000000
1.000000 1.000000 1.000000 1.000000
1.000000 1.000000 1.000000 1.000000
1.000000 1.000000 1.000000 1.000000
1.000000 1.000000 1.000000 1.000000
1.000000 1.000000 1.000000 1.000000
1.000000 1.000000 1.000000 1.000000
1.000000 1.000000 1.000000 1.000000
1.000000 1.000000 1.000000 1.000000
1.000000 1.000000 1.000000 1.000000
1.000000 1.000000 1.000000 1.000000
1.000000 1.000000 1.000000 1.000000
1.000000 1.000000 1.000000 1.000000
1.000000 1.000000 1.000000 1.000000
1.000000 1.000000 1.000000 1.000000
1.000000 1.000000 1.000000 1.000000
1.000000 1.000000 1.000000 1.000000
1.000000 1.000000 1.000000 1.000000
1.000000 1.000000 1.000000 1.000000
1.000000 1.000000 1.000000 1.000000
1.000000 1.000000 1.000000 1.000000
1.000000 1.000000 1.000000 1.000000
1.000000 1.000000 1.000000 1.000000
1.000000 1.000000 1.000000 1.000000
1.000000 1.000000 1.000000 1.000000
1.000000 1.000000 1.000000 1.000000
1.000000 1.000000 1.000000 1.000000
1.000000 1.000000 1.000000 1.000000
1.000000 1.000000 1.000000 1.000000
1.000000 1.000000 1.000000 1.000000
1.000000 1.000000 1.000000 1.000000
1.000000 1.000000 1.000000 1.000000
1.000000 1.000000 1.000000 1.000000
1.000000 1.000000 1.000000 1.000000
1.000000 1.000000 1.000000 1.000000
1.000000 1.000000 1.000000 1.000000
1.000000 1.000000 1.000000 1.000000
1.000000 1.000000 1.000000 1.000000
1.000000 1.000000 1.000000 1.000000
1.000000 1.000000 1.000000 1.000000
1.000000 1.000000 1.000000 1.000000
1.000000 1.000000 1.000000 1.000000
1.000000 1.000000 1.000000 1.000000
1.000000 1.000000 1.000000 1.000000
1.000000 1.000000 1.000000 1.000000
1.000000 1.000000 1.000000 1.000000
1.000000 1.000000 1.000000 1.000000
1.000000 1.000000 1.000000 1.000000
1.000000 1.000000 1.000000 1.000000
1.000000 1.000000 1.000000 1.000000
1.000000 1.000000 1.000000 1.000000
1.000000 1.000000 1.000000 1.000000
1.000000 1.000000 1.000000 1.000000
1.000000 1.000000 1.000000 1.000000
1.000000 1.000000 1.000000 1.000000
1.000000 1.000000 1.000000 1.000000
1.000000 1.000000 1.000000 1.000000
1.000000 1.000000 1.000000 1.000000
1.000000 1.000000 1.000000 1.000000
1.000000 1.000000 1.000000 1.000000
1.000000 1.000000 1.000000 1.000000
1.000000 1.000000 1.000000 1.000000
1.000000 1.000000 1.000000 1.000000
1.000000 1.000000 1.000000 1.000000
1.000000 1.000000 1.000000 1.000000
1.000000 1.000000 1.000000 1.000000
1.000000 1.000000 1.000000 1.000000
1.000000 1.000000 1.000000 1.000000
1.000000 1.000000 1.000000 1.000000
1.000000 1.000000 1.000000 1.000000
1.000000 1.000000 1.000000 1.000000
1.000000 1.000000 1.000000 1.000000
1.000000 1.000000 1.000000 1.000000
1.000000 1.000000 1.000000 1.000000
1.000000 1.000000 1.000000 1.000000
1.000000 1.000000 1.000000 1.000000
1.000000 1.000000 1.000000 1.000000
1.000000 1.000000 1.000000 1.000000
1.000000 1.000000 1.000000 1.000000
1.000000 1.000000 1.000000 1.000000
1.000000 1.000000 1.000000 1.000000
1.000000 1.000000 1.000000 1.000000
1.000000 1.000000 1.000000 1.000000
1.000000 1.000000 1.000000 1.000000
1.000000 1.000000 1.000000 1.000000
1.000000 1.000000 1.000000 1.000000
1.000000 1.000000 1.000000 1.000000
1.000000 1.000000 1.000000 1.000000
1.000000 1.000000 1.000000 1.000000
1.000000 1.000000 1.000000 1.000000
1.000000 1.000000 1.000000 1.000000
1.000000 1.000000 1.000000 1.000000
1.000000 1.000000 1.000000 1.000000
1.000000 1.000000 1.000000 1.000000
1.000000 1.000000 1.000000 1.000000
1.000000 1.000000 1.000000 1.000000
1.000000 1.000000 1.000000 1.000000
1.000000 1.000000 1.000000 1.000000
1.000000 1.000000 1.000000 1.000000
1.000000 1.000000 1.000000 1.000000
1.000000 1.000000 1.000000 1.000000
1.000000 1.000000 1.000000 1.000000
1.000000 1.000000 1.000000 1.000000
1.000000 1.000000 1.000000 1.000000
1.000000 1.000000 1.000000 1.000000
1.000000 1.000000 1.000000 1.000000
1.000000 1.000000 1.000000 1.000000
1.000000 1.000000 1.000000 1.000000
1.000000 1.000000 1.000000 1.000000
1.000000 1.000000 1.000000 1.000000
1.000000 1.000000 1.000000 1.000000
1.000000 1.000000 1.000000 1.000000
1.000000 1.000000 1.000000 1.000000
1.000000 1.000000 1.000000 1.000000
1.000000 1.000000 1.000000 1.000000
1.000000 1.000000 1.000000 1.000000
1.000000 1.000000 1.000000 1.000000
1.000000 1.000000 1.000000 1.000000
1.000000 1.000000 1.000000 1.000000
1.000000 1.000000 1.000000 1.000000
1.000000 1.000000 1.000000 1.000000
1.000000 1.000000 1.000000 1.000000
1.000000 1.000000 1.000000 1.000000
1.000000 1.000000 1.000000 1.000000
1.000000 1.000000 1.000000 1.000000
1.000000 1.000000 1.000000 1.000000
1.000000 1.000000 1.000000 1.000000
1.000000 1.000000 1.000000 1.000000
1.000000 1.000000 1.000000 1.000000
1.000000 1.000000 1.000000 1.000000
1.000000 1.000000 1.000000 1.000000
1.000000 1.000000 1.000000 1.000000
1.000000 1.000000 1.000000 1.000000
1.000000 1.000000 1.000000 1.000000
1.000000 1.000000 1.000000 1.000000
1.000000 1.000000 1.000000 1.000000
1.000000 1.000000 1.000000 1.000000
1.000000 1.000000 1.000000 1.000000
1.000000 1.000000 1.000000 1.000000
1.000000 1.000000 1.000000 1.000000
1.000000 1.000000 1.000000 1.000000
1.000000 1.000000 1.000000 1.000000
1.000000 1.000000 1.000000 1.000000
1.000000 1.000000 1.000000 1.000000
1.000000 1.000000 1.000000 1.000000
1.000000 1.000000 1.000000 1.000000
1.000000 1.000000 1.000000 1.000000
1.000000 1.000000 1.000000 1.000000
1.000000 1.000000 1.000000 1.000000
1.000000 1.000000 1.000000 1.000000
1.000000 1.000000 1.000000 1.000000
1.000000 1.000000 1.000000 1.000000
1.000000 1.000000 1.000000 1.000000
1.000000 1.000000 1.000000 1.000000
1.000000 1.000000 1.000000 1.000000
1.000000 1.000000 1.000000 1.000000
1.000000 1.000000 1.000000 1.000000
1.000000 1.000000 1.000000 1.000000
1.000000 1.000000 1.000000 1.000000
1.000000 1.000000 1.000000 1.000000
1.000000 1.000000 1.000000 1.000000
1.000000 1.000000 1.000000 1.000000
1.000000 1.000000 1.000000 1.000000
1.000000 1.000000 1.000000 1.000000
1.000000 1.000000 1.000000 1.000000
1.000000 1.000000 1.000000 1.000000
1.000000 1.000000 1.000000 1.000000
1.000000 1.000000 1.000000 1.000000
1.000000 1.000000 1.000000 1.000000
1.000000 1.000000 1.000000 1.000000
1.000000 1.000000 1.000000 1.000000
1.000000 1.000000 1.000000 1.000000
1.000000 1.000000 1.000000 1.000000
1.000000 1.000000 1.000000 1.000000
1.000000 1.000000 1.000000 1.000000
1.000000 1.000000 1.000000 1.000000
1.000000 1.000000 1.000000 1.000000
1.000000 1.000000 1.000000 1.000000
1.000000 1.000000 1.000000 1.000000
1.000000 1.000000 1.000000 1.000000
1.000000 1.000000 1.000000 1.000000
1.000000 1.000000 1.000000 1.000000
1.000000 1.000000 1.000000 1.000000
1.000000 1.000000 1.000000 1.000000
1.000000 1.000000 1.000000 1.000000
1.000000 1.000000 1.000000 1.000000
1.000000 1.000000 1.000000 1.000000
1.000000 1.000000 1.000000 1.000000
1.000000 1.000000 1.000000 1.000000
1.000000 1.000000 1.000000 1.000000
1.000000 1.000000 1.000000 1.000000
1.000000 1.000000 1.000000 1.000000
1.000000 1.000000 1.000000 1.000000
1.000000 1.000000 1.000000 1.000000
1.000000 1.000000 1.000000 1.000000
1.000000 1.000000 1.000000 1.000000
1.000000 1.000000 1.000000 1.000000
1.000000 1.000000 1.000000 1.000000
1.000000 1.000000 1.000000 1.000000
1.000000 1.000000 1.000000 1.000000
1.000000 1.000000 1.000000 1.000000
1.000000 1.000000 1.000000 1.000000
1.000000 1.000000 1.000000 1.000000
1.000000 1.000000 1.000000 1.000000
1.000000 1.000000 1.000000 1.000000
1.000000 1.000000 1.000000 1.000000
1.000000 1.000000 1.000000 1.000000
1.000000 1.000000 1.000000 1.000000
1.000000 1.000000 1.000000 1.000000
1.000000 1.000000 1.000000 1.000000
1.000000 1.000000 1.000000 1.000000
1.000000 1.000000 1.000000 1.000000
1.000000 1.000000 1.000000 1.000000
1.000000 1.000000 1.000000 1.000000
1.000000 1.000000 1.000000 1.000000
1.000000 1.000000 1.000000 1.000000
1.000000 1.000000 1.000000 1.000000
1.000000 1.000000 1.000000 1.000000
1.000000 1.000000 1.000000 1.000000
1.000000 1.000000 1.000000 1.000000
1.000000 1.000000 1.000000 1.000000
1.000000 1.000000 1.000000 1.000000
1.000000 1.000000 1.000000 1.000000
1.000000 1.000000 1.000000 1.000000
1.000000 1.000000 1.000000 1.000000
1.000000 1.000000 1.000000 1.000000
1.000000 1.000000 1.000000 1.000000
1.000000 1.000000 1.000000 1.000000
1.000000 1.000000 1.000000 1.000000
1.000000 1.000000 1.000000 1.000000
1.000000 1.000000 1.000000 1.000000
1.000000 1.000000 1.000000 1.000000
1.000000 1.000000 1.000000 1.000000
1.000000 1.000000 1.000000 1.000000
1.000000 1.000000 1.000000 1.000000
1.000000 1.000000 1.000000 1.000000
1.000000 1.000000 1.000000 1.000000
1.000000 1.000000 1.000000 1.000000
1.000000 1.000000 1.000000 1.000000
1.000000 1.000000 1.000000 1.000000
1.000000 1.000000 1.000000 1.000000
1.000000 1.000000 1.000000 1.000000
1.000000 1.000000 1.000000 1.000000
1.000000 1.000000 1.000000 1.000000
1.000000 1.000000 1.000000 1.000000
1.000000 1.000000 1.000000 1.000000
1.000000 1.000000 1.000000 1.000000
1.000000 1.000000 1.000000 1.000000
1.000000 1.000000 1.000000 1.000000
1.000000 1.000000 1.000000 1.000000
1.000000 1.000000 1.000000 1.000000
1.000000 1.000000 1.000000 1.000000
1.000000 1.000000 1.000000 1.000000
1.000000 1.000000 1.000000 1.000000
1.000000 1.000000 1.000000 1.000000
1.000000 1.000000 1.000000 1.000000
1.000000 1.000000 1.000000 1.000000
1.000000 1.000000 1.000000 1.000000
1.000000 1.000000 1.000000 1.000000
1.000000 1.000000 1.000000 1.000000
1.000000 1.000000 1.000000 1.000000
1.000000 1.000000 1.000000 1.000000
1.000000 1.000000 1.000000 1.000000
1.000000 1.000000 1.000000 1.000000
1.000000 1.000000 1.000000 1.000000
1.000000 1.000000 1.000000 1.000000
1.000000 1.000000 1.000000 1.000000
1.000000 1.000000 1.000000 1.000000
1.000000 1.000000 1.000000 1.000000
1.000000 1.000000 1.000000 1.000000
1.000000 1.000000 1.000000 1.000000
1.000000 1.000000 1.000000 1.000000
1.000000 1.000000 1.000000 1.000000
1.000000 1.000000 1.000000 1.000000
1.000000 1.000000 1.000000 1.000000
1.000000 1.000000 1.000000 1.000000
1.000000 1.000000 1.000000 1.000000
1.000000 1.000000 1.000000 1.000000
1.000000 1.000000 1.000000 1.000000
1.000000 1.000000 1.000000 1.000000
1.000000 1.000000 1.000000 1.000000
1.000000 1.000000 1.000000 1.000000
1.000000 1.000000 1.000000 1.000000
1.000000 1.000000 1.000000 1.000000
1.000000 1.000000 1.000000 1.000000
1.000000 1.000000 1.000000 1.000000
1.000000 1.000000 1.000000 1.000000
1.000000 1.000000 1.000000 1.000000
1.000000 1.000000 1.000000 1.000000
1.000000 1.000000 1.000000 1.000000
1.000000 1.000000 1.000000 1.000000
1.000000 1.000000 1.000000 1.000000
1.000000 1.000000 1.000000 1.000000
1.000000 1.000000 1.000000 1.000000
1.000000 1.000000 1.000000 1.000000
1.000000 1.000000 1.000000 1.000000
1.000000 1.000000 1.000000 1.000000
1.000000 1.000000 1.000000 1.000000
1.000000 1.000000 1.000000 1.000000
1.000000 1.000000 1.000000 1.000000
1.000000 1.000000 1.000000 1.000000
1.000000 1.000000 1.000000 1.000000
1.000000 1.000000 1.000000 1.000000
1.000000 1.000000 1.000000 1.000000
1.000000 1.000000 1.000000 1.000000
1.000000 1.000000 1.000000 1.000000
1.000000 1.000000 1.000000 1.000000
1.000000 1.000000 1.000000 1.000000
1.000000 1.000000 1.000000 1.000000
1.000000 1.000000 1.000000 1.000000
1.000000 1.000000 1.000000 1.000000
1.000000 1.000000 1.000000 1.000000
1.000000 1.000000 1.000000 1.000000
1.000000 1.000000 1.000000 1.000000
1.000000 1.000000 1.000000 1.000000
1.000000 1.000000 1.000000 1.000000
1.000000 1.000000 1.000000 1.000000
1.000000 1.000000 1.000000 1.000000
1.000000 1.000000 1.000000 1.000000
1.000000 1.000000 1.000000 1.000000
1.000000 1.000000 1.000000 1.000000
1.000000 1.000000 1.000000 1.000000
1.000000 1.000000 1.000000 1.000000
1.000000 1.000000 1.000000 1.000000
1.000000 1.000000 1.000000 1.000000
1.000000 1.000000 1.000000 1.000000
1.000000 1.000000 1.000000 1.000000
1.000000 1.000000 1.000000 1.000000
1.000000 1.000000 1.000000 1.000000
1.000000 1.000000 1.000000 1.000000
1.000000 1.000000 1.000000 1.000000
1.000000 1.000000 1.000000 1.000000
1.000000 1.000000 1.000000 1.000000
1.000000 1.000000 1.000000 1.000000
1.000000 1.000000 1.000000 1.000000
1.000000 1.000000 1.000000 1.000000
1.000000 1.000000 1.000000 1.000000
1.000000 1.000000 1.000000 1.000000
1.000000 1.000000 1.000000 1.000000
1.000000 1.000000 1.000000 1.000000
1.000000 1.000000 1.000000 1.000000
1.000000 1.000000 1.000000 1.000000
1.000000 1.000000 1.000000 1.000000
1.000000 1.000000 1.000000 1.000000
1.000000 1.000000 1.000000 1.000000
1.000000 1.000000 1.000000 1.000000
1.000000 1.000000 1.000000 1.000000
1.000000 1.000000 1.000000 1.000000
1.000000 1.000000 1.000000 1.000000
1.000000 1.000000 1.000000 1.000000
1.000000 1.000000 1.000000 1.000000
1.000000 1.000000 1.000000 1.000000
1.000000 1.000000 1.000000 1.000000
1.000000 1.000000 1.000000 1.000000
1.000000 1.000000 1.000000 1.000000
1.000000 1.000000 1.000000 1.000000
1.000000 1.000000 1.000000 1.000000
1.000000 1.000000 1.000000 1.000000
1.000000 1.000000 1.000000 1.000000
1.000000 1.000000 1.000000 1.000000
1.000000 1.000000 1.000000 1.000000
1.000000 1.000000 1.000000 1.000000
1.000000 1.000000 1.000000 1.000000
1.000000 1.000000 1.000000 1.000000
1.000000 1.000000 1.000000 1.000000
1.000000 1.000000 1.000000 1.000000
1.000000 1.000000 1.000000 1.000000
1.000000 1.000000 1.000000 1.000000
1.000000 1.000000 1.000000 1.000000
1.000000 1.000000 1.000000 1.000000
1.000000 1.000000 1.000000 1.000000
1.000000 1.000000 1.000000 1.000000
1.000000 1.000000 1.000000 1.000000
1.000000 1.000000 1.000000 1.000000
1.000000 1.000000 1.000000 1.000000
1.000000 1.000000 1.000000 1.000000
1.000000 1.000000 1.000000 1.000000
1.000000 1.000000 1.000000 1.000000
1.000000 1.000000 1.000000 1.000000
1.000000 1.000000 1.000000 1.000000
1.000000 1.000000 1.000000 1.000000
1.000000 1.000000 1.000000 1.000000
1.000000 1.000000 1.000000 1.000000
1.000000 1.000000 1.000000 1.000000
1.000000 1.000000 1.000000 1.000000
1.000000 1.000000 1.000000 1.000000
1.000000 1.000000 1.000000 1.000000
1.000000 1.000000 1.000000 1.000000
1.000000 1.000000 1.000000 1.000000
1.000000 1.000000 1.000000 1.000000
1.000000 1.000000 1.000000 1.000000
1.000000 1.000000 1.000000 1.000000
1.000000 1.000000 1.000000 1.000000
1.000000 1.000000 1.000000 1.000000
1.000000 1.000000 1.000000 1.000000
1.000000 1.000000 1.000000 1.000000
1.000000 1.000000 1.000000 1.000000
1.000000 1.000000 1.000000 1.000000
1.000000 1.000000 1.000000 1.000000
1.000000 1.000000 1.000000 1.000000
1.000000 1.000000 1.000000 1.000000
1.000000 1.000000 1.000000 1.000000
1.000000 1.000000 1.000000 1.000000
1.000000 1.000000 1.000000 1.000000
1.000000 1.000000 1.000000 1.000000
1.000000 1.000000 1.000000 1.000000
1.000000 1.000000 1.000000 1.000000
1.000000 1.000000 1.000000 1.000000
1.000000 1.000000 1.000000 1.000000
1.000000 1.000000 1.000000 1.000000
1.000000 1.000000 1.000000 1.000000
1.000000 1.000000 1.000000 1.000000
1.000000 1.000000 1.000000 1.000000
1.000000 1.000000 1.000000 1.000000
1.000000 1.000000 1.000000 1.000000
1.000000 1.000000 1.000000 1.000000
1.000000 1.000000 1.000000 1.000000
1.000000 1.000000 1.000000 1.000000
1.000000 1.000000 1.000000 1.000000
1.000000 1.000000 1.000000 1.000000
1.000000 1.000000 1.000000 1.000000
1.000000 1.000000 1.000000 1.000000
1.000000 1.000000 1.000000 1.000000
1.000000 1.000000 1.000000 1.000000
1.000000 1.000000 1.000000 1.000000
1.000000 1.000000 1.000000 1.000000
1.000000 1.000000 1.000000 1.000000
1.000000 1.000000 1.000000 1.000000
1.000000 1.000000 1.000000 1.000000
1.000000 1.000000 1.000000 1.000000
1.000000 1.000000 1.000000 1.000000
1.000000 1.000000 1.000000 1.000000
1.000000 1.000000 1.000000 1.000000
1.000000 1.000000 1.000000 1.000000
1.000000 1.000000 1.000000 1.000000
1.000000 1.000000 1.000000 1.000000
1.000000 1.000000 1.000000 1.000000
1.000000 1.000000 1.000000 1.000000
1.000000 1.000000 1.000000 1.000000
1.000000 1.000000 1.000000 1.000000
1.000000 1.000000 1.000000 1.000000
1.000000 1.000000 1.000000 1.000000
1.000000 1.000000 1.000000 1.000000
1.000000 1.000000 1.000000 1.000000
1.000000 1.000000 1.000000 1.000000
1.000000 1.000000 1.000000 1.000000
1.000000 1.000000 1.000000 1.000000
1.000000 1.000000 1.000000 1.000000
1.000000 1.000000 1.000000 1.000000
1.000000 1.000000 1.000000 1.000000
1.000000 1.000000 1.000000 1.000000
1.000000 1.000000 1.000000 1.000000
1.000000 1.000000 1.000000 1.000000
1.000000 1.000000 1.000000 1.000000
1.000000 1.000000 1.000000 1.000000
1.000000 1.000000 1.000000 1.000000
1.000000 1.000000 1.000000 1.000000
1.000000 1.000000 1.000000 1.000000
1.000000 1.000000 1.000000 1.000000
1.000000 1.000000 1.000000 1.000000
1.000000 1.000000 1.000000 1.000000
1.000000 1.000000 1.000000 1.000000
1.000000 1.000000 1.000000 1.000000
1.000000 1.000000 1.000000 1.000000
1.000000 1.000000 1.000000 1.000000
1.000000 1.000000 1.000000 1.000000
1.000000 1.000000 1.000000 1.000000
1.000000 1.000000 1.000000 1.000000
1.000000 1.000000 1.000000 1.000000
1.000000 1.000000 1.000000 1.000000
1.000000 1.000000 1.000000 1.000000
1.000000 1.000000 1.000000 1.000000
1.000000 1.000000 1.000000 1.000000
1.000000 1.000000 1.000000 1.000000
1.000000 1.000000 1.000000 1.000000
1.000000 1.000000 1.000000 1.000000
1.000000 1.000000 1.000000 1.000000
1.000000 1.000000 1.000000 1.000000
1.000000 1.000000 1.000000 1.000000
1.000000 1.000000 1.000000 1.000000
1.000000 1.000000 1.000000 1.000000
1.000000 1.000000 1.000000 1.000000
1.000000 1.000000 1.000000 1.000000
1.000000 1.000000 1.000000 1.000000
1.000000 1.000000 1.000000 1.000000
1.000000 1.000000 1.000000 1.000000
1.000000 1.000000 1.000000 1.000000
1.000000 1.000000 1.000000 1.000000
1.000000 1.000000 1.000000 1.000000
1.000000 1.000000 1.000000 1.000000
1.000000 1.000000 1.000000 1.000000
1.000000 1.000000 1.000000 1.000000
1.000000 1.000000 1.000000 1.000000
1.000000 1.000000 1.000000 1.000000
1.000000 1.000000 1.000000 1.000000
1.000000 1.000000 1.000000 1.000000
1.000000 1.000000 1.000000 1.000000
1.000000 1.000000 1.000000 1.000000
1.000000 1.000000 1.000000 1.000000
1.000000 1.000000 1.000000 1.000000
1.000000 1.000000 1.000000 1.000000
1.000000 1.000000 1.000000 1.000000
1.000000 1.000000 1.000000 1.000000
1.000000 1.000000 1.000000 1.000000
1.000000 1.000000 1.000000 1.000000
1.000000 1.000000 1.000000 1.000000
1.000000 1.000000 1.000000 1.000000
1.000000 1.000000 1.000000 1.000000
1.000000 1.000000 1.000000 1.000000
1.000000 1.000000 1.000000 1.000000
1.000000 1.000000 1.000000 1.000000
1.000000 1.000000 1.000000 1.000000
1.000000 1.000000 1.000000 1.000000
1.000000 1.000000 1.000000 1.000000
1.000000 1.000000 1.000000 1.000000
1.000000 1.000000 1.000000 1.000000
1.000000 1.000000 1.000000 1.000000
1.000000 1.000000 1.000000 1.000000
1.000000 1.000000 1.000000 1.000000
1.000000 1.000000 1.000000 1.000000
1.000000 1.000000 1.000000 1.000000
1.000000 1.000000 1.000000 1.000000
1.000000 1.000000 1.000000 1.000000
1.000000 1.000000 1.000000 1.000000
1.000000 1.000000 1.000000 1.000000
1.000000 1.000000 1.000000 1.000000
1.000000 1.000000 1.000000 1.000000
1.000000 1.000000 1.000000 1.000000
1.000000 1.000000 1.000000 1.000000
1.000000 1.000000 1.000000 1.000000
1.000000 1.000000 1.000000 1.000000
1.000000 1.000000 1.000000 1.000000
1.000000 1.000000 1.000000 1.000000
1.000000 1.000000 1.000000 1.000000
1.000000 1.000000 1.000000 1.000000
1.000000 1.000000 1.000000 1.000000
1.000000 1.000000 1.000000 1.000000
1.000000 1.000000 1.000000 1.000000
1.000000 1.000000 1.000000 1.000000
1.000000 1.000000 1.000000 1.000000
1.000000 1.000000 1.000000 1.000000
1.000000 1.000000 1.000000 1.000000
1.000000 1.000000 1.000000 1.000000
1.000000 1.000000 1.000000 1.000000
1.000000 1.000000 1.000000 1.000000
1.000000 1.000000 1.000000 1.000000
1.000000 1.000000 1.000000 1.000000
1.000000 1.000000 1.000000 1.000000
1.000000 1.000000 1.000000 1.000000
1.000000 1.000000 1.000000 1.000000
1.000000 1.000000 1.000000 1.000000
1.000000 1.000000 1.000000 1.000000
1.000000 1.000000 1.000000 1.000000
1.000000 1.000000 1.000000 1.000000
1.000000 1.000000 1.000000 1.000000
1.000000 1.000000 1.000000 1.000000
1.000000 1.000000 1.000000 1.000000
1.000000 1.000000 1.000000 1.000000
1.000000 1.000000 1.000000 1.000000
1.000000 1.000000 1.000000 1.000000
1.000000 1.000000 1.000000 1.000000
1.000000 1.000000 1.000000 1.000000
1.000000 1.000000 1.000000 1.000000
1.000000 1.000000 1.000000 1.000000
1.000000 1.000000 1.000000 1.000000
1.000000 1.000000 1.000000 1.000000
1.000000 1.000000 1.000000 1.000000
1.000000 1.000000 1.000000 1.000000
1.000000 1.000000 1.000000 1.000000
1.000000 1.000000 1.000000 1.000000
1.000000 1.000000 1.000000 1.000000
1.000000 1.000000 1.000000 1.000000
1.000000 1.000000 1.000000 1.000000
1.000000 1.000000 1.000000 1.000000
1.000000 1.000000 1.000000 1.000000
1.000000 1.000000 1.000000 1.000000
1.000000 1.000000 1.000000 1.000000
1.000000 1.000000 1.000000 1.000000
1.000000 1.000000 1.000000 1.000000
1.000000 1.000000 1.000000 1.000000
1.000000 1.000000 1.000000 1.000000
1.000000 1.000000 1.000000 1.000000
1.000000 1.000000 1.000000 1.000000
1.000000 1.000000 1.000000 1.000000
1.000000 1.000000 1.000000 1.000000
1.000000 1.000000 1.000000 1.000000
1.000000 1.000000 1.000000 1.000000
1.000000 1.000000 1.000000 1.000000
1.000000 1.000000 1.000000 1.000000
1.000000 1.000000 1.000000 1.000000
1.000000 1.000000 1.000000 1.000000
1.000000 1.000000 1.000000 1.000000
1.000000 1.000000 1.000000 1.000000
1.000000 1.000000 1.000000 1.000000
1.000000 1.000000 1.000000 1.000000
1.000000 1.000000 1.000000 1.000000
1.000000 1.000000 1.000000 1.000000
1.000000 1.000000 1.000000 1.000000
1.000000 1.000000 1.000000 1.000000
1.000000 1.000000 1.000000 1.000000
1.000000 1.000000 1.000000 1.000000
1.000000 1.000000 1.000000 1.000000
1.000000 1.000000 1.000000 1.000000
1.000000 1.000000 1.000000 1.000000
1.000000 1.000000 1.000000 1.000000
1.000000 1.000000 1.000000 1.000000
1.000000 1.000000 1.000000 1.000000
1.000000 1.000000 1.000000 1.000000
1.000000 1.000000 1.000000 1.000000
1.000000 1.000000 1.000000 1.000000
1.000000 1.000000 1.000000 1.000000
1.000000 1.000000 1.000000 1.000000
1.000000 1.000000 1.000000 1.000000
1.000000 1.000000 1.000000 1.000000
1.000000 1.000000 1.000000 1.000000
1.000000 1.000000 1.000000 1.000000
1.000000 1.000000 1.000000 1.000000
1.000000 1.000000 1.000000 1.000000
1.000000 1.000000 1.000000 1.000000
1.000000 1.000000 1.000000 1.000000
1.000000 1.000000 1.000000 1.000000
1.000000 1.000000 1.000000 1.000000
1.000000 1.000000 1.000000 1.000000
1.000000 1.000000 1.000000 1.000000
1.000000 1.000000 1.000000 1.000000
1.000000 1.000000 1.000000 1.000000
1.000000 1.000000 1.000000 1.000000
1.000000 1.000000 1.000000 1.000000
1.000000 1.000000 1.000000 1.000000
1.000000 1.000000 1.000000 1.000000
1.000000 1.000000 1.000000 1.000000
1.000000 1.000000 1.000000 1.000000
1.000000 1.000000 1.000000 1.000000
1.000000 1.000000 1.000000 1.000000
1.000000 1.000000 1.000000 1.000000
1.000000 1.000000 1.000000 1.000000
1.000000 1.000000 1.000000 1.000000
1.000000 1.000000 1.000000 1.000000
1.000000 1.000000 1.000000 1.000000
1.000000 1.000000 1.000000 1.000000
1.000000 1.000000 1.000000 1.000000
1.000000 1.000000 1.000000 1.000000
1.000000 1.000000 1.000000 1.000000
1.000000 1.000000 1.000000 1.000000
1.000000 1.000000 1.000000 1.000000
1.000000 1.000000 1.000000 1.000000
1.000000 1.000000 1.000000 1.000000
1.000000 1.000000 1.000000 1.000000
1.000000 1.000000 1.000000 1.000000
1.000000 1.000000 1.000000 1.000000
1.000000 1.000000 1.000000 1.000000
1.000000 1.000000 1.000000 1.000000
1.000000 1.000000 1.000000 1.000000
1.000000 1.000000 1.000000 1.000000
1.000000 1.000000 1.000000 1.000000
1.000000 1.000000 1.000000 1.000000
1.000000 1.000000 1.000000 1.000000
1.000000 1.000000 1.000000 1.000000
1.000000 1.000000 1.000000 1.000000
1.000000 1.000000 1.000000 1.000000
1.000000 1.000000 1.000000 1.000000
1.000000 1.000000 1.000000 1.000000
1.000000 1.000000 1.000000 1.000000
1.000000 1.000000 1.000000 1.000000
1.000000 1.000000 1.000000 1.000000
1.000000 1.000000 1.000000 1.000000
1.000000 1.000000 1.000000 1.000000
1.000000 1.000000 1.000000 1.000000
1.000000 1.000000 1.000000 1.000000
1.000000 1.000000 1.000000 1.000000
1.000000 1.000000 1.000000 1.000000
1.000000 1.000000 1.000000 1.000000
1.000000 1.000000 1.000000 1.000000
1.000000 1.000000 1.000000 1.000000
1.000000 1.000000 1.000000 1.000000
1.000000 1.000000 1.000000 1.000000
1.000000 1.000000 1.000000 1.000000
1.000000 1.000000 1.000000 1.000000
1.000000 1.000000 1.000000 1.000000
1.000000 1.000000 1.000000 1.000000
1.000000 1.000000 1.000000 1.000000
1.000000 1.000000 1.000000 1.000000
1.000000 1.000000 1.000000 1.000000
1.000000 1.000000 1.000000 1.000000
1.000000 1.000000 1.000000 1.000000
1.000000 1.000000 1.000000 1.000000
1.000000 1.000000 1.000000 1.000000
1.000000 1.000000 1.000000 1.000000
1.000000 1.000000 1.000000 1.000000
1.000000 1.000000 1.000000 1.000000
1.000000 1.000000 1.000000 1.000000
1.000000 1.000000 1.000000 1.000000
1.000000 1.000000 1.000000 1.000000
1.000000 1.000000 1.000000 1.000000
1.000000 1.000000 1.000000 1.000000
1.000000 1.000000 1.000000 1.000000
1.000000 1.000000 1.000000 1.000000
1.000000 1.000000 1.000000 1.000000
1.000000 1.000000 1.000000 1.000000
1.000000 1.000000 1.000000 1.000000
1.000000 1.000000 1.000000 1.000000
1.000000 1.000000 1.000000 1.000000
1.000000 1.000000 1.000000 1.000000
1.000000 1.000000 1.000000 1.000000
1.000000 1.000000 1.000000 1.000000
1.000000 1.000000 1.000000 1.000000
1.000000 1.000000 1.000000 1.000000
1.000000 1.000000 1.000000 1.000000
1.000000 1.000000 1.000000 1.000000
1.000000 1.000000 1.000000 1.000000
1.000000 1.000000 1.000000 1.000000
1.000000 1.000000 1.000000 1.000000
1.000000 1.000000 1.000000 1.000000
1.000000 1.000000 1.000000 1.000000
1.000000 1.000000 1.000000 1.000000
1.000000 1.000000 1.000000 1.000000
1.000000 1.000000 1.000000 1.000000
1.000000 1.000000 1.000000 1.000000
1.000000 1.000000 1.000000 1.000000
1.000000 1.000000 1.000000 1.000000
1.000000 1.000000 1.000000 1.000000
1.000000 1.000000 1.000000 1.000000
1.000000 1.000000 1.000000 1.000000
1.000000 1.000000 1.000000 1.000000
1.000000 1.000000 1.000000 1.000000
1.000000 1.000000 1.000000 1.000000
1.000000 1.000000 1.000000 1.000000
1.000000 1.000000 1.000000 1.000000
1.000000 1.000000 1.000000 1.000000
1.000000 1.000000 1.000000 1.000000
1.000000 1.000000 1.000000 1.000000
1.000000 1.000000 1.000000 1.000000
1.000000 1.000000 1.000000 1.000000
1.000000 1.000000 1.000000 1.000000
1.000000 1.000000 1.000000 1.000000
1.000000 1.000000 1.000000 1.000000
1.000000 1.000000 1.000000 1.000000
1.000000 1.000000 1.000000 1.000000
1.000000 1.000000 1.000000 1.000000
1.000000 1.000000 1.000000 1.000000
1.000000 1.000000 1.000000 1.000000
1.000000 1.000000 1.000000 1.000000
1.000000 1.000000 1.000000 1.000000
1.000000 1.000000 1.000000 1.000000
1.000000 1.000000 1.000000 1.000000
1.000000 1.000000 1.000000 1.000000
1.000000 1.000000 1.000000 1.000000
1.000000 1.000000 1.000000 1.000000
1.000000 1.000000 1.000000 1.000000
1.000000 1.000000 1.000000 1.000000
1.000000 1.000000 1.000000 1.000000
1.000000 1.000000 1.000000 1.000000
1.000000 1.000000 1.000000 1.000000
1.000000 1.000000 1.000000 1.000000
1.000000 1.000000 1.000000 1.000000
1.000000 1.000000 1.000000 1.000000
1.000000 1.000000 1.000000 1.000000
1.000000 1.000000 1.000000 1.000000
1.000000 1.000000 1.000000 1.000000
1.000000 1.000000 1.000000 1.000000
1.000000 1.000000 1.000000 1.000000
1.000000 1.000000 1.000000 1.000000
1.000000 1.000000 1.000000 1.000000
1.000000 1.000000 1.000000 1.000000
1.000000 1.000000 1.000000 1.000000
1.000000 1.000000 1.000000 1.000000
1.000000 1.000000 1.000000 1.000000
1.000000 1.000000 1.000000 1.000000
1.000000 1.000000 1.000000 1.000000
1.000000 1.000000 1.000000 1.000000
1.000000 1.000000 1.000000 1.000000
1.000000 1.000000 1.000000 1.000000
1.000000 1.000000 1.000000 1.000000
1.000000 1.000000 1.000000 1.000000
1.000000 1.000000 1.000000 1.000000
1.000000 1.000000 1.000000 1.000000
1.000000 1.000000 1.000000 1.000000
1.000000 1.000000 1.000000 1.000000
1.000000 1.000000 1.000000 1.000000
1.000000 1.000000 1.000000 1.000000
1.000000 1.000000 1.000000 1.000000
1.000000 1.000000 1.000000 1.000000
1.000000 1.000000 1.000000 1.000000
1.000000 1.000000 1.000000 1.000000
1.000000 1.000000 1.000000 1.000000
1.000000 1.000000 1.000000 1.000000
1.000000 1.000000 1.000000 1.000000
1.000000 1.000000 1.000000 1.000000
1.000000 1.000000 1.000000 1.000000
1.000000 1.000000 1.000000 1.000000
1.000000 1.000000 1.000000 1.000000
1.000000 1.000000 1.000000 1.000000
1.000000 1.000000 1.000000 1.000000
1.000000 1.000000 1.000000 1.000000
1.000000 1.000000 1.000000 1.000000
1.000000 1.000000 1.000000 1.000000
1.000000 1.000000 1.000000 1.000000
1.000000 1.000000 1.000000 1.000000
1.000000 1.000000 1.000000 1.000000
1.000000 1.000000 1.000000 1.000000
1.000000 1.000000 1.000000 1.000000
1.000000 1.000000 1.000000 1.000000
1.000000 1.000000 1.000000 1.000000
1.000000 1.000000 1.000000 1.000000
1.000000 1.000000 1.000000 1.000000
1.000000 1.000000 1.000000 1.000000
1.000000 1.000000 1.000000 1.000000
1.000000 1.000000 1.000000 1.000000
1.000000 1.000000 1.000000 1.000000
1.000000 1.000000 1.000000 1.000000
1.000000 1.000000 1.000000 1.000000
1.000000 1.000000 1.000000 1.000000
1.000000 1.000000 1.000000 1.000000
1.000000 1.000000 1.000000 1.000000
1.000000 1.000000 1.000000 1.000000
1.000000 1.000000 1.000000 1.000000
1.000000 1.000000 1.000000 1.000000
1.000000 1.000000 1.000000 1.000000
1.000000 1.000000 1.000000 1.000000
1.000000 1.000000 1.000000 1.000000
1.000000 1.000000 1.000000 1.000000
1.000000 1.000000 1.000000 1.000000
1.000000 1.000000 1.000000 1.000000
1.000000 1.000000 1.000000 1.000000
1.000000 1.000000 1.000000 1.000000
1.000000 1.000000 1.000000 1.000000
1.000000 1.000000 1.000000 1.000000
1.000000 1.000000 1.000000 1.000000
1.000000 1.000000 1.000000 1.000000
1.000000 1.000000 1.000000 1.000000
1.000000 1.000000 1.000000 1.000000
1.000000 1.000000 1.000000 1.000000
1.000000 1.000000 1.000000 1.000000
1.000000 1.000000 1.000000 1.000000
1.000000 1.000000 1.000000 1.000000
1.000000 1.000000 1.000000 1.000000
1.000000 1.000000 1.000000 1.000000
1.000000 1.000000 1.000000 1.000000
1.000000 1.000000 1.000000 1.000000
1.000000 1.000000 1.000000 1.000000
1.000000 1.000000 1.000000 1.000000
1.000000 1.000000 1.000000 1.000000
1.000000 1.000000 1.000000 1.000000
1.000000 1.000000 1.000000 1.000000
1.000000 1.000000 1.000000 1.000000
1.000000 1.000000 1.000000 1.000000
1.000000 1.000000 1.000000 1.000000
1.000000 1.000000 1.000000 1.000000
1.000000 1.000000 1.000000 1.000000
1.000000 1.000000 1.000000 1.000000
1.000000 1.000000 1.000000 1.000000
1.000000 1.000000 1.000000 1.000000
1.000000 1.000000 1.000000 1.000000
1.000000 1.000000 1.000000 1.000000
1.000000 1.000000 1.000000 1.000000
1.000000 1.000000 1.000000 1.000000
1.000000 1.000000 1.000000 1.000000
1.000000 1.000000 1.000000 1.000000
1.000000 1.000000 1.000000 1.000000
1.000000 1.000000 1.000000 1.000000
1.000000 1.000000 1.000000 1.000000
1.000000 1.000000 1.000000 1.000000
1.000000 1.000000 1.000000 1.000000
1.000000 1.000000 1.000000 1.000000
1.000000 1.000000 1.000000 1.000000
1.000000 1.000000 1.000000 1.000000
1.000000 1.000000 1.000000 1.000000
1.000000 1.000000 1.000000 1.000000
1.000000 1.000000 1.000000 1.000000
1.000000 1.000000 1.000000 1.000000
1.000000 1.000000 1.000000 1.000000
1.000000 1.000000 1.000000 1.000000
1.000000 1.000000 1.000000 1.000000
1.000000 1.000000 1.000000 1.000000
1.000000 1.000000 1.000000 1.000000
1.000000 1.000000 1.000000 1.000000
1.000000 1.000000 1.000000 1.000000
1.000000 1.000000 1.000000 1.000000
1.000000 1.000000 1.000000 1.000000
1.000000 1.000000 1.000000 1.000000
1.000000 1.000000 1.000000 1.000000
1.000000 1.000000 1.000000 1.000000
1.000000 1.000000 1.000000 1.000000
1.000000 1.000000 1.000000 1.000000
1.000000 1.000000 1.000000 1.000000
1.000000 1.000000 1.000000 1.000000
1.000000 1.000000 1.000000 1.000000
1.000000 1.000000 1.000000 1.000000
1.000000 1.000000 1.000000 1.000000
1.000000 1.000000 1.000000 1.000000
1.000000 1.000000 1.000000 1.000000
1.000000 1.000000 1.000000 1.000000
1.000000 1.000000 1.000000 1.000000
1.000000 1.000000 1.000000 1.000000
1.000000 1.000000 1.000000 1.000000
1.000000 1.000000 1.000000 1.000000
1.000000 1.000000 1.000000 1.000000
1.000000 1.000000 1.000000 1.000000
1.000000 1.000000 1.000000 1.000000
1.000000 1.000000 1.000000 1.000000
1.000000 1.000000 1.000000 1.000000
1.000000 1.000000 1.000000 1.000000
1.000000 1.000000 1.000000 1.000000
1.000000 1.000000 1.000000 1.000000
1.000000 1.000000 1.000000 1.000000
1.000000 1.000000 1.000000 1.000000
1.000000 1.000000 1.000000 1.000000
1.000000 1.000000 1.000000 1.000000
1.000000 1.000000 1.000000 1.000000
1.000000 1.000000 1.000000 1.000000
1.000000 1.000000 1.000000 1.000000
1.000000 1.000000 1.000000 1.000000
1.000000 1.000000 1.000000 1.000000
1.000000 1.000000 1.000000 1.000000
1.000000 1.000000 1.000000 1.000000
1.000000 1.000000 1.000000 1.000000
1.000000 1.000000 1.000000 1.000000
1.000000 1.000000 1.000000 1.000000
1.000000 1.000000 1.000000 1.000000
1.000000 1.000000 1.000000 1.000000
1.000000 1.000000 1.000000 1.000000
1.000000 1.000000 1.000000 1.000000
1.000000 1.000000 1.000000 1.000000
1.000000 1.000000 1.000000 1.000000
1.000000 1.000000 1.000000 1.000000
1.000000 1.000000 1.000000 1.000000
1.000000 1.000000 1.000000 1.000000
1.000000 1.000000 1.000000 1.000000
1.000000 1.000000 1.000000 1.000000
1.000000 1.000000 1.000000 1.000000
1.000000 1.000000 1.000000 1.000000
1.000000 1.000000 1.000000 1.000000
1.000000 1.000000 1.000000 1.000000
1.000000 1.000000 1.000000 1.000000
1.000000 1.000000 1.000000 1.000000
1.000000 1.000000 1.000000 1.000000
1.000000 1.000000 1.000000 1.000000
1.000000 1.000000 1.000000 1.000000
1.000000 1.000000 1.000000 1.000000
1.000000 1.000000 1.000000 1.000000
1.000000 1.000000 1.000000 1.000000
1.000000 1.000000 1.000000 1.000000
1.000000 1.000000 1.000000 1.000000
1.000000 1.000000 1.000000 1.000000
1.000000 1.000000 1.000000 1.000000
1.000000 1.000000 1.000000 1.000000
1.000000 1.000000 1.000000 1.000000
1.000000 1.000000 1.000000 1.000000
1.000000 1.000000 1.000000 1.000000
1.000000 1.000000 1.000000 1.000000
1.000000 1.000000 1.000000 1.000000
1.000000 1.000000 1.000000 1.000000
1.000000 1.000000 1.000000 1.000000
1.000000 1.000000 1.000000 1.000000
1.000000 1.000000 1.000000 1.000000
1.000000 1.000000 1.000000 1.000000
1.000000 1.000000 1.000000 1.000000
1.000000 1.000000 1.000000 1.000000
1.000000 1.000000 1.000000 1.000000
1.000000 1.000000 1.000000 1.000000
1.000000 1.000000 1.000000 1.000000
1.000000 1.000000 1.000000 1.000000
1.000000 1.000000 1.000000 1.000000
1.000000 1.000000 1.000000 1.000000
1.000000 1.000000 1.000000 1.000000
1.000000 1.000000 1.000000 1.000000
1.000000 1.000000 1.000000 1.000000
1.000000 1.000000 1.000000 1.000000
1.000000 1.000000 1.000000 1.000000
1.000000 1.000000 1.000000 1.000000
1.000000 1.000000 1.000000 1.000000
1.000000 1.000000 1.000000 1.000000
1.000000 1.000000 1.000000 1.000000
1.000000 1.000000 1.000000 1.000000
1.000000 1.000000 1.000000 1.000000
1.000000 1.000000 1.000000 1.000000
1.000000 1.000000 1.000000 1.000000
1.000000 1.000000 1.000000 1.000000
1.000000 1.000000 1.000000 1.000000
1.000000 1.000000 1.000000 1.000000
1.000000 1.000000 1.000000 1.000000
1.000000 1.000000 1.000000 1.000000
1.000000 1.000000 1.000000 1.000000
1.000000 1.000000 1.000000 1.000000
1.000000 1.000000 1.000000 1.000000
1.000000 1.000000 1.000000 1.000000
1.000000 1.000000 1.000000 1.000000
1.000000 1.000000 1.000000 1.000000
1.000000 1.000000 1.000000 1.000000
1.000000 1.000000 1.000000 1.000000
1.000000 1.000000 1.000000 1.000000
1.000000 1.000000 1.000000 1.000000
1.000000 1.000000 1.000000 1.000000
1.000000 1.000000 1.000000 1.000000
1.000000 1.000000 1.000000 1.000000
1.000000 1.000000 1.000000 1.000000
1.000000 1.000000 1.000000 1.000000
1.000000 1.000000 1.000000 1.000000
1.000000 1.000000 1.000000 1.000000
1.000000 1.000000 1.000000 1.000000
1.000000 1.000000 1.000000 1.000000
1.000000 1.000000 1.000000 1.000000
1.000000 1.000000 1.000000 1.000000
1.000000 1.000000 1.000000 1.000000
1.000000 1.000000 1.000000 1.000000
1.000000 1.000000 1.000000 1.000000
1.000000 1.000000 1.000000 1.000000
1.000000 1.000000 1.000000 1.000000
1.000000 1.000000 1.000000 1.000000
1.000000 1.000000 1.000000 1.000000
1.000000 1.000000 1.000000 1.000000
1.000000 1.000000 1.000000 1.000000
1.000000 1.000000 1.000000 1.000000
1.000000 1.000000 1.000000 1.000000
1.000000 1.000000 1.000000 1.000000
1.000000 1.000000 1.000000 1.000000
1.000000 1.000000 1.000000 1.000000
1.000000 1.000000 1.000000 1.000000
1.000000 1.000000 1.000000 1.000000
1.000000 1.000000 1.000000 1.000000
1.000000 1.000000 1.000000 1.000000
1.000000 1.000000 1.000000 1.000000
1.000000 1.000000 1.000000 1.000000
1.000000 1.000000 1.000000 1.000000
1.000000 1.000000 1.000000 1.000000
1.000000 1.000000 1.000000 1.000000
1.000000 1.000000 1.000000 1.000000
1.000000 1.000000 1.000000 1.000000
1.000000 1.000000 1.000000 1.000000
1.000000 1.000000 1.000000 1.000000
1.000000 1.000000 1.000000 1.000000
1.000000 1.000000 1.000000 1.000000
1.000000 1.000000 1.000000 1.000000
1.000000 1.000000 1.000000 1.000000
1.000000 1.000000 1.000000 1.000000
1.000000 1.000000 1.000000 1.000000
1.000000 1.000000 1.000000 1.000000
1.000000 1.000000 1.000000 1.000000
1.000000 1.000000 1.000000 1.000000
1.000000 1.000000 1.000000 1.000000
1.000000 1.000000 1.000000 1.000000
1.000000 1.000000 1.000000 1.000000
1.000000 1.000000 1.000000 1.000000
1.000000 1.000000 1.000000 1.000000
1.000000 1.000000 1.000000 1.000000
1.000000 1.000000 1.000000 1.000000
1.000000 1.000000 1.000000 1.000000
1.000000 1.000000 1.000000 1.000000
1.000000 1.000000 1.000000 1.000000
1.000000 1.000000 1.000000 1.000000
1.000000 1.000000 1.000000 1.000000
1.000000 1.000000 1.000000 1.000000
1.000000 1.000000 1.000000 1.000000
1.000000 1.000000 1.000000 1.000000
1.000000 1.000000 1.000000 1.000000
1.000000 1.000000 1.000000 1.000000
1.000000 1.000000 1.000000 1.000000
1.000000 1.000000 1.000000 1.000000
1.000000 1.000000 1.000000 1.000000
1.000000 1.000000 1.000000 1.000000
1.000000 1.000000 1.000000 1.000000
1.000000 1.000000 1.000000 1.000000
1.000000 1.000000 1.000000 1.000000
1.000000 1.000000 1.000000 1.000000
1.000000 1.000000 1.000000 1.000000
1.000000 1.000000 1.000000 1.000000
1.000000 1.000000 1.000000 1.000000
1.000000 1.000000 1.000000 1.000000
1.000000 1.000000 1.000000 1.000000
1.000000 1.000000 1.000000 1.000000
1.000000 1.000000 1.000000 1.000000
1.000000 1.000000 1.000000 1.000000
1.000000 1.000000 1.000000 1.000000
1.000000 1.000000 1.000000 1.000000
1.000000 1.000000 1.000000 1.000000
1.000000 1.000000 1.000000 1.000000
1.000000 1.000000 1.000000 1.000000
1.000000 1.000000 1.000000 1.000000
1.000000 1.000000 1.000000 1.000000
1.000000 1.000000 1.000000 1.000000
1.000000 1.000000 1.000000 1.000000
1.000000 1.000000 1.000000 1.000000
1.000000 1.000000 1.000000 1.000000
1.000000 1.000000 1.000000 1.000000
1.000000 1.000000 1.000000 1.000000
1.000000 1.000000 1.000000 1.000000
1.000000 1.000000 1.000000 1.000000
1.000000 1.000000 1.000000 1.000000
1.000000 1.000000 1.000000 1.000000
1.000000 1.000000 1.000000 1.000000
1.000000 1.000000 1.000000 1.000000
1.000000 1.000000 1.000000 1.000000
1.000000 1.000000 1.000000 1.000000
1.000000 1.000000 1.000000 1.000000
1.000000 1.000000 1.000000 1.000000
1.000000 1.000000 1.000000 1.000000
1.000000 1.000000 1.000000 1.000000
1.000000 1.000000 1.000000 1.000000
1.000000 1.000000 1.000000 1.000000
1.000000 1.000000 1.000000 1.000000
1.000000 1.000000 1.000000 1.000000
1.000000 1.000000 1.000000 1.000000
1.000000 1.000000 1.000000 1.000000
1.000000 1.000000 1.000000 1.000000
1.000000 1.000000 1.000000 1.000000
1.000000 1.000000 1.000000 1.000000
1.000000 1.000000 1.000000 1.000000
1.000000 1.000000 1.000000 1.000000
1.000000 1.000000 1.000000 1.000000
1.000000 1.000000 1.000000 1.000000
1.000000 1.000000 1.000000 1.000000
1.000000 1.000000 1.000000 1.000000
1.000000 1.000000 1.000000 1.000000
1.000000 1.000000 1.000000 1.000000
1.000000 1.000000 1.000000 1.000000
1.000000 1.000000 1.000000 1.000000
1.000000 1.000000 1.000000 1.000000
1.000000 1.000000 1.000000 1.000000
1.000000 1.000000 1.000000 1.000000
1.000000 1.000000 1.000000 1.000000
1.000000 1.000000 1.000000 1.000000
1.000000 1.000000 1.000000 1.000000
1.000000 1.000000 1.000000 1.000000
1.000000 1.000000 1.000000 1.000000
1.000000 1.000000 1.000000 1.000000
1.000000 1.000000 1.000000 1.000000
1.000000 1.000000 1.000000 1.000000
1.000000 1.000000 1.000000 1.000000
1.000000 1.000000 1.000000 1.000000
1.000000 1.000000 1.000000 1.000000
1.000000 1.000000 1.000000 1.000000
1.000000 1.000000 1.000000 1.000000
1.000000 1.000000 1.000000 1.000000
1.000000 1.000000 1.000000 1.000000
1.000000 1.000000 1.000000 1.000000
1.000000 1.000000 1.000000 1.000000
1.000000 1.000000 1.000000 1.000000
1.000000 1.000000 1.000000 1.000000
1.000000 1.000000 1.000000 1.000000
1.000000 1.000000 1.000000 1.000000
1.000000 1.000000 1.000000 1.000000
1.000000 1.000000 1.000000 1.000000
1.000000 1.000000 1.000000 1.000000
1.000000 1.000000 1.000000 1.000000
1.000000 1.000000 1.000000 1.000000
1.000000 1.000000 1.000000 1.000000
1.000000 1.000000 1.000000 1.000000
1.000000 1.000000 1.000000 1.000000
1.000000 1.000000 1.000000 1.000000
1.000000 1.000000 1.000000 1.000000
1.000000 1.000000 1.000000 1.000000
1.000000 1.000000 1.000000 1.000000
1.000000 1.000000 1.000000 1.000000
1.000000 1.000000 1.000000 1.000000
1.000000 1.000000 1.000000 1.000000
1.000000 1.000000 1.000000 1.000000
1.000000 1.000000 1.000000 1.000000
1.000000 1.000000 1.000000 1.000000
1.000000 1.000000 1.000000 1.000000
1.000000 1.000000 1.000000 1.000000
1.000000 1.000000 1.000000 1.000000
1.000000 1.000000 1.000000 1.000000
1.000000 1.000000 1.000000 1.000000
1.000000 1.000000 1.000000 1.000000
1.000000 1.000000 1.000000 1.000000
1.000000 1.000000 1.000000 1.000000
1.000000 1.000000 1.000000 1.000000
1.000000 1.000000 1.000000 1.000000
1.000000 1.000000 1.000000 1.000000
1.000000 1.000000 1.000000 1.000000
1.000000 1.000000 1.000000 1.000000
1.000000 1.000000 1.000000 1.000000
1.000000 1.000000 1.000000 1.000000
1.000000 1.000000 1.000000 1.000000
1.000000 1.000000 1.000000 1.000000
1.000000 1.000000 1.000000 1.000000
1.000000 1.000000 1.000000 1.000000
1.000000 1.000000 1.000000 1.000000
1.000000 1.000000 1.000000 1.000000
1.000000 1.000000 1.000000 1.000000
1.000000 1.000000 1.000000 1.000000
1.000000 1.000000 1.000000 1.000000
1.000000 1.000000 1.000000 1.000000
1.000000 1.000000 1.000000 1.000000
1.000000 1.000000 1.000000 1.000000
1.000000 1.000000 1.000000 1.000000
1.000000 1.000000 1.000000 1.000000
1.000000 1.000000 1.000000 1.000000
1.000000 1.000000 1.000000 1.000000
1.000000 1.000000 1.000000 1.000000
1.000000 1.000000 1.000000 1.000000
1.000000 1.000000 1.000000 1.000000
1.000000 1.000000 1.000000 1.000000
1.000000 1.000000 1.000000 1.000000
1.000000 1.000000 1.000000 1.000000
1.000000 1.000000 1.000000 1.000000
1.000000 1.000000 1.000000 1.000000
1.000000 1.000000 1.000000 1.000000
1.000000 1.000000 1.000000 1.000000
1.000000 1.000000 1.000000 1.000000
1.000000 1.000000 1.000000 1.000000
1.000000 1.000000 1.000000 1.000000
1.000000 1.000000 1.000000 1.000000
1.000000 1.000000 1.000000 1.000000
1.000000 1.000000 1.000000 1.000000
1.000000 1.000000 1.000000 1.000000
1.000000 1.000000 1.000000 1.000000
1.000000 1.000000 1.000000 1.000000
1.000000 1.000000 1.000000 1.000000
1.000000 1.000000 1.000000 1.000000
1.000000 1.000000 1.000000 1.000000
1.000000 1.000000 1.000000 1.000000
1.000000 1.000000 1.000000 1.000000
1.000000 1.000000 1.000000 1.000000
1.000000 1.000000 1.000000 1.000000
1.000000 1.000000 1.000000 1.000000
1.000000 1.000000 1.000000 1.000000
1.000000 1.000000 1.000000 1.000000
1.000000 1.000000 1.000000 1.000000
1.000000 1.000000 1.000000 1.000000
1.000000 1.000000 1.000000 1.000000
1.000000 1.000000 1.000000 1.000000
1.000000 1.000000 1.000000 1.000000
1.000000 1.000000 1.000000 1.000000
1.000000 1.000000 1.000000 1.000000
1.000000 1.000000 1.000000 1.000000
1.000000 1.000000 1.000000 1.000000
1.000000 1.000000 1.000000 1.000000
1.000000 1.000000 1.000000 1.000000
1.000000 1.000000 1.000000 1.000000
1.000000 1.000000 1.000000 1.000000
1.000000 1.000000 1.000000 1.000000
1.000000 1.000000 1.000000 1.000000
1.000000 1.000000 1.000000 1.000000
1.000000 1.000000 1.000000 1.000000
1.000000 1.000000 1.000000 1.000000
1.000000 1.000000 1.000000 1.000000
1.000000 1.000000 1.000000 1.000000
1.000000 1.000000 1.000000 1.000000
1.000000 1.000000 1.000000 1.000000
1.000000 1.000000 1.000000 1.000000
1.000000 1.000000 1.000000 1.000000
1.000000 1.000000 1.000000 1.000000
1.000000 1.000000 1.000000 1.000000
1.000000 1.000000 1.000000 1.000000
1.000000 1.000000 1.000000 1.000000
1.000000 1.000000 1.000000 1.000000
1.000000 1.000000 1.000000 1.000000
1.000000 1.000000 1.000000 1.000000
1.000000 1.000000 1.000000 1.000000
1.000000 1.000000 1.000000 1.000000
1.000000 1.000000 1.000000 1.000000
1.000000 1.000000 1.000000 1.000000
1.000000 1.000000 1.000000 1.000000
1.000000 1.000000 1.000000 1.000000
1.000000 1.000000 1.000000 1.000000
1.000000 1.000000 1.000000 1.000000
1.000000 1.000000 1.000000 1.000000
1.000000 1.000000 1.000000 1.000000
1.000000 1.000000 1.000000 1.000000
1.000000 1.000000 1.000000 1.000000
1.000000 1.000000 1.000000 1.000000
1.000000 1.000000 1.000000 1.000000
1.000000 1.000000 1.000000 1.000000
1.000000 1.000000 1.000000 1.000000
1.000000 1.000000 1.000000 1.000000
1.000000 1.000000 1.000000 1.000000
1.000000 1.000000 1.000000 1.000000
1.000000 1.000000 1.000000 1.000000
1.000000 1.000000 1.000000 1.000000
1.000000 1.000000 1.000000 1.000000
1.000000 1.000000 1.000000 1.000000
1.000000 1.000000 1.000000 1.000000
1.000000 1.000000 1.000000 1.000000
1.000000 1.000000 1.000000 1.000000
1.000000 1.000000 1.000000 1.000000
1.000000 1.000000 1.000000 1.000000
1.000000 1.000000 1.000000 1.000000
1.000000 1.000000 1.000000 1.000000
1.000000 1.000000 1.000000 1.000000
1.000000 1.000000 1.000000 1.000000
1.000000 1.000000 1.000000 1.000000
1.000000 1.000000 1.000000 1.000000
1.000000 1.000000 1.000000 1.000000
1.000000 1.000000 1.000000 1.000000
1.000000 1.000000 1.000000 1.000000
1.000000 1.000000 1.000000 1.000000
1.000000 1.000000 1.000000 1.000000
1.000000 1.000000 1.000000 1.000000
1.000000 1.000000 1.000000 1.000000
1.000000 1.000000 1.000000 1.000000
1.000000 1.000000 1.000000 1.000000
1.000000 1.000000 1.000000 1.000000
1.000000 1.000000 1.000000 1.000000
1.000000 1.000000 1.000000 1.000000
1.000000 1.000000 1.000000 1.000000
1.000000 1.000000 1.000000 1.000000
1.000000 1.000000 1.000000 1.000000
1.000000 1.000000 1.000000 1.000000
1.000000 1.000000 1.000000 1.000000
1.000000 1.000000 1.000000 1.000000
1.000000 1.000000 1.000000 1.000000
1.000000 1.000000 1.000000 1.000000
1.000000 1.000000 1.000000 1.000000
1.000000 1.000000 1.000000 1.000000
1.000000 1.000000 1.000000 1.000000
1.000000 1.000000 1.000000 1.000000
1.000000 1.000000 1.000000 1.000000
1.000000 1.000000 1.000000 1.000000
1.000000 1.000000 1.000000 1.000000
1.000000 1.000000 1.000000 1.000000
1.000000 1.000000 1.000000 1.000000
1.000000 1.000000 1.000000 1.000000
1.000000 1.000000 1.000000 1.000000
1.000000 1.000000 1.000000 1.000000
1.000000 1.000000 1.000000 1.000000
1.000000 1.000000 1.000000 1.000000
1.000000 1.000000 1.000000 1.000000
1.000000 1.000000 1.000000 1.000000
1.000000 1.000000 1.000000 1.000000
1.000000 1.000000 1.000000 1.000000
1.000000 1.000000 1.000000 1.000000
1.000000 1.000000 1.000000 1.000000
1.000000 1.000000 1.000000 1.000000
1.000000 1.000000 1.000000 1.000000
1.000000 1.000000 1.000000 1.000000
1.000000 1.000000 1.000000 1.000000
1.000000 1.000000 1.000000 1.000000
1.000000 1.000000 1.000000 1.000000
1.000000 1.000000 1.000000 1.000000
1.000000 1.000000 1.000000 1.000000
1.000000 1.000000 1.000000 1.000000
1.000000 1.000000 1.000000 1.000000
1.000000 1.000000 1.000000 1.000000
1.000000 1.000000 1.000000 1.000000
1.000000 1.000000 1.000000 1.000000
1.000000 1.000000 1.000000 1.000000
1.000000 1.000000 1.000000 1.000000
1.000000 1.000000 1.000000 1.000000
1.000000 1.000000 1.000000 1.000000
1.000000 1.000000 1.000000 1.000000
1.000000 1.000000 1.000000 1.000000
1.000000 1.000000 1.000000 1.000000
1.000000 1.000000 1.000000 1.000000
1.000000 1.000000 1.000000 1.000000
1.000000 1.000000 1.000000 1.000000
1.000000 1.000000 1.000000 1.000000
1.000000 1.000000 1.000000 1.000000
1.000000 1.000000 1.000000 1.000000
1.000000 1.000000 1.000000 1.000000
1.000000 1.000000 1.000000 1.000000
1.000000 1.000000 1.000000 1.000000
1.000000 1.000000 1.000000 1.000000
1.000000 1.000000 1.000000 1.000000
1.000000 1.000000 1.000000 1.000000
1.000000 1.000000 1.000000 1.000000
1.000000 1.000000 1.000000 1.000000
1.000000 1.000000 1.000000 1.000000
1.000000 1.000000 1.000000 1.000000
1.000000 1.000000 1.000000 1.000000
1.000000 1.000000 1.000000 1.000000
1.000000 1.000000 1.000000 1.000000
1.000000 1.000000 1.000000 1.000000
1.000000 1.000000 1.000000 1.000000
1.000000 1.000000 1.000000 1.000000
1.000000 1.000000 1.000000 1.000000
1.000000 1.000000 1.000000 1.000000
1.000000 1.000000 1.000000 1.000000
1.000000 1.000000 1.000000 1.000000
1.000000 1.000000 1.000000 1.000000
1.000000 1.000000 1.000000 1.000000
1.000000 1.000000 1.000000 1.000000
1.000000 1.000000 1.000000 1.000000
1.000000 1.000000 1.000000 1.000000
1.000000 1.000000 1.000000 1.000000
1.000000 1.000000 1.000000 1.000000
1.000000 1.000000 1.000000 1.000000
1.000000 1.000000 1.000000 1.000000
1.000000 1.000000 1.000000 1.000000
1.000000 1.000000 1.000000 1.000000
1.000000 1.000000 1.000000 1.000000
1.000000 1.000000 1.000000 1.000000
1.000000 1.000000 1.000000 1.000000
1.000000 1.000000 1.000000 1.000000
1.000000 1.000000 1.000000 1.000000
1.000000 1.000000 1.000000 1.000000
1.000000 1.000000 1.000000 1.000000
1.000000 1.000000 1.000000 1.000000
1.000000 1.000000 1.000000 1.000000
1.000000 1.000000 1.000000 1.000000
1.000000 1.000000 1.000000 1.000000
1.000000 1.000000 1.000000 1.000000
1.000000 1.000000 1.000000 1.000000
1.000000 1.000000 1.000000 1.000000
1.000000 1.000000 1.000000 1.000000
1.000000 1.000000 1.000000 1.000000
1.000000 1.000000 1.000000 1.000000
1.000000 1.000000 1.000000 1.000000
1.000000 1.000000 1.000000 1.000000
1.000000 1.000000 1.000000 1.000000
1.000000 1.000000 1.000000 1.000000
1.000000 1.000000 1.000000 1.000000
1.000000 1.000000 1.000000 1.000000
1.000000 1.000000 1.000000 1.000000
1.000000 1.000000 1.000000 1.000000
1.000000 1.000000 1.000000 1.000000
1.000000 1.000000 1.000000 1.000000
1.000000 1.000000 1.000000 1.000000
1.000000 1.000000 1.000000 1.000000
1.000000 1.000000 1.000000 1.000000
1.000000 1.000000 1.000000 1.000000
1.000000 1.000000 1.000000 1.000000
1.000000 1.000000 1.000000 1.000000
1.000000 1.000000 1.000000 1.000000
1.000000 1.000000 1.000000 1.000000
1.000000 1.000000 1.000000 1.000000
1.000000 1.000000 1.000000 1.000000
1.000000 1.000000 1.000000 1.000000
1.000000 1.000000 1.000000 1.000000
1.000000 1.000000 1.000000 1.000000
1.000000 1.000000 1.000000 1.000000
1.000000 1.000000 1.000000 1.000000
1.000000 1.000000 1.000000 1.000000
1.000000 1.000000 1.000000 1.000000
1.000000 1.000000 1.000000 1.000000
1.000000 1.000000 1.000000 1.000000
1.000000 1.000000 1.000000 1.000000
1.000000 1.000000 1.000000 1.000000
1.000000 1.000000 1.000000 1.000000
1.000000 1.000000 1.000000 1.000000
1.000000 1.000000 1.000000 1.000000
1.000000 1.000000 1.000000 1.000000
1.000000 1.000000 1.000000 1.000000
1.000000 1.000000 1.000000 1.000000
1.000000 1.000000 1.000000 1.000000
1.000000 1.000000 1.000000 1.000000
1.000000 1.000000 1.000000 1.000000
1.000000 1.000000 1.000000 1.000000
1.000000 1.000000 1.000000 1.000000
1.000000 1.000000 1.000000 1.000000
1.000000 1.000000 1.000000 1.000000
1.000000 1.000000 1.000000 1.000000
1.000000 1.000000 1.000000 1.000000
1.000000 1.000000 1.000000 1.000000
1.000000 1.000000 1.000000 1.000000
1.000000 1.000000 1.000000 1.000000
1.000000 1.000000 1.000000 1.000000
1.000000 1.000000 1.000000 1.000000
1.000000 1.000000 1.000000 1.000000
1.000000 1.000000 1.000000 1.000000
1.000000 1.000000 1.000000 1.000000
1.000000 1.000000 1.000000 1.000000
1.000000 1.000000 1.000000 1.000000
1.000000 1.000000 1.000000 1.000000
1.000000 1.000000 1.000000 1.000000
1.000000 1.000000 1.000000 1.000000
1.000000 1.000000 1.000000 1.000000
1.000000 1.000000 1.000000 1.000000
1.000000 1.000000 1.000000 1.000000
1.000000 1.000000 1.000000 1.000000
1.000000 1.000000 1.000000 1.000000
1.000000 1.000000 1.000000 1.000000
1.000000 1.000000 1.000000 1.000000
1.000000 1.000000 1.000000 1.000000
1.000000 1.000000 1.000000 1.000000
1.000000 1.000000 1.000000 1.000000
1.000000 1.000000 1.000000 1.000000
1.000000 1.000000 1.000000 1.000000
1.000000 1.000000 1.000000 1.000000
1.000000 1.000000 1.000000 1.000000
1.000000 1.000000 1.000000 1.000000
1.000000 1.000000 1.000000 1.000000
1.000000 1.000000 1.000000 1.000000
1.000000 1.000000 1.000000 1.000000
1.000000 1.000000 1.000000 1.000000
1.000000 1.000000 1.000000 1.000000
1.000000 1.000000 1.000000 1.000000
1.000000 1.000000 1.000000 1.000000
1.000000 1.000000 1.000000 1.000000
1.000000 1.000000 1.000000 1.000000
1.000000 1.000000 1.000000 1.000000
1.000000 1.000000 1.000000 1.000000
1.000000 1.000000 1.000000 1.000000
1.000000 1.000000 1.000000 1.000000
1.000000 1.000000 1.000000 1.000000
1.000000 1.000000 1.000000 1.000000
1.000000 1.000000 1.000000 1.000000
1.000000 1.000000 1.000000 1.000000
1.000000 1.000000 1.000000 1.000000
1.000000 1.000000 1.000000 1.000000
1.000000 1.000000 1.000000 1.000000
1.000000 1.000000 1.000000 1.000000
1.000000 1.000000 1.000000 1.000000
1.000000 1.000000 1.000000 1.000000
1.000000 1.000000 1.000000 1.000000
1.000000 1.000000 1.000000 1.000000
1.000000 1.000000 1.000000 1.000000
1.000000 1.000000 1.000000 1.000000
1.000000 1.000000 1.000000 1.000000
1.000000 1.000000 1.000000 1.000000
1.000000 1.000000 1.000000 1.000000
1.000000 1.000000 1.000000 1.000000
1.000000 1.000000 1.000000 1.000000
1.000000 1.000000 1.000000 1.000000
1.000000 1.000000 1.000000 1.000000
1.000000 1.000000 1.000000 1.000000
1.000000 1.000000 1.000000 1.000000
1.000000 1.000000 1.000000 1.000000
1.000000 1.000000 1.000000 1.000000
1.000000 1.000000 1.000000 1.000000
1.000000 1.000000 1.000000 1.000000
1.000000 1.000000 1.000000 1.000000
1.000000 1.000000 1.000000 1.000000
1.000000 1.000000 1.000000 1.000000
1.000000 1.000000 1.000000 1.000000
1.000000 1.000000 1.000000 1.000000
1.000000 1.000000 1.000000 1.000000
1.000000 1.000000 1.000000 1.000000
1.000000 1.000000 1.000000 1.000000
1.000000 1.000000 1.000000 1.000000
1.000000 1.000000 1.000000 1.000000
1.000000 1.000000 1.000000 1.000000
1.000000 1.000000 1.000000 1.000000
1.000000 1.000000 1.000000 1.000000
1.000000 1.000000 1.000000 1.000000
1.000000 1.000000 1.000000 1.000000
1.000000 1.000000 1.000000 1.000000
1.000000 1.000000 1.000000 1.000000
1.000000 1.000000 1.000000 1.000000
1.000000 1.000000 1.000000 1.000000
1.000000 1.000000 1.000000 1.000000
1.000000 1.000000 1.000000 1.000000
1.000000 1.000000 1.000000 1.000000
1.000000 1.000000 1.000000 1.000000
1.000000 1.000000 1.000000 1.000000
1.000000 1.000000 1.000000 1.000000
1.000000 1.000000 1.000000 1.000000
1.000000 1.000000 1.000000 1.000000
1.000000 1.000000 1.000000 1.000000
1.000000 1.000000 1.000000 1.000000
1.000000 1.000000 1.000000 1.000000
1.000000 1.000000 1.000000 1.000000
1.000000 1.000000 1.000000 1.000000
1.000000 1.000000 1.000000 1.000000
1.000000 1.000000 1.000000 1.000000
1.000000 1.000000 1.000000 1.000000
1.000000 1.000000 1.000000 1.000000
1.000000 1.000000 1.000000 1.000000
1.000000 1.000000 1.000000 1.000000
1.000000 1.000000 1.000000 1.000000
1.000000 1.000000 1.000000 1.000000
1.000000 1.000000 1.000000 1.000000
1.000000 1.000000 1.000000 1.000000
1.000000 1.000000 1.000000 1.000000
1.000000 1.000000 1.000000 1.000000
1.000000 1.000000 1.000000 1.000000
1.000000 1.000000 1.000000 1.000000
1.000000 1.000000 1.000000 1.000000
1.000000 1.000000 1.000000 1.000000
1.000000 1.000000 1.000000 1.000000
1.000000 1.000000 1.000000 1.000000
1.000000 1.000000 1.000000 1.000000
1.000000 1.000000 1.000000 1.000000
1.000000 1.000000 1.000000 1.000000
1.000000 1.000000 1.000000 1.000000
1.000000 1.000000 1.000000 1.000000
1.000000 1.000000 1.000000 1.000000
1.000000 1.000000 1.000000 1.000000
1.000000 1.000000 1.000000 1.000000
1.000000 1.000000 1.000000 1.000000
1.000000 1.000000 1.000000 1.000000
1.000000 1.000000 1.000000 1.000000
1.000000 1.000000 1.000000 1.000000
1.000000 1.000000 1.000000 1.000000
1.000000 1.000000 1.000000 1.000000
1.000000 1.000000 1.000000 1.000000
1.000000 1.000000 1.000000 1.000000
1.000000 1.000000 1.000000 1.000000
1.000000 1.000000 1.000000 1.000000
1.000000 1.000000 1.000000 1.000000
1.000000 1.000000 1.000000 1.000000
1.000000 1.000000 1.000000 1.000000
1.000000 1.000000 1.000000 1.000000
1.000000 1.000000 1.000000 1.000000
1.000000 1.000000 1.000000 1.000000
1.000000 1.000000 1.000000 1.000000
1.000000 1.000000 1.000000 1.000000
1.000000 1.000000 1.000000 1.000000
1.000000 1.000000 1.000000 1.000000
1.000000 1.000000 1.000000 1.000000
1.000000 1.000000 1.000000 1.000000
1.000000 1.000000 1.000000 1.000000
1.000000 1.000000 1.000000 1.000000
1.000000 1.000000 1.000000 1.000000
1.000000 1.000000 1.000000 1.000000
1.000000 1.000000 1.000000 1.000000
1.000000 1.000000 1.000000 1.000000
1.000000 1.000000 1.000000 1.000000
1.000000 1.000000 1.000000 1.000000
1.000000 1.000000 1.000000 1.000000
1.000000 1.000000 1.000000 1.000000
1.000000 1.000000 1.000000 1.000000
1.000000 1.000000 1.000000 1.000000
1.000000 1.000000 1.000000 1.000000
1.000000 1.000000 1.000000 1.000000
1.000000 1.000000 1.000000 1.000000
1.000000 1.000000 1.000000 1.000000
1.000000 1.000000 1.000000 1.000000
1.000000 1.000000 1.000000 1.000000
1.000000 1.000000 1.000000 1.000000
1.000000 1.000000 1.000000 1.000000
1.000000 1.000000 1.000000 1.000000
1.000000 1.000000 1.000000 1.000000
1.000000 1.000000 1.000000 1.000000
1.000000 1.000000 1.000000 1.000000
1.000000 1.000000 1.000000 1.000000
1.000000 1.000000 1.000000 1.000000
1.000000 1.000000 1.000000 1.000000
1.000000 1.000000 1.000000 1.000000
1.000000 1.000000 1.000000 1.000000
1.000000 1.000000 1.000000 1.000000
1.000000 1.000000 1.000000 1.000000
1.000000 1.000000 1.000000 1.000000
1.000000 1.000000 1.000000 1.000000
1.000000 1.000000 1.000000 1.000000
1.000000 1.000000 1.000000 1.000000
1.000000 1.000000 1.000000 1.000000
1.000000 1.000000 1.000000 1.000000
1.000000 1.000000 1.000000 1.000000
1.000000 1.000000 1.000000 1.000000
1.000000 1.000000 1.000000 1.000000
1.000000 1.000000 1.000000 1.000000
1.000000 1.000000 1.000000 1.000000
1.000000 1.000000 1.000000 1.000000
1.000000 1.000000 1.000000 1.000000
1.000000 1.000000 1.000000 1.000000
1.000000 1.000000 1.000000 1.000000
1.000000 1.000000 1.000000 1.000000
1.000000 1.000000 1.000000 1.000000
1.000000 1.000000 1.000000 1.000000
1.000000 1.000000 1.000000 1.000000
1.000000 1.000000 1.000000 1.000000
1.000000 1.000000 1.000000 1.000000
1.000000 1.000000 1.000000 1.000000
1.000000 1.000000 1.000000 1.000000
1.000000 1.000000 1.000000 1.000000
1.000000 1.000000 1.000000 1.000000
1.000000 1.000000 1.000000 1.000000
1.000000 1.000000 1.000000 1.000000
1.000000 1.000000 1.000000 1.000000
1.000000 1.000000 1.000000 1.000000
1.000000 1.000000 1.000000 1.000000
1.000000 1.000000 1.000000 1.000000
1.000000 1.000000 1.000000 1.000000
1.000000 1.000000 1.000000 1.000000
1.000000 1.000000 1.000000 1.000000
1.000000 1.000000 1.000000 1.000000
1.000000 1.000000 1.000000 1.000000
1.000000 1.000000 1.000000 1.000000
1.000000 1.000000 1.000000 1.000000
1.000000 1.000000 1.000000 1.000000
1.000000 1.000000 1.000000 1.000000
1.000000 1.000000 1.000000 1.000000
1.000000 1.000000 1.000000 1.000000
1.000000 1.000000 1.000000 1.000000
1.000000 1.000000 1.000000 1.000000
1.000000 1.000000 1.000000 1.000000
1.000000 1.000000 1.000000 1.000000
1.000000 1.000000 1.000000 1.000000
1.000000 1.000000 1.000000 1.000000
1.000000 1.000000 1.000000 1.000000
1.000000 1.000000 1.000000 1.000000
1.000000 1.000000 1.000000 1.000000
1.000000 1.000000 1.000000 1.000000
1.000000 1.000000 1.000000 1.000000
1.000000 1.000000 1.000000 1.000000
1.000000 1.000000 1.000000 1.000000
1.000000 1.000000 1.000000 1.000000
1.000000 1.000000 1.000000 1.000000
1.000000 1.000000 1.000000 1.000000
1.000000 1.000000 1.000000 1.000000
1.000000 1.000000 1.000000 1.000000
1.000000 1.000000 1.000000 1.000000
1.000000 1.000000 1.000000 1.000000
1.000000 1.000000 1.000000 1.000000
1.000000 1.000000 1.000000 1.000000
1.000000 1.000000 1.000000 1.000000
1.000000 1.000000 1.000000 1.000000
1.000000 1.000000 1.000000 1.000000
1.000000 1.000000 1.000000 1.000000
1.000000 1.000000 1.000000 1.000000
1.000000 1.000000 1.000000 1.000000
1.000000 1.000000 1.000000 1.000000
1.000000 1.000000 1.000000 1.000000
1.000000 1.000000 1.000000 1.000000
1.000000 1.000000 1.000000 1.000000
1.000000 1.000000 1.000000 1.000000
1.000000 1.000000 1.000000 1.000000
1.000000 1.000000 1.000000 1.000000
1.000000 1.000000 1.000000 1.000000
1.000000 1.000000 1.000000 1.000000
1.000000 1.000000 1.000000 1.000000
1.000000 1.000000 1.000000 1.000000
1.000000 1.000000 1.000000 1.000000
1.000000 1.000000 1.000000 1.000000
1.000000 1.000000 1.000000 1.000000
1.000000 1.000000 1.000000 1.000000
1.000000 1.000000 1.000000 1.000000
1.000000 1.000000 1.000000 1.000000
1.000000 1.000000 1.000000 1.000000
1.000000 1.000000 1.000000 1.000000
1.000000 1.000000 1.000000 1.000000
1.000000 1.000000 1.000000 1.000000
1.000000 1.000000 1.000000 1.000000
1.000000 1.000000 1.000000 1.000000
1.000000 1.000000 1.000000 1.000000
1.000000 1.000000 1.000000 1.000000
1.000000 1.000000 1.000000 1.000000
1.000000 1.000000 1.000000 1.000000
1.000000 1.000000 1.000000 1.000000
1.000000 1.000000 1.000000 1.000000
1.000000 1.000000 1.000000 1.000000
1.000000 1.000000 1.000000 1.000000
1.000000 1.000000 1.000000 1.000000
1.000000 1.000000 1.000000 1.000000
1.000000 1.000000 1.000000 1.000000
1.000000 1.000000 1.000000 1.000000
1.000000 1.000000 1.000000 1.000000
1.000000 1.000000 1.000000 1.000000
1.000000 1.000000 1.000000 1.000000
1.000000 1.000000 1.000000 1.000000
1.000000 1.000000 1.000000 1.000000
1.000000 1.000000 1.000000 1.000000
1.000000 1.000000 1.000000 1.000000
1.000000 1.000000 1.000000 1.000000
1.000000 1.000000 1.000000 1.000000
1.000000 1.000000 1.000000 1.000000
1.000000 1.000000 1.000000 1.000000
1.000000 1.000000 1.000000 1.000000
1.000000 1.000000 1.000000 1.000000
1.000000 1.000000 1.000000 1.000000
1.000000 1.000000 1.000000 1.000000
1.000000 1.000000 1.000000 1.000000
1.000000 1.000000 1.000000 1.000000
1.000000 1.000000 1.000000 1.000000
1.000000 1.000000 1.000000 1.000000
1.000000 1.000000 1.000000 1.000000
1.000000 1.000000 1.000000 1.000000
1.000000 1.000000 1.000000 1.000000
1.000000 1.000000 1.000000 1.000000
1.000000 1.000000 1.000000 1.000000
1.000000 1.000000 1.000000 1.000000
1.000000 1.000000 1.000000 1.000000
1.000000 1.000000 1.000000 1.000000
1.000000 1.000000 1.000000 1.000000
1.000000 1.000000 1.000000 1.000000
1.000000 1.000000 1.000000 1.000000
1.000000 1.000000 1.000000 1.000000
1.000000 1.000000 1.000000 1.000000
1.000000 1.000000 1.000000 1.000000
1.000000 1.000000 1.000000 1.000000
1.000000 1.000000 1.000000 1.000000
1.000000 1.000000 1.000000 1.000000
1.000000 1.000000 1.000000 1.000000
1.000000 1.000000 1.000000 1.000000
1.000000 1.000000 1.000000 1.000000
1.000000 1.000000 1.000000 1.000000
1.000000 1.000000 1.000000 1.000000
1.000000 1.000000 1.000000 1.000000
1.000000 1.000000 1.000000 1.000000
1.000000 1.000000 1.000000 1.000000
1.000000 1.000000 1.000000 1.000000
1.000000 1.000000 1.000000 1.000000
1.000000 1.000000 1.000000 1.000000
1.000000 1.000000 1.000000 1.000000
1.000000 1.000000 1.000000 1.000000
1.000000 1.000000 1.000000 1.000000
1.000000 1.000000 1.000000 1.000000
1.000000 1.000000 1.000000 1.000000
1.000000 1.000000 1.000000 1.000000
1.000000 1.000000 1.000000 1.000000
1.000000 1.000000 1.000000 1.000000
1.000000 1.000000 1.000000 1.000000
1.000000 1.000000 1.000000 1.000000
1.000000 1.000000 1.000000 1.000000
1.000000 1.000000 1.000000 1.000000
1.000000 1.000000 1.000000 1.000000
1.000000 1.000000 1.000000 1.000000
1.000000 1.000000 1.000000 1.000000
1.000000 1.000000 1.000000 1.000000
1.000000 1.000000 1.000000 1.000000
1.000000 1.000000 1.000000 1.000000
1.000000 1.000000 1.000000 1.000000
1.000000 1.000000 1.000000 1.000000
1.000000 1.000000 1.000000 1.000000
1.000000 1.000000 1.000000 1.000000
1.000000 1.000000 1.000000 1.000000
1.000000 1.000000 1.000000 1.000000
1.000000 1.000000 1.000000 1.000000
1.000000 1.000000 1.000000 1.000000
1.000000 1.000000 1.000000 1.000000
1.000000 1.000000 1.000000 1.000000
1.000000 1.000000 1.000000 1.000000
1.000000 1.000000 1.000000 1.000000
1.000000 1.000000 1.000000 1.000000
1.000000 1.000000 1.000000 1.000000
1.000000 1.000000 1.000000 1.000000
1.000000 1.000000 1.000000 1.000000
1.000000 1.000000 1.000000 1.000000
1.000000 1.000000 1.000000 1.000000
1.000000 1.000000 1.000000 1.000000
1.000000 1.000000 1.000000 1.000000
1.000000 1.000000 1.000000 1.000000
1.000000 1.000000 1.000000 1.000000
1.000000 1.000000 1.000000 1.000000
1.000000 1.000000 1.000000 1.000000
1.000000 1.000000 1.000000 1.000000
1.000000 1.000000 1.000000 1.000000
1.000000 1.000000 1.000000 1.000000
1.000000 1.000000 1.000000 1.000000
1.000000 1.000000 1.000000 1.000000
1.000000 1.000000 1.000000 1.000000
1.000000 1.000000 1.000000 1.000000
1.000000 1.000000 1.000000 1.000000
1.000000 1.000000 1.000000 1.000000
1.000000 1.000000 1.000000 1.000000
1.000000 1.000000 1.000000 1.000000
1.000000 1.000000 1.000000 1.000000
1.000000 1.000000 1.000000 1.000000
1.000000 1.000000 1.000000 1.000000
1.000000 1.000000 1.000000 1.000000
1.000000 1.000000 1.000000 1.000000
1.000000 1.000000 1.000000 1.000000
1.000000 1.000000 1.000000 1.000000
1.000000 1.000000 1.000000 1.000000
1.000000 1.000000 1.000000 1.000000
1.000000 1.000000 1.000000 1.000000
1.000000 1.000000 1.000000 1.000000
1.000000 1.000000 1.000000 1.000000
1.000000 1.000000 1.000000 1.000000
1.000000 1.000000 1.000000 1.000000
1.000000 1.000000 1.000000 1.000000
1.000000 1.000000 1.000000 1.000000
1.000000 1.000000 1.000000 1.000000
1.000000 1.000000 1.000000 1.000000
1.000000 1.000000 1.000000 1.000000
1.000000 1.000000 1.000000 1.000000
1.000000 1.000000 1.000000 1.000000
1.000000 1.000000 1.000000 1.000000
1.000000 1.000000 1.000000 1.000000
1.000000 1.000000 1.000000 1.000000
1.000000 1.000000 1.000000 1.000000
1.000000 1.000000 1.000000 1.000000
1.000000 1.000000 1.000000 1.000000
1.000000 1.000000 1.000000 1.000000
1.000000 1.000000 1.000000 1.000000
1.000000 1.000000 1.000000 1.000000
1.000000 1.000000 1.000000 1.000000
1.000000 1.000000 1.000000 1.000000
1.000000 1.000000 1.000000 1.000000
1.000000 1.000000 1.000000 1.000000
1.000000 1.000000 1.000000 1.000000
1.000000 1.000000 1.000000 1.000000
1.000000 1.000000 1.000000 1.000000
1.000000 1.000000 1.000000 1.000000
1.000000 1.000000 1.000000 1.000000
1.000000 1.000000 1.000000 1.000000
1.000000 1.000000 1.000000 1.000000
1.000000 1.000000 1.000000 1.000000
1.000000 1.000000 1.000000 1.000000
1.000000 1.000000 1.000000 1.000000
1.000000 1.000000 1.000000 1.000000
1.000000 1.000000 1.000000 1.000000
1.000000 1.000000 1.000000 1.000000
1.000000 1.000000 1.000000 1.000000
1.000000 1.000000 1.000000 1.000000
1.000000 1.000000 1.000000 1.000000
1.000000 1.000000 1.000000 1.000000
1.000000 1.000000 1.000000 1.000000
1.000000 1.000000 1.000000 1.000000
1.000000 1.000000 1.000000 1.000000
1.000000 1.000000 1.000000 1.000000
1.000000 1.000000 1.000000 1.000000
1.000000 1.000000 1.000000 1.000000
1.000000 1.000000 1.000000 1.000000
1.000000 1.000000 1.000000 1.000000
1.000000 1.000000 1.000000 1.000000
1.000000 1.000000 1.000000 1.000000
1.000000 1.000000 1.000000 1.000000
1.000000 1.000000 1.000000 1.000000
1.000000 1.000000 1.000000 1.000000
1.000000 1.000000 1.000000 1.000000
1.000000 1.000000 1.000000 1.000000
1.000000 1.000000 1.000000 1.000000
1.000000 1.000000 1.000000 1.000000
1.000000 1.000000 1.000000 1.000000
1.000000 1.000000 1.000000 1.000000
1.000000 1.000000 1.000000 1.000000
1.000000 1.000000 1.000000 1.000000
1.000000 1.000000 1.000000 1.000000
1.000000 1.000000 1.000000 1.000000
1.000000 1.000000 1.000000 1.000000
1.000000 1.000000 1.000000 1.000000
1.000000 1.000000 1.000000 1.000000
1.000000 1.000000 1.000000 1.000000
1.000000 1.000000 1.000000 1.000000
1.000000 1.000000 1.000000 1.000000
1.000000 1.000000 1.000000 1.000000
1.000000 1.000000 1.000000 1.000000
1.000000 1.000000 1.000000 1.000000
1.000000 1.000000 1.000000 1.000000
1.000000 1.000000 1.000000 1.000000
1.000000 1.000000 1.000000 1.000000
1.000000 1.000000 1.000000 1.000000
1.000000 1.000000 1.000000 1.000000
1.000000 1.000000 1.000000 1.000000
1.000000 1.000000 1.000000 1.000000
1.000000 1.000000 1.000000 1.000000
1.000000 1.000000 1.000000 1.000000
1.000000 1.000000 1.000000 1.000000
1.000000 1.000000 1.000000 1.000000
1.000000 1.000000 1.000000 1.000000
1.000000 1.000000 1.000000 1.000000
1.000000 1.000000 1.000000 1.000000
1.000000 1.000000 1.000000 1.000000
1.000000 1.000000 1.000000 1.000000
1.000000 1.000000 1.000000 1.000000
1.000000 1.000000 1.000000 1.000000
1.000000 1.000000 1.000000 1.000000
1.000000 1.000000 1.000000 1.000000
1.000000 1.000000 1.000000 1.000000
1.000000 1.000000 1.000000 1.000000
1.000000 1.000000 1.000000 1.000000
1.000000 1.000000 1.000000 1.000000
1.000000 1.000000 1.000000 1.000000
1.000000 1.000000 1.000000 1.000000
1.000000 1.000000 1.000000 1.000000
1.000000 1.000000 1.000000 1.000000
1.000000 1.000000 1.000000 1.000000
1.000000 1.000000 1.000000 1.000000
1.000000 1.000000 1.000000 1.000000
1.000000 1.000000 1.000000 1.000000
1.000000 1.000000 1.000000 1.000000
1.000000 1.000000 1.000000 1.000000
1.000000 1.000000 1.000000 1.000000
1.000000 1.000000 1.000000 1.000000
1.000000 1.000000 1.000000 1.000000
1.000000 1.000000 1.000000 1.000000
1.000000 1.000000 1.000000 1.000000
1.000000 1.000000 1.000000 1.000000
1.000000 1.000000 1.000000 1.000000
1.000000 1.000000 1.000000 1.000000
1.000000 1.000000 1.000000 1.000000
1.000000 1.000000 1.000000 1.000000
1.000000 1.000000 1.000000 1.000000
1.000000 1.000000 1.000000 1.000000
1.000000 1.000000 1.000000 1.000000
1.000000 1.000000 1.000000 1.000000
1.000000 1.000000 1.000000 1.000000
1.000000 1.000000 1.000000 1.000000
1.000000 1.000000 1.000000 1.000000
1.000000 1.000000 1.000000 1.000000
1.000000 1.000000 1.000000 1.000000
1.000000 1.000000 1.000000 1.000000
1.000000 1.000000 1.000000 1.000000
1.000000 1.000000 1.000000 1.000000
1.000000 1.000000 1.000000 1.000000
1.000000 1.000000 1.000000 1.000000
1.000000 1.000000 1.000000 1.000000
1.000000 1.000000 1.000000 1.000000
1.000000 1.000000 1.000000 1.000000
1.000000 1.000000 1.000000 1.000000
1.000000 1.000000 1.000000 1.000000
1.000000 1.000000 1.000000 1.000000
1.000000 1.000000 1.000000 1.000000
1.000000 1.000000 1.000000 1.000000
1.000000 1.000000 1.000000 1.000000
1.000000 1.000000 1.000000 1.000000
1.000000 1.000000 1.000000 1.000000
1.000000 1.000000 1.000000 1.000000
1.000000 1.000000 1.000000 1.000000
1.000000 1.000000 1.000000 1.000000
1.000000 1.000000 1.000000 1.000000
1.000000 1.000000 1.000000 1.000000
1.000000 1.000000 1.000000 1.000000
1.000000 1.000000 1.000000 1.000000
1.000000 1.000000 1.000000 1.000000
1.000000 1.000000 1.000000 1.000000
1.000000 1.000000 1.000000 1.000000
1.000000 1.000000 1.000000 1.000000
1.000000 1.000000 1.000000 1.000000
1.000000 1.000000 1.000000 1.000000
1.000000 1.000000 1.000000 1.000000
1.000000 1.000000 1.000000 1.000000
1.000000 1.000000 1.000000 1.000000
1.000000 1.000000 1.000000 1.000000
1.000000 1.000000 1.000000 1.000000
1.000000 1.000000 1.000000 1.000000
1.000000 1.000000 1.000000 1.000000
1.000000 1.000000 1.000000 1.000000
1.000000 1.000000 1.000000 1.000000
1.000000 1.000000 1.000000 1.000000
1.000000 1.000000 1.000000 1.000000
1.000000 1.000000 1.000000 1.000000
1.000000 1.000000 1.000000 1.000000
1.000000 1.000000 1.000000 1.000000
1.000000 1.000000 1.000000 1.000000
1.000000 1.000000 1.000000 1.000000
1.000000 1.000000 1.000000 1.000000
1.000000 1.000000 1.000000 1.000000
1.000000 1.000000 1.000000 1.000000
1.000000 1.000000 1.000000 1.000000
1.000000 1.000000 1.000000 1.000000
1.000000 1.000000 1.000000 1.000000
1.000000 1.000000 1.000000 1.000000
1.000000 1.000000 1.000000 1.000000
1.000000 1.000000 1.000000 1.000000
1.000000 1.000000 1.000000 1.000000
1.000000 1.000000 1.000000 1.000000
1.000000 1.000000 1.000000 1.000000
1.000000 1.000000 1.000000 1.000000
1.000000 1.000000 1.000000 1.000000
1.000000 1.000000 1.000000 1.000000
1.000000 1.000000 1.000000 1.000000
1.000000 1.000000 1.000000 1.000000
1.000000 1.000000 1.000000 1.000000
1.000000 1.000000 1.000000 1.000000
1.000000 1.000000 1.000000 1.000000
1.000000 1.000000 1.000000 1.000000
1.000000 1.000000 1.000000 1.000000
1.000000 1.000000 1.000000 1.000000
1.000000 1.000000 1.000000 1.000000
1.000000 1.000000 1.000000 1.000000
1.000000 1.000000 1.000000 1.000000
1.000000 1.000000 1.000000 1.000000
1.000000 1.000000 1.000000 1.000000
1.000000 1.000000 1.000000 1.000000
1.000000 1.000000 1.000000 1.000000
1.000000 1.000000 1.000000 1.000000
1.000000 1.000000 1.000000 1.000000
1.000000 1.000000 1.000000 1.000000
1.000000 1.000000 1.000000 1.000000
1.000000 1.000000 1.000000 1.000000
1.000000 1.000000 1.000000 1.000000
1.000000 1.000000 1.000000 1.000000
1.000000 1.000000 1.000000 1.000000
1.000000 1.000000 1.000000 1.000000
1.000000 1.000000 1.000000 1.000000
1.000000 1.000000 1.000000 1.000000
1.000000 1.000000 1.000000 1.000000
1.000000 1.000000 1.000000 1.000000
1.000000 1.000000 1.000000 1.000000
1.000000 1.000000 1.000000 1.000000
1.000000 1.000000 1.000000 1.000000
1.000000 1.000000 1.000000 1.000000
1.000000 1.000000 1.000000 1.000000
1.000000 1.000000 1.000000 1.000000
1.000000 1.000000 1.000000 1.000000
1.000000 1.000000 1.000000 1.000000
1.000000 1.000000 1.000000 1.000000
1.000000 1.000000 1.000000 1.000000
1.000000 1.000000 1.000000 1.000000
1.000000 1.000000 1.000000 1.000000
1.000000 1.000000 1.000000 1.000000
1.000000 1.000000 1.000000 1.000000
1.000000 1.000000 1.000000 1.000000
1.000000 1.000000 1.000000 1.000000
1.000000 1.000000 1.000000 1.000000
1.000000 1.000000 1.000000 1.000000
1.000000 1.000000 1.000000 1.000000
1.000000 1.000000 1.000000 1.000000
1.000000 1.000000 1.000000 1.000000
1.000000 1.000000 1.000000 1.000000
1.000000 1.000000 1.000000 1.000000
1.000000 1.000000 1.000000 1.000000
1.000000 1.000000 1.000000 1.000000
1.000000 1.000000 1.000000 1.000000
1.000000 1.000000 1.000000 1.000000
1.000000 1.000000 1.000000 1.000000
1.000000 1.000000 1.000000 1.000000
1.000000 1.000000 1.000000 1.000000
1.000000 1.000000 1.000000 1.000000
1.000000 1.000000 1.000000 1.000000
1.000000 1.000000 1.000000 1.000000
1.000000 1.000000 1.000000 1.000000
1.000000 1.000000 1.000000 1.000000
1.000000 1.000000 1.000000 1.000000
1.000000 1.000000 1.000000 1.000000
1.000000 1.000000 1.000000 1.000000
1.000000 1.000000 1.000000 1.000000
1.000000 1.000000 1.000000 1.000000
1.000000 1.000000 1.000000 1.000000
1.000000 1.000000 1.000000 1.000000
1.000000 1.000000 1.000000 1.000000
1.000000 1.000000 1.000000 1.000000
1.000000 1.000000 1.000000 1.000000
1.000000 1.000000 1.000000 1.000000
1.000000 1.000000 1.000000 1.000000
1.000000 1.000000 1.000000 1.000000
1.000000 1.000000 1.000000 1.000000
1.000000 1.000000 1.000000 1.000000
1.000000 1.000000 1.000000 1.000000
1.000000 1.000000 1.000000 1.000000
1.000000 1.000000 1.000000 1.000000
1.000000 1.000000 1.000000 1.000000
1.000000 1.000000 1.000000 1.000000
1.000000 1.000000 1.000000 1.000000
1.000000 1.000000 1.000000 1.000000
1.000000 1.000000 1.000000 1.000000
1.000000 1.000000 1.000000 1.000000
1.000000 1.000000 1.000000 1.000000
1.000000 1.000000 1.000000 1.000000
1.000000 1.000000 1.000000 1.000000
1.000000 1.000000 1.000000 1.000000
1.000000 1.000000 1.000000 1.000000
1.000000 1.000000 1.000000 1.000000
1.000000 1.000000 1.000000 1.000000
1.000000 1.000000 1.000000 1.000000
1.000000 1.000000 1.000000 1.000000
1.000000 1.000000 1.000000 1.000000
1.000000 1.000000 1.000000 1.000000
1.000000 1.000000 1.000000 1.000000
1.000000 1.000000 1.000000 1.000000
1.000000 1.000000 1.000000 1.000000
1.000000 1.000000 1.000000 1.000000
1.000000 1.000000 1.000000 1.000000
1.000000 1.000000 1.000000 1.000000
1.000000 1.000000 1.000000 1.000000
1.000000 1.000000 1.000000 1.000000
1.000000 1.000000 1.000000 1.000000
1.000000 1.000000 1.000000 1.000000
1.000000 1.000000 1.000000 1.000000
1.000000 1.000000 1.000000 1.000000
1.000000 1.000000 1.000000 1.000000
1.000000 1.000000 1.000000 1.000000
1.000000 1.000000 1.000000 1.000000
1.000000 1.000000 1.000000 1.000000
1.000000 1.000000 1.000000 1.000000
1.000000 1.000000 1.000000 1.000000
1.000000 1.000000 1.000000 1.000000
1.000000 1.000000 1.000000 1.000000
1.000000 1.000000 1.000000 1.000000
1.000000 1.000000 1.000000 1.000000
1.000000 1.000000 1.000000 1.000000
1.000000 1.000000 1.000000 1.000000
1.000000 1.000000 1.000000 1.000000
1.000000 1.000000 1.000000 1.000000
1.000000 1.000000 1.000000 1.000000
1.000000 1.000000 1.000000 1.000000
1.000000 1.000000 1.000000 1.000000
1.000000 1.000000 1.000000 1.000000
1.000000 1.000000 1.000000 1.000000
1.000000 1.000000 1.000000 1.000000
1.000000 1.000000 1.000000 1.000000
1.000000 1.000000 1.000000 1.000000
1.000000 1.000000 1.000000 1.000000
1.000000 1.000000 1.000000 1.000000
1.000000 1.000000 1.000000 1.000000
1.000000 1.000000 1.000000 1.000000
1.000000 1.000000 1.000000 1.000000
1.000000 1.000000 1.000000 1.000000
1.000000 1.000000 1.000000 1.000000
1.000000 1.000000 1.000000 1.000000
1.000000 1.000000 1.000000 1.000000
1.000000 1.000000 1.000000 1.000000
1.000000 1.000000 1.000000 1.000000
1.000000 1.000000 1.000000 1.000000
1.000000 1.000000 1.000000 1.000000
1.000000 1.000000 1.000000 1.000000
1.000000 1.000000 1.000000 1.000000
1.000000 1.000000 1.000000 1.000000
1.000000 1.000000 1.000000 1.000000
1.000000 1.000000 1.000000 1.000000
1.000000 1.000000 1.000000 1.000000
1.000000 1.000000 1.000000 1.000000
1.000000 1.000000 1.000000 1.000000
1.000000 1.000000 1.000000 1.000000
1.000000 1.000000 1.000000 1.000000
1.000000 1.000000 1.000000 1.000000
1.000000 1.000000 1.000000 1.000000
1.000000 1.000000 1.000000 1.000000
1.000000 1.000000 1.000000 1.000000
1.000000 1.000000 1.000000 1.000000
1.000000 1.000000 1.000000 1.000000
1.000000 1.000000 1.000000 1.000000
1.000000 1.000000 1.000000 1.000000
1.000000 1.000000 1.000000 1.000000
1.000000 1.000000 1.000000 1.000000
1.000000 1.000000 1.000000 1.000000
1.000000 1.000000 1.000000 1.000000
1.000000 1.000000 1.000000 1.000000
1.000000 1.000000 1.000000 1.000000
1.000000 1.000000 1.000000 1.000000
1.000000 1.000000 1.000000 1.000000
1.000000 1.000000 1.000000 1.000000
1.000000 1.000000 1.000000 1.000000
1.000000 1.000000 1.000000 1.000000
1.000000 1.000000 1.000000 1.000000
1.000000 1.000000 1.000000 1.000000
1.000000 1.000000 1.000000 1.000000
1.000000 1.000000 1.000000 1.000000
1.000000 1.000000 1.000000 1.000000
1.000000 1.000000 1.000000 1.000000
1.000000 1.000000 1.000000 1.000000
1.000000 1.000000 1.000000 1.000000
1.000000 1.000000 1.000000 1.000000
1.000000 1.000000 1.000000 1.000000
1.000000 1.000000 1.000000 1.000000
1.000000 1.000000 1.000000 1.000000
1.000000 1.000000 1.000000 1.000000
1.000000 1.000000 1.000000 1.000000
1.000000 1.000000 1.000000 1.000000
1.000000 1.000000 1.000000 1.000000
1.000000 1.000000 1.000000 1.000000
1.000000 1.000000 1.000000 1.000000
1.000000 1.000000 1.000000 1.000000
1.000000 1.000000 1.000000 1.000000
1.000000 1.000000 1.000000 1.000000
1.000000 1.000000 1.000000 1.000000
1.000000 1.000000 1.000000 1.000000
1.000000 1.000000 1.000000 1.000000
1.000000 1.000000 1.000000 1.000000
1.000000 1.000000 1.000000 1.000000
1.000000 1.000000 1.000000 1.000000
1.000000 1.000000 1.000000 1.000000
1.000000 1.000000 1.000000 1.000000
1.000000 1.000000 1.000000 1.000000
1.000000 1.000000 1.000000 1.000000
1.000000 1.000000 1.000000 1.000000
1.000000 1.000000 1.000000 1.000000
1.000000 1.000000 1.000000 1.000000
1.000000 1.000000 1.000000 1.000000
1.000000 1.000000 1.000000 1.000000
1.000000 1.000000 1.000000 1.000000
1.000000 1.000000 1.000000 1.000000
1.000000 1.000000 1.000000 1.000000
1.000000 1.000000 1.000000 1.000000
1.000000 1.000000 1.000000 1.000000
1.000000 1.000000 1.000000 1.000000
1.000000 1.000000 1.000000 1.000000
1.000000 1.000000 1.000000 1.000000
1.000000 1.000000 1.000000 1.000000
1.000000 1.000000 1.000000 1.000000
1.000000 1.000000 1.000000 1.000000
1.000000 1.000000 1.000000 1.000000
1.000000 1.000000 1.000000 1.000000
1.000000 1.000000 1.000000 1.000000
1.000000 1.000000 1.000000 1.000000
1.000000 1.000000 1.000000 1.000000
1.000000 1.000000 1.000000 1.000000
1.000000 1.000000 1.000000 1.000000
1.000000 1.000000 1.000000 1.000000
1.000000 1.000000 1.000000 1.000000
1.000000 1.000000 1.000000 1.000000
1.000000 1.000000 1.000000 1.000000
1.000000 1.000000 1.000000 1.000000
1.000000 1.000000 1.000000 1.000000
1.000000 1.000000 1.000000 1.000000
1.000000 1.000000 1.000000 1.000000
1.000000 1.000000 1.000000 1.000000
1.000000 1.000000 1.000000 1.000000
1.000000 1.000000 1.000000 1.000000
1.000000 1.000000 1.000000 1.000000
1.000000 1.000000 1.000000 1.000000
1.000000 1.000000 1.000000 1.000000
1.000000 1.000000 1.000000 1.000000
1.000000 1.000000 1.000000 1.000000
1.000000 1.000000 1.000000 1.000000
1.000000 1.000000 1.000000 1.000000
1.000000 1.000000 1.000000 1.000000
1.000000 1.000000 1.000000 1.000000
1.000000 1.000000 1.000000 1.000000
1.000000 1.000000 1.000000 1.000000
1.000000 1.000000 1.000000 1.000000
1.000000 1.000000 1.000000 1.000000
1.000000 1.000000 1.000000 1.000000
1.000000 1.000000 1.000000 1.000000
1.000000 1.000000 1.000000 1.000000
1.000000 1.000000 1.000000 1.000000
1.000000 1.000000 1.000000 1.000000
1.000000 1.000000 1.000000 1.000000
1.000000 1.000000 1.000000 1.000000
1.000000 1.000000 1.000000 1.000000
1.000000 1.000000 1.000000 1.000000
1.000000 1.000000 1.000000 1.000000
1.000000 1.000000 1.000000 1.000000
1.000000 1.000000 1.000000 1.000000
1.000000 1.000000 1.000000 1.000000
1.000000 1.000000 1.000000 1.000000
1.000000 1.000000 1.000000 1.000000
1.000000 1.000000 1.000000 1.000000
1.000000 1.000000 1.000000 1.000000
1.000000 1.000000 1.000000 1.000000
1.000000 1.000000 1.000000 1.000000
1.000000 1.000000 1.000000 1.000000
1.000000 1.000000 1.000000 1.000000
1.000000 1.000000 1.000000 1.000000
1.000000 1.000000 1.000000 1.000000
1.000000 1.000000 1.000000 1.000000
1.000000 1.000000 1.000000 1.000000
1.000000 1.000000 1.000000 1.000000
1.000000 1.000000 1.000000 1.000000
1.000000 1.000000 1.000000 1.000000
1.000000 1.000000 1.000000 1.000000
1.000000 1.000000 1.000000 1.000000
1.000000 1.000000 1.000000 1.000000
1.000000 1.000000 1.000000 1.000000
1.000000 1.000000 1.000000 1.000000
1.000000 1.000000 1.000000 1.000000
1.000000 1.000000 1.000000 1.000000
1.000000 1.000000 1.000000 1.000000
1.000000 1.000000 1.000000 1.000000
1.000000 1.000000 1.000000 1.000000
1.000000 1.000000 1.000000 1.000000
1.000000 1.000000 1.000000 1.000000
1.000000 1.000000 1.000000 1.000000
1.000000 1.000000 1.000000 1.000000
1.000000 1.000000 1.000000 1.000000
1.000000 1.000000 1.000000 1.000000
1.000000 1.000000 1.000000 1.000000
1.000000 1.000000 1.000000 1.000000
1.000000 1.000000 1.000000 1.000000
1.000000 1.000000 1.000000 1.000000
1.000000 1.000000 1.000000 1.000000
1.000000 1.000000 1.000000 1.000000
1.000000 1.000000 1.000000 1.000000
1.000000 1.000000 1.000000 1.000000
1.000000 1.000000 1.000000 1.000000
1.000000 1.000000 1.000000 1.000000
1.000000 1.000000 1.000000 1.000000
1.000000 1.000000 1.000000 1.000000
1.000000 1.000000 1.000000 1.000000
1.000000 1.000000 1.000000 1.000000
1.000000 1.000000 1.000000 1.000000
1.000000 1.000000 1.000000 1.000000
1.000000 1.000000 1.000000 1.000000
1.000000 1.000000 1.000000 1.000000
1.000000 1.000000 1.000000 1.000000
1.000000 1.000000 1.000000 1.000000
1.000000 1.000000 1.000000 1.000000
1.000000 1.000000 1.000000 1.000000
1.000000 1.000000 1.000000 1.000000
1.000000 1.000000 1.000000 1.000000
1.000000 1.000000 1.000000 1.000000
1.000000 1.000000 1.000000 1.000000
1.000000 1.000000 1.000000 1.000000
1.000000 1.000000 1.000000 1.000000
1.000000 1.000000 1.000000 1.000000
1.000000 1.000000 1.000000 1.000000
1.000000 1.000000 1.000000 1.000000
1.000000 1.000000 1.000000 1.000000
1.000000 1.000000 1.000000 1.000000
1.000000 1.000000 1.000000 1.000000
1.000000 1.000000 1.000000 1.000000
1.000000 1.000000 1.000000 1.000000
1.000000 1.000000 1.000000 1.000000
1.000000 1.000000 1.000000 1.000000
1.000000 1.000000 1.000000 1.000000
1.000000 1.000000 1.000000 1.000000
1.000000 1.000000 1.000000 1.000000
1.000000 1.000000 1.000000 1.000000
1.000000 1.000000 1.000000 1.000000
1.000000 1.000000 1.000000 1.000000
1.000000 1.000000 1.000000 1.000000
1.000000 1.000000 1.000000 1.000000
1.000000 1.000000 1.000000 1.000000
1.000000 1.000000 1.000000 1.000000
1.000000 1.000000 1.000000 1.000000
1.000000 1.000000 1.000000 1.000000
1.000000 1.000000 1.000000 1.000000
1.000000 1.000000 1.000000 1.000000
1.000000 1.000000 1.000000 1.000000
1.000000 1.000000 1.000000 1.000000
1.000000 1.000000 1.000000 1.000000
1.000000 1.000000 1.000000 1.000000
1.000000 1.000000 1.000000 1.000000
1.000000 1.000000 1.000000 1.000000
1.000000 1.000000 1.000000 1.000000
1.000000 1.000000 1.000000 1.000000
1.000000 1.000000 1.000000 1.000000
1.000000 1.000000 1.000000 1.000000
1.000000 1.000000 1.000000 1.000000
1.000000 1.000000 1.000000 1.000000
1.000000 1.000000 1.000000 1.000000
1.000000 1.000000 1.000000 1.000000
1.000000 1.000000 1.000000 1.000000
1.000000 1.000000 1.000000 1.000000
1.000000 1.000000 1.000000 1.000000
1.000000 1.000000 1.000000 1.000000
1.000000 1.000000 1.000000 1.000000
1.000000 1.000000 1.000000 1.000000
1.000000 1.000000 1.000000 1.000000
1.000000 1.000000 1.000000 1.000000
1.000000 1.000000 1.000000 1.000000
1.000000 1.000000 1.000000 1.000000
1.000000 1.000000 1.000000 1.000000
1.000000 1.000000 1.000000 1.000000
1.000000 1.000000 1.000000 1.000000
1.000000 1.000000 1.000000 1.000000
1.000000 1.000000 1.000000 1.000000
1.000000 1.000000 1.000000 1.000000
1.000000 1.000000 1.000000 1.000000
1.000000 1.000000 1.000000 1.000000
1.000000 1.000000 1.000000 1.000000
1.000000 1.000000 1.000000 1.000000
1.000000 1.000000 1.000000 1.000000
1.000000 1.000000 1.000000 1.000000
1.000000 1.000000 1.000000 1.000000
1.000000 1.000000 1.000000 1.000000
1.000000 1.000000 1.000000 1.000000
1.000000 1.000000 1.000000 1.000000
1.000000 1.000000 1.000000 1.000000
1.000000 1.000000 1.000000 1.000000
1.000000 1.000000 1.000000 1.000000
1.000000 1.000000 1.000000 1.000000
1.000000 1.000000 1.000000 1.000000
1.000000 1.000000 1.000000 1.000000
1.000000 1.000000 1.000000 1.000000
1.000000 1.000000 1.000000 1.000000
1.000000 1.000000 1.000000 1.000000
1.000000 1.000000 1.000000 1.000000
1.000000 1.000000 1.000000 1.000000
1.000000 1.000000 1.000000 1.000000
1.000000 1.000000 1.000000 1.000000
1.000000 1.000000 1.000000 1.000000
1.000000 1.000000 1.000000 1.000000
1.000000 1.000000 1.000000 1.000000
1.000000 1.000000 1.000000 1.000000
1.000000 1.000000 1.000000 1.000000
1.000000 1.000000 1.000000 1.000000
1.000000 1.000000 1.000000 1.000000
1.000000 1.000000 1.000000 1.000000
1.000000 1.000000 1.000000 1.000000
1.000000 1.000000 1.000000 1.000000
1.000000 1.000000 1.000000 1.000000
1.000000 1.000000 1.000000 1.000000
1.000000 1.000000 1.000000 1.000000
1.000000 1.000000 1.000000 1.000000
1.000000 1.000000 1.000000 1.000000
1.000000 1.000000 1.000000 1.000000
1.000000 1.000000 1.000000 1.000000
1.000000 1.000000 1.000000 1.000000
1.000000 1.000000 1.000000 1.000000
1.000000 1.000000 1.000000 1.000000
1.000000 1.000000 1.000000 1.000000
1.000000 1.000000 1.000000 1.000000
1.000000 1.000000 1.000000 1.000000
1.000000 1.000000 1.000000 1.000000
1.000000 1.000000 1.000000 1.000000
1.000000 1.000000 1.000000 1.000000
1.000000 1.000000 1.000000 1.000000
1.000000 1.000000 1.000000 1.000000
1.000000 1.000000 1.000000 1.000000
1.000000 1.000000 1.000000 1.000000
1.000000 1.000000 1.000000 1.000000
1.000000 1.000000 1.000000 1.000000
1.000000 1.000000 1.000000 1.000000
1.000000 1.000000 1.000000 1.000000
1.000000 1.000000 1.000000 1.000000
1.000000 1.000000 1.000000 1.000000
1.000000 1.000000 1.000000 1.000000
1.000000 1.000000 1.000000 1.000000
1.000000 1.000000 1.000000 1.000000
1.000000 1.000000 1.000000 1.000000
1.000000 1.000000 1.000000 1.000000
1.000000 1.000000 1.000000 1.000000
1.000000 1.000000 1.000000 1.000000
1.000000 1.000000 1.000000 1.000000
1.000000 1.000000 1.000000 1.000000
1.000000 1.000000 1.000000 1.000000
1.000000 1.000000 1.000000 1.000000
1.000000 1.000000 1.000000 1.000000
1.000000 1.000000 1.000000 1.000000
1.000000 1.000000 1.000000 1.000000
1.000000 1.000000 1.000000 1.000000
1.000000 1.000000 1.000000 1.000000
1.000000 1.000000 1.000000 1.000000
1.000000 1.000000 1.000000 1.000000
1.000000 1.000000 1.000000 1.000000
1.000000 1.000000 1.000000 1.000000
1.000000 1.000000 1.000000 1.000000
1.000000 1.000000 1.000000 1.000000
1.000000 1.000000 1.000000 1.000000
1.000000 1.000000 1.000000 1.000000
1.000000 1.000000 1.000000 1.000000
1.000000 1.000000 1.000000 1.000000
1.000000 1.000000 1.000000 1.000000
1.000000 1.000000 1.000000 1.000000
1.000000 1.000000 1.000000 1.000000
1.000000 1.000000 1.000000 1.000000
1.000000 1.000000 1.000000 1.000000
1.000000 1.000000 1.000000 1.000000
1.000000 1.000000 1.000000 1.000000
1.000000 1.000000 1.000000 1.000000
1.000000 1.000000 1.000000 1.000000
1.000000 1.000000 1.000000 1.000000
1.000000 1.000000 1.000000 1.000000
1.000000 1.000000 1.000000 1.000000
1.000000 1.000000 1.000000 1.000000
1.000000 1.000000 1.000000 1.000000
1.000000 1.000000 1.000000 1.000000
1.000000 1.000000 1.000000 1.000000
1.000000 1.000000 1.000000 1.000000
1.000000 1.000000 1.000000 1.000000
1.000000 1.000000 1.000000 1.000000
1.000000 1.000000 1.000000 1.000000
1.000000 1.000000 1.000000 1.000000
1.000000 1.000000 1.000000 1.000000
1.000000 1.000000 1.000000 1.000000
1.000000 1.000000 1.000000 1.000000
1.000000 1.000000 1.000000 1.000000
1.000000 1.000000 1.000000 1.000000
1.000000 1.000000 1.000000 1.000000
1.000000 1.000000 1.000000 1.000000
1.000000 1.000000 1.000000 1.000000
1.000000 1.000000 1.000000 1.000000
1.000000 1.000000 1.000000 1.000000
1.000000 1.000000 1.000000 1.000000
1.000000 1.000000 1.000000 1.000000
1.000000 1.000000 1.000000 1.000000
1.000000 1.000000 1.000000 1.000000
1.000000 1.000000 1.000000 1.000000
1.000000 1.000000 1.000000 1.000000
1.000000 1.000000 1.000000 1.000000
1.000000 1.000000 1.000000 1.000000
1.000000 1.000000 1.000000 1.000000
1.000000 1.000000 1.000000 1.000000
1.000000 1.000000 1.000000 1.000000
1.000000 1.000000 1.000000 1.000000
1.000000 1.000000 1.000000 1.000000
1.000000 1.000000 1.000000 1.000000
1.000000 1.000000 1.000000 1.000000
1.000000 1.000000 1.000000 1.000000
1.000000 1.000000 1.000000 1.000000
1.000000 1.000000 1.000000 1.000000
1.000000 1.000000 1.000000 1.000000
1.000000 1.000000 1.000000 1.000000
1.000000 1.000000 1.000000 1.000000
1.000000 1.000000 1.000000 1.000000
1.000000 1.000000 1.000000 1.000000
1.000000 1.000000 1.000000 1.000000
1.000000 1.000000 1.000000 1.000000
1.000000 1.000000 1.000000 1.000000
1.000000 1.000000 1.000000 1.000000
1.000000 1.000000 1.000000 1.000000
1.000000 1.000000 1.000000 1.000000
1.000000 1.000000 1.000000 1.000000
1.000000 1.000000 1.000000 1.000000
1.000000 1.000000 1.000000 1.000000
1.000000 1.000000 1.000000 1.000000
1.000000 1.000000 1.000000 1.000000
1.000000 1.000000 1.000000 1.000000
1.000000 1.000000 1.000000 1.000000
1.000000 1.000000 1.000000 1.000000
1.000000 1.000000 1.000000 1.000000
1.000000 1.000000 1.000000 1.000000
1.000000 1.000000 1.000000 1.000000
1.000000 1.000000 1.000000 1.000000
1.000000 1.000000 1.000000 1.000000
1.000000 1.000000 1.000000 1.000000
1.000000 1.000000 1.000000 1.000000
1.000000 1.000000 1.000000 1.000000
1.000000 1.000000 1.000000 1.000000
1.000000 1.000000 1.000000 1.000000
1.000000 1.000000 1.000000 1.000000
1.000000 1.000000 1.000000 1.000000
1.000000 1.000000 1.000000 1.000000
1.000000 1.000000 1.000000 1.000000
1.000000 1.000000 1.000000 1.000000
1.000000 1.000000 1.000000 1.000000
1.000000 1.000000 1.000000 1.000000
1.000000 1.000000 1.000000 1.000000
1.000000 1.000000 1.000000 1.000000
1.000000 1.000000 1.000000 1.000000
1.000000 1.000000 1.000000 1.000000
1.000000 1.000000 1.000000 1.000000
1.000000 1.000000 1.000000 1.000000
1.000000 1.000000 1.000000 1.000000
1.000000 1.000000 1.000000 1.000000
1.000000 1.000000 1.000000 1.000000
1.000000 1.000000 1.000000 1.000000
1.000000 1.000000 1.000000 1.000000
1.000000 1.000000 1.000000 1.000000
1.000000 1.000000 1.000000 1.000000
1.000000 1.000000 1.000000 1.000000
1.000000 1.000000 1.000000 1.000000
1.000000 1.000000 1.000000 1.000000
1.000000 1.000000 1.000000 1.000000
1.000000 1.000000 1.000000 1.000000
1.000000 1.000000 1.000000 1.000000
1.000000 1.000000 1.000000 1.000000
1.000000 1.000000 1.000000 1.000000
1.000000 1.000000 1.000000 1.000000
1.000000 1.000000 1.000000 1.000000
1.000000 1.000000 1.000000 1.000000
1.000000 1.000000 1.000000 1.000000
1.000000 1.000000 1.000000 1.000000
1.000000 1.000000 1.000000 1.000000
1.000000 1.000000 1.000000 1.000000
1.000000 1.000000 1.000000 1.000000
1.000000 1.000000 1.000000 1.000000
1.000000 1.000000 1.000000 1.000000
1.000000 1.000000 1.000000 1.000000
1.000000 1.000000 1.000000 1.000000
1.000000 1.000000 1.000000 1.000000
1.000000 1.000000 1.000000 1.000000
1.000000 1.000000 1.000000 1.000000
1.000000 1.000000 1.000000 1.000000
1.000000 1.000000 1.000000 1.000000
1.000000 1.000000 1.000000 1.000000
1.000000 1.000000 1.000000 1.000000
1.000000 1.000000 1.000000 1.000000
1.000000 1.000000 1.000000 1.000000
1.000000 1.000000 1.000000 1.000000
1.000000 1.000000 1.000000 1.000000
1.000000 1.000000 1.000000 1.000000
1.000000 1.000000 1.000000 1.000000
1.000000 1.000000 1.000000 1.000000
1.000000 1.000000 1.000000 1.000000
1.000000 1.000000 1.000000 1.000000
1.000000 1.000000 1.000000 1.000000
1.000000 1.000000 1.000000 1.000000
1.000000 1.000000 1.000000 1.000000
1.000000 1.000000 1.000000 1.000000
1.000000 1.000000 1.000000 1.000000
1.000000 1.000000 1.000000 1.000000
1.000000 1.000000 1.000000 1.000000
1.000000 1.000000 1.000000 1.000000
1.000000 1.000000 1.000000 1.000000
1.000000 1.000000 1.000000 1.000000
1.000000 1.000000 1.000000 1.000000
1.000000 1.000000 1.000000 1.000000
1.000000 1.000000 1.000000 1.000000
1.000000 1.000000 1.000000 1.000000
1.000000 1.000000 1.000000 1.000000
1.000000 1.000000 1.000000 1.000000
1.000000 1.000000 1.000000 1.000000
1.000000 1.000000 1.000000 1.000000
1.000000 1.000000 1.000000 1.000000
1.000000 1.000000 1.000000 1.000000
1.000000 1.000000 1.000000 1.000000
1.000000 1.000000 1.000000 1.000000
1.000000 1.000000 1.000000 1.000000
1.000000 1.000000 1.000000 1.000000
1.000000 1.000000 1.000000 1.000000
1.000000 1.000000 1.000000 1.000000
1.000000 1.000000 1.000000 1.000000
1.000000 1.000000 1.000000 1.000000
1.000000 1.000000 1.000000 1.000000
1.000000 1.000000 1.000000 1.000000
1.000000 1.000000 1.000000 1.000000
1.000000 1.000000 1.000000 1.000000
1.000000 1.000000 1.000000 1.000000
1.000000 1.000000 1.000000 1.000000
1.000000 1.000000 1.000000 1.000000
1.000000 1.000000 1.000000 1.000000
1.000000 1.000000 1.000000 1.000000
1.000000 1.000000 1.000000 1.000000
1.000000 1.000000 1.000000 1.000000
1.000000 1.000000 1.000000 1.000000
1.000000 1.000000 1.000000 1.000000
1.000000 1.000000 1.000000 1.000000
1.000000 1.000000 1.000000 1.000000
1.000000 1.000000 1.000000 1.000000
1.000000 1.000000 1.000000 1.000000
1.000000 1.000000 1.000000 1.000000
1.000000 1.000000 1.000000 1.000000
1.000000 1.000000 1.000000 1.000000
1.000000 1.000000 1.000000 1.000000
1.000000 1.000000 1.000000 1.000000
1.000000 1.000000 1.000000 1.000000
1.000000 1.000000 1.000000 1.000000
1.000000 1.000000 1.000000 1.000000
1.000000 1.000000 1.000000 1.000000
1.000000 1.000000 1.000000 1.000000
1.000000 1.000000 1.000000 1.000000
1.000000 1.000000 1.000000 1.000000
1.000000 1.000000 1.000000 1.000000
1.000000 1.000000 1.000000 1.000000
1.000000 1.000000 1.000000 1.000000
1.000000 1.000000 1.000000 1.000000
1.000000 1.000000 1.000000 1.000000
1.000000 1.000000 1.000000 1.000000
1.000000 1.000000 1.000000 1.000000
1.000000 1.000000 1.000000 1.000000
1.000000 1.000000 1.000000 1.000000
1.000000 1.000000 1.000000 1.000000
1.000000 1.000000 1.000000 1.000000
1.000000 1.000000 1.000000 1.000000
1.000000 1.000000 1.000000 1.000000
1.000000 1.000000 1.000000 1.000000
1.000000 1.000000 1.000000 1.000000
1.000000 1.000000 1.000000 1.000000
1.000000 1.000000 1.000000 1.000000
1.000000 1.000000 1.000000 1.000000
1.000000 1.000000 1.000000 1.000000
1.000000 1.000000 1.000000 1.000000
1.000000 1.000000 1.000000 1.000000
1.000000 1.000000 1.000000 1.000000
1.000000 1.000000 1.000000 1.000000
1.000000 1.000000 1.000000 1.000000
1.000000 1.000000 1.000000 1.000000
1.000000 1.000000 1.000000 1.000000
1.000000 1.000000 1.000000 1.000000
1.000000 1.000000 1.000000 1.000000
1.000000 1.000000 1.000000 1.000000
1.000000 1.000000 1.000000 1.000000
1.000000 1.000000 1.000000 1.000000
1.000000 1.000000 1.000000 1.000000
1.000000 1.000000 1.000000 1.000000
1.000000 1.000000 1.000000 1.000000
1.000000 1.000000 1.000000 1.000000
1.000000 1.000000 1.000000 1.000000
1.000000 1.000000 1.000000 1.000000
1.000000 1.000000 1.000000 1.000000
1.000000 1.000000 1.000000 1.000000
1.000000 1.000000 1.000000 1.000000
1.000000 1.000000 1.000000 1.000000
1.000000 1.000000 1.000000 1.000000
1.000000 1.000000 1.000000 1.000000
1.000000 1.000000 1.000000 1.000000
1.000000 1.000000 1.000000 1.000000
1.000000 1.000000 1.000000 1.000000
1.000000 1.000000 1.000000 1.000000
1.000000 1.000000 1.000000 1.000000
1.000000 1.000000 1.000000 1.000000
1.000000 1.000000 1.000000 1.000000
1.000000 1.000000 1.000000 1.000000
1.000000 1.000000 1.000000 1.000000
1.000000 1.000000 1.000000 1.000000
1.000000 1.000000 1.000000 1.000000
1.000000 1.000000 1.000000 1.000000
1.000000 1.000000 1.000000 1.000000
1.000000 1.000000 1.000000 1.000000
1.000000 1.000000 1.000000 1.000000
1.000000 1.000000 1.000000 1.000000
1.000000 1.000000 1.000000 1.000000
1.000000 1.000000 1.000000 1.000000
1.000000 1.000000 1.000000 1.000000
1.000000 1.000000 1.000000 1.000000
1.000000 1.000000 1.000000 1.000000
1.000000 1.000000 1.000000 1.000000
1.000000 1.000000 1.000000 1.000000
1.000000 1.000000 1.000000 1.000000
1.000000 1.000000 1.000000 1.000000
1.000000 1.000000 1.000000 1.000000
1.000000 1.000000 1.000000 1.000000
1.000000 1.000000 1.000000 1.000000
1.000000 1.000000 1.000000 1.000000
1.000000 1.000000 1.000000 1.000000
1.000000 1.000000 1.000000 1.000000
1.000000 1.000000 1.000000 1.000000
1.000000 1.000000 1.000000 1.000000
1.000000 1.000000 1.000000 1.000000
1.000000 1.000000 1.000000 1.000000
1.000000 1.000000 1.000000 1.000000
1.000000 1.000000 1.000000 1.000000
1.000000 1.000000 1.000000 1.000000
1.000000 1.000000 1.000000 1.000000
1.000000 1.000000 1.000000 1.000000
1.000000 1.000000 1.000000 1.000000
1.000000 1.000000 1.000000 1.000000
1.000000 1.000000 1.000000 1.000000
1.000000 1.000000 1.000000 1.000000
1.000000 1.000000 1.000000 1.000000
1.000000 1.000000 1.000000 1.000000
1.000000 1.000000 1.000000 1.000000
1.000000 1.000000 1.000000 1.000000
1.000000 1.000000 1.000000 1.000000
1.000000 1.000000 1.000000 1.000000
1.000000 1.000000 1.000000 1.000000
1.000000 1.000000 1.000000 1.000000
1.000000 1.000000 1.000000 1.000000
1.000000 1.000000 1.000000 1.000000
1.000000 1.000000 1.000000 1.000000
1.000000 1.000000 1.000000 1.000000
1.000000 1.000000 1.000000 1.000000
1.000000 1.000000 1.000000 1.000000
1.000000 1.000000 1.000000 1.000000
1.000000 1.000000 1.000000 1.000000
1.000000 1.000000 1.000000 1.000000
1.000000 1.000000 1.000000 1.000000
1.000000 1.000000 1.000000 1.000000
1.000000 1.000000 1.000000 1.000000
1.000000 1.000000 1.000000 1.000000
1.000000 1.000000 1.000000 1.000000
1.000000 1.000000 1.000000 1.000000
1.000000 1.000000 1.000000 1.000000
1.000000 1.000000 1.000000 1.000000
1.000000 1.000000 1.000000 1.000000
1.000000 1.000000 1.000000 1.000000
1.000000 1.000000 1.000000 1.000000
1.000000 1.000000 1.000000 1.000000
1.000000 1.000000 1.000000 1.000000
1.000000 1.000000 1.000000 1.000000
1.000000 1.000000 1.000000 1.000000
1.000000 1.000000 1.000000 1.000000
1.000000 1.000000 1.000000 1.000000
1.000000 1.000000 1.000000 1.000000
1.000000 1.000000 1.000000 1.000000
1.000000 1.000000 1.000000 1.000000
1.000000 1.000000 1.000000 1.000000
1.000000 1.000000 1.000000 1.000000
1.000000 1.000000 1.000000 1.000000
1.000000 1.000000 1.000000 1.000000
1.000000 1.000000 1.000000 1.000000
1.000000 1.000000 1.000000 1.000000
1.000000 1.000000 1.000000 1.000000
1.000000 1.000000 1.000000 1.000000
1.000000 1.000000 1.000000 1.000000
1.000000 1.000000 1.000000 1.000000
1.000000 1.000000 1.000000 1.000000
1.000000 1.000000 1.000000 1.000000
1.000000 1.000000 1.000000 1.000000
1.000000 1.000000 1.000000 1.000000
1.000000 1.000000 1.000000 1.000000
1.000000 1.000000 1.000000 1.000000
1.000000 1.000000 1.000000 1.000000
1.000000 1.000000 1.000000 1.000000
1.000000 1.000000 1.000000 1.000000
1.000000 1.000000 1.000000 1.000000
1.000000 1.000000 1.000000 1.000000
1.000000 1.000000 1.000000 1.000000
1.000000 1.000000 1.000000 1.000000
1.000000 1.000000 1.000000 1.000000
1.000000 1.000000 1.000000 1.000000
1.000000 1.000000 1.000000 1.000000
1.000000 1.000000 1.000000 1.000000
1.000000 1.000000 1.000000 1.000000
1.000000 1.000000 1.000000 1.000000
1.000000 1.000000 1.000000 1.000000
1.000000 1.000000 1.000000 1.000000
1.000000 1.000000 1.000000 1.000000
1.000000 1.000000 1.000000 1.000000
1.000000 1.000000 1.000000 1.000000
1.000000 1.000000 1.000000 1.000000
1.000000 1.000000 1.000000 1.000000
1.000000 1.000000 1.000000 1.000000
1.000000 1.000000 1.000000 1.000000
1.000000 1.000000 1.000000 1.000000
1.000000 1.000000 1.000000 1.000000
1.000000 1.000000 1.000000 1.000000
1.000000 1.000000 1.000000 1.000000
1.000000 1.000000 1.000000 1.000000
1.000000 1.000000 1.000000 1.000000
1.000000 1.000000 1.000000 1.000000
1.000000 1.000000 1.000000 1.000000
1.000000 1.000000 1.000000 1.000000
1.000000 1.000000 1.000000 1.000000
1.000000 1.000000 1.000000 1.000000
1.000000 1.000000 1.000000 1.000000
1.000000 1.000000 1.000000 1.000000
1.000000 1.000000 1.000000 1.000000
1.000000 1.000000 1.000000 1.000000
1.000000 1.000000 1.000000 1.000000
1.000000 1.000000 1.000000 1.000000
1.000000 1.000000 1.000000 1.000000
1.000000 1.000000 1.000000 1.000000
1.000000 1.000000 1.000000 1.000000
1.000000 1.000000 1.000000 1.000000
1.000000 1.000000 1.000000 1.000000
1.000000 1.000000 1.000000 1.000000
1.000000 1.000000 1.000000 1.000000
1.000000 1.000000 1.000000 1.000000
1.000000 1.000000 1.000000 1.000000
1.000000 1.000000 1.000000 1.000000
1.000000 1.000000 1.000000 1.000000
1.000000 1.000000 1.000000 1.000000
1.000000 1.000000 1.000000 1.000000
1.000000 1.000000 1.000000 1.000000
1.000000 1.000000 1.000000 1.000000
1.000000 1.000000 1.000000 1.000000
1.000000 1.000000 1.000000 1.000000
1.000000 1.000000 1.000000 1.000000
1.000000 1.000000 1.000000 1.000000
1.000000 1.000000 1.000000 1.000000
1.000000 1.000000 1.000000 1.000000
1.000000 1.000000 1.000000 1.000000
1.000000 1.000000 1.000000 1.000000
1.000000 1.000000 1.000000 1.000000
1.000000 1.000000 1.000000 1.000000
1.000000 1.000000 1.000000 1.000000
1.000000 1.000000 1.000000 1.000000
1.000000 1.000000 1.000000 1.000000
1.000000 1.000000 1.000000 1.000000
1.000000 1.000000 1.000000 1.000000
1.000000 1.000000 1.000000 1.000000
1.000000 1.000000 1.000000 1.000000
1.000000 1.000000 1.000000 1.000000
1.000000 1.000000 1.000000 1.000000
1.000000 1.000000 1.000000 1.000000
1.000000 1.000000 1.000000 1.000000
1.000000 1.000000 1.000000 1.000000
1.000000 1.000000 1.000000 1.000000
1.000000 1.000000 1.000000 1.000000
1.000000 1.000000 1.000000 1.000000
1.000000 1.000000 1.000000 1.000000
1.000000 1.000000 1.000000 1.000000
1.000000 1.000000 1.000000 1.000000
1.000000 1.000000 1.000000 1.000000
1.000000 1.000000 1.000000 1.000000
1.000000 1.000000 1.000000 1.000000
1.000000 1.000000 1.000000 1.000000
1.000000 1.000000 1.000000 1.000000
1.000000 1.000000 1.000000 1.000000
1.000000 1.000000 1.000000 1.000000
1.000000 1.000000 1.000000 1.000000
1.000000 1.000000 1.000000 1.000000
1.000000 1.000000 1.000000 1.000000
1.000000 1.000000 1.000000 1.000000
1.000000 1.000000 1.000000 1.000000
1.000000 1.000000 1.000000 1.000000
1.000000 1.000000 1.000000 1.000000
1.000000 1.000000 1.000000 1.000000
1.000000 1.000000 1.000000 1.000000
1.000000 1.000000 1.000000 1.000000
1.000000 1.000000 1.000000 1.000000
1.000000 1.000000 1.000000 1.000000
1.000000 1.000000 1.000000 1.000000
1.000000 1.000000 1.000000 1.000000
1.000000 1.000000 1.000000 1.000000
1.000000 1.000000 1.000000 1.000000
1.000000 1.000000 1.000000 1.000000
1.000000 1.000000 1.000000 1.000000
1.000000 1.000000 1.000000 1.000000
1.000000 1.000000 1.000000 1.000000
1.000000 1.000000 1.000000 1.000000
1.000000 1.000000 1.000000 1.000000
1.000000 1.000000 1.000000 1.000000
1.000000 1.000000 1.000000 1.000000
1.000000 1.000000 1.000000 1.000000
1.000000 1.000000 1.000000 1.000000
1.000000 1.000000 1.000000 1.000000
1.000000 1.000000 1.000000 1.000000
1.000000 1.000000 1.000000 1.000000
1.000000 1.000000 1.000000 1.000000
1.000000 1.000000 1.000000 1.000000
1.000000 1.000000 1.000000 1.000000
1.000000 1.000000 1.000000 1.000000
1.000000 1.000000 1.000000 1.000000
1.000000 1.000000 1.000000 1.000000
1.000000 1.000000 1.000000 1.000000
1.000000 1.000000 1.000000 1.000000
1.000000 1.000000 1.000000 1.000000
1.000000 1.000000 1.000000 1.000000
1.000000 1.000000 1.000000 1.000000
1.000000 1.000000 1.000000 1.000000
1.000000 1.000000 1.000000 1.000000
1.000000 1.000000 1.000000 1.000000
1.000000 1.000000 1.000000 1.000000
1.000000 1.000000 1.000000 1.000000
1.000000 1.000000 1.000000 1.000000
1.000000 1.000000 1.000000 1.000000
1.000000 1.000000 1.000000 1.000000
1.000000 1.000000 1.000000 1.000000
1.000000 1.000000 1.000000 1.000000
1.000000 1.000000 1.000000 1.000000
1.000000 1.000000 1.000000 1.000000
1.000000 1.000000 1.000000 1.000000
1.000000 1.000000 1.000000 1.000000
1.000000 1.000000 1.000000 1.000000
1.000000 1.000000 1.000000 1.000000
1.000000 1.000000 1.000000 1.000000
1.000000 1.000000 1.000000 1.000000
1.000000 1.000000 1.000000 1.000000
1.000000 1.000000 1.000000 1.000000
1.000000 1.000000 1.000000 1.000000
1.000000 1.000000 1.000000 1.000000
1.000000 1.000000 1.000000 1.000000
1.000000 1.000000 1.000000 1.000000
1.000000 1.000000 1.000000 1.000000
1.000000 1.000000 1.000000 1.000000
1.000000 1.000000 1.000000 1.000000
1.000000 1.000000 1.000000 1.000000
1.000000 1.000000 1.000000 1.000000
1.000000 1.000000 1.000000 1.000000
1.000000 1.000000 1.000000 1.000000
1.000000 1.000000 1.000000 1.000000
1.000000 1.000000 1.000000 1.000000
1.000000 1.000000 1.000000 1.000000
1.000000 1.000000 1.000000 1.000000
1.000000 1.000000 1.000000 1.000000
1.000000 1.000000 1.000000 1.000000
1.000000 1.000000 1.000000 1.000000
1.000000 1.000000 1.000000 1.000000
1.000000 1.000000 1.000000 1.000000
1.000000 1.000000 1.000000 1.000000
1.000000 1.000000 1.000000 1.000000
1.000000 1.000000 1.000000 1.000000
1.000000 1.000000 1.000000 1.000000
1.000000 1.000000 1.000000 1.000000
1.000000 1.000000 1.000000 1.000000
1.000000 1.000000 1.000000 1.000000
1.000000 1.000000 1.000000 1.000000
1.000000 1.000000 1.000000 1.000000
1.000000 1.000000 1.000000 1.000000
1.000000 1.000000 1.000000 1.000000
1.000000 1.000000 1.000000 1.000000
1.000000 1.000000 1.000000 1.000000
1.000000 1.000000 1.000000 1.000000
1.000000 1.000000 1.000000 1.000000
1.000000 1.000000 1.000000 1.000000
1.000000 1.000000 1.000000 1.000000
1.000000 1.000000 1.000000 1.000000
1.000000 1.000000 1.000000 1.000000
1.000000 1.000000 1.000000 1.000000
1.000000 1.000000 1.000000 1.000000
1.000000 1.000000 1.000000 1.000000
1.000000 1.000000 1.000000 1.000000
1.000000 1.000000 1.000000 1.000000
1.000000 1.000000 1.000000 1.000000
1.000000 1.000000 1.000000 1.000000
1.000000 1.000000 1.000000 1.000000
1.000000 1.000000 1.000000 1.000000
1.000000 1.000000 1.000000 1.000000
1.000000 1.000000 1.000000 1.000000
1.000000 1.000000 1.000000 1.000000
1.000000 1.000000 1.000000 1.000000
1.000000 1.000000 1.000000 1.000000
1.000000 1.000000 1.000000 1.000000
1.000000 1.000000 1.000000 1.000000
1.000000 1.000000 1.000000 1.000000
1.000000 1.000000 1.000000 1.000000
1.000000 1.000000 1.000000 1.000000
1.000000 1.000000 1.000000 1.000000
1.000000 1.000000 1.000000 1.000000
1.000000 1.000000 1.000000 1.000000
1.000000 1.000000 1.000000 1.000000
1.000000 1.000000 1.000000 1.000000
1.000000 1.000000 1.000000 1.000000
1.000000 1.000000 1.000000 1.000000
1.000000 1.000000 1.000000 1.000000
1.000000 1.000000 1.000000 1.000000
1.000000 1.000000 1.000000 1.000000
1.000000 1.000000 1.000000 1.000000
1.000000 1.000000 1.000000 1.000000
1.000000 1.000000 1.000000 1.000000
1.000000 1.000000 1.000000 1.000000
1.000000 1.000000 1.000000 1.000000
1.000000 1.000000 1.000000 1.000000
1.000000 1.000000 1.000000 1.000000
1.000000 1.000000 1.000000 1.000000
1.000000 1.000000 1.000000 1.000000
1.000000 1.000000 1.000000 1.000000
1.000000 1.000000 1.000000 1.000000
1.000000 1.000000 1.000000 1.000000
1.000000 1.000000 1.000000 1.000000
1.000000 1.000000 1.000000 1.000000
1.000000 1.000000 1.000000 1.000000
1.000000 1.000000 1.000000 1.000000
1.000000 1.000000 1.000000 1.000000
1.000000 1.000000 1.000000 1.000000
1.000000 1.000000 1.000000 1.000000
1.000000 1.000000 1.000000 1.000000
1.000000 1.000000 1.000000 1.000000
1.000000 1.000000 1.000000 1.000000
1.000000 1.000000 1.000000 1.000000
1.000000 1.000000 1.000000 1.000000
1.000000 1.000000 1.000000 1.000000
1.000000 1.000000 1.000000 1.000000
1.000000 1.000000 1.000000 1.000000
1.000000 1.000000 1.000000 1.000000
1.000000 1.000000 1.000000 1.000000
1.000000 1.000000 1.000000 1.000000
1.000000 1.000000 1.000000 1.000000
1.000000 1.000000 1.000000 1.000000
1.000000 1.000000 1.000000 1.000000
1.000000 1.000000 1.000000 1.000000
1.000000 1.000000 1.000000 1.000000
1.000000 1.000000 1.000000 1.000000
1.000000 1.000000 1.000000 1.000000
1.000000 1.000000 1.000000 1.000000
1.000000 1.000000 1.000000 1.000000
1.000000 1.000000 1.000000 1.000000
1.000000 1.000000 1.000000 1.000000
1.000000 1.000000 1.000000 1.000000
1.000000 1.000000 1.000000 1.000000
1.000000 1.000000 1.000000 1.000000
1.000000 1.000000 1.000000 1.000000
1.000000 1.000000 1.000000 1.000000
1.000000 1.000000 1.000000 1.000000
1.000000 1.000000 1.000000 1.000000
1.000000 1.000000 1.000000 1.000000
1.000000 1.000000 1.000000 1.000000
1.000000 1.000000 1.000000 1.000000
1.000000 1.000000 1.000000 1.000000
1.000000 1.000000 1.000000 1.000000
1.000000 1.000000 1.000000 1.000000
1.000000 1.000000 1.000000 1.000000
1.000000 1.000000 1.000000 1.000000
1.000000 1.000000 1.000000 1.000000
1.000000 1.000000 1.000000 1.000000
1.000000 1.000000 1.000000 1.000000
1.000000 1.000000 1.000000 1.000000
1.000000 1.000000 1.000000 1.000000
1.000000 1.000000 1.000000 1.000000
1.000000 1.000000 1.000000 1.000000
1.000000 1.000000 1.000000 1.000000
1.000000 1.000000 1.000000 1.000000
1.000000 1.000000 1.000000 1.000000
1.000000 1.000000 1.000000 1.000000
1.000000 1.000000 1.000000 1.000000
1.000000 1.000000 1.000000 1.000000
1.000000 1.000000 1.000000 1.000000
1.000000 1.000000 1.000000 1.000000
1.000000 1.000000 1.000000 1.000000
1.000000 1.000000 1.000000 1.000000
1.000000 1.000000 1.000000 1.000000
1.000000 1.000000 1.000000 1.000000
1.000000 1.000000 1.000000 1.000000
1.000000 1.000000 1.000000 1.000000
1.000000 1.000000 1.000000 1.000000
1.000000 1.000000 1.000000 1.000000
1.000000 1.000000 1.000000 1.000000
1.000000 1.000000 1.000000 1.000000
1.000000 1.000000 1.000000 1.000000
1.000000 1.000000 1.000000 1.000000
1.000000 1.000000 1.000000 1.000000
1.000000 1.000000 1.000000 1.000000
1.000000 1.000000 1.000000 1.000000
1.000000 1.000000 1.000000 1.000000
1.000000 1.000000 1.000000 1.000000
1.000000 1.000000 1.000000 1.000000
1.000000 1.000000 1.000000 1.000000
1.000000 1.000000 1.000000 1.000000
1.000000 1.000000 1.000000 1.000000
1.000000 1.000000 1.000000 1.000000
1.000000 1.000000 1.000000 1.000000
1.000000 1.000000 1.000000 1.000000
1.000000 1.000000 1.000000 1.000000
1.000000 1.000000 1.000000 1.000000
1.000000 1.000000 1.000000 1.000000
1.000000 1.000000 1.000000 1.000000
1.000000 1.000000 1.000000 1.000000
1.000000 1.000000 1.000000 1.000000
1.000000 1.000000 1.000000 1.000000
1.000000 1.000000 1.000000 1.000000
1.000000 1.000000 1.000000 1.000000
1.000000 1.000000 1.000000 1.000000
1.000000 1.000000 1.000000 1.000000
1.000000 1.000000 1.000000 1.000000
1.000000 1.000000 1.000000 1.000000
1.000000 1.000000 1.000000 1.000000
1.000000 1.000000 1.000000 1.000000
1.000000 1.000000 1.000000 1.000000
1.000000 1.000000 1.000000 1.000000
1.000000 1.000000 1.000000 1.000000
1.000000 1.000000 1.000000 1.000000
1.000000 1.000000 1.000000 1.000000
1.000000 1.000000 1.000000 1.000000
1.000000 1.000000 1.000000 1.000000
1.000000 1.000000 1.000000 1.000000
1.000000 1.000000 1.000000 1.000000
1.000000 1.000000 1.000000 1.000000
1.000000 1.000000 1.000000 1.000000
1.000000 1.000000 1.000000 1.000000
1.000000 1.000000 1.000000 1.000000
1.000000 1.000000 1.000000 1.000000
1.000000 1.000000 1.000000 1.000000
1.000000 1.000000 1.000000 1.000000
1.000000 1.000000 1.000000 1.000000
1.000000 1.000000 1.000000 1.000000
1.000000 1.000000 1.000000 1.000000
1.000000 1.000000 1.000000 1.000000
1.000000 1.000000 1.000000 1.000000
1.000000 1.000000 1.000000 1.000000
1.000000 1.000000 1.000000 1.000000
1.000000 1.000000 1.000000 1.000000
1.000000 1.000000 1.000000 1.000000
1.000000 1.000000 1.000000 1.000000
1.000000 1.000000 1.000000 1.000000
1.000000 1.000000 1.000000 1.000000
1.000000 1.000000 1.000000 1.000000
1.000000 1.000000 1.000000 1.000000
1.000000 1.000000 1.000000 1.000000
1.000000 1.000000 1.000000 1.000000
1.000000 1.000000 1.000000 1.000000
1.000000 1.000000 1.000000 1.000000
1.000000 1.000000 1.000000 1.000000
1.000000 1.000000 1.000000 1.000000
1.000000 1.000000 1.000000 1.000000
1.000000 1.000000 1.000000 1.000000
1.000000 1.000000 1.000000 1.000000
1.000000 1.000000 1.000000 1.000000
1.000000 1.000000 1.000000 1.000000
1.000000 1.000000 1.000000 1.000000
1.000000 1.000000 1.000000 1.000000
1.000000 1.000000 1.000000 1.000000
1.000000 1.000000 1.000000 1.000000
1.000000 1.000000 1.000000 1.000000
1.000000 1.000000 1.000000 1.000000
1.000000 1.000000 1.000000 1.000000
1.000000 1.000000 1.000000 1.000000
1.000000 1.000000 1.000000 1.000000
1.000000 1.000000 1.000000 1.000000
1.000000 1.000000 1.000000 1.000000
1.000000 1.000000 1.000000 1.000000
1.000000 1.000000 1.000000 1.000000
1.000000 1.000000 1.000000 1.000000
1.000000 1.000000 1.000000 1.000000
1.000000 1.000000 1.000000 1.000000
1.000000 1.000000 1.000000 1.000000
1.000000 1.000000 1.000000 1.000000
1.000000 1.000000 1.000000 1.000000
1.000000 1.000000 1.000000 1.000000
1.000000 1.000000 1.000000 1.000000
1.000000 1.000000 1.000000 1.000000
1.000000 1.000000 1.000000 1.000000
1.000000 1.000000 1.000000 1.000000
1.000000 1.000000 1.000000 1.000000
1.000000 1.000000 1.000000 1.000000
1.000000 1.000000 1.000000 1.000000
1.000000 1.000000 1.000000 1.000000
1.000000 1.000000 1.000000 1.000000
1.000000 1.000000 1.000000 1.000000
1.000000 1.000000 1.000000 1.000000
1.000000 1.000000 1.000000 1.000000
1.000000 1.000000 1.000000 1.000000
1.000000 1.000000 1.000000 1.000000
1.000000 1.000000 1.000000 1.000000
1.000000 1.000000 1.000000 1.000000
1.000000 1.000000 1.000000 1.000000
1.000000 1.000000 1.000000 1.000000
1.000000 1.000000 1.000000 1.000000
1.000000 1.000000 1.000000 1.000000
1.000000 1.000000 1.000000 1.000000
1.000000 1.000000 1.000000 1.000000
1.000000 1.000000 1.000000 1.000000
1.000000 1.000000 1.000000 1.000000
1.000000 1.000000 1.000000 1.000000
1.000000 1.000000 1.000000 1.000000
1.000000 1.000000 1.000000 1.000000
1.000000 1.000000 1.000000 1.000000
1.000000 1.000000 1.000000 1.000000
1.000000 1.000000 1.000000 1.000000
1.000000 1.000000 1.000000 1.000000
1.000000 1.000000 1.000000 1.000000
1.000000 1.000000 1.000000 1.000000
1.000000 1.000000 1.000000 1.000000
1.000000 1.000000 1.000000 1.000000
1.000000 1.000000 1.000000 1.000000
1.000000 1.000000 1.000000 1.000000
1.000000 1.000000 1.000000 1.000000
1.000000 1.000000 1.000000 1.000000
1.000000 1.000000 1.000000 1.000000
1.000000 1.000000 1.000000 1.000000
1.000000 1.000000 1.000000 1.000000
1.000000 1.000000 1.000000 1.000000
1.000000 1.000000 1.000000 1.000000
1.000000 1.000000 1.000000 1.000000
1.000000 1.000000 1.000000 1.000000
1.000000 1.000000 1.000000 1.000000
1.000000 1.000000 1.000000 1.000000
1.000000 1.000000 1.000000 1.000000
1.000000 1.000000 1.000000 1.000000
1.000000 1.000000 1.000000 1.000000
1.000000 1.000000 1.000000 1.000000
1.000000 1.000000 1.000000 1.000000
1.000000 1.000000 1.000000 1.000000
1.000000 1.000000 1.000000 1.000000
1.000000 1.000000 1.000000 1.000000
1.000000 1.000000 1.000000 1.000000
1.000000 1.000000 1.000000 1.000000
1.000000 1.000000 1.000000 1.000000
1.000000 1.000000 1.000000 1.000000
1.000000 1.000000 1.000000 1.000000
1.000000 1.000000 1.000000 1.000000
1.000000 1.000000 1.000000 1.000000
1.000000 1.000000 1.000000 1.000000
1.000000 1.000000 1.000000 1.000000
1.000000 1.000000 1.000000 1.000000
1.000000 1.000000 1.000000 1.000000
1.000000 1.000000 1.000000 1.000000
1.000000 1.000000 1.000000 1.000000
1.000000 1.000000 1.000000 1.000000
1.000000 1.000000 1.000000 1.000000
1.000000 1.000000 1.000000 1.000000
1.000000 1.000000 1.000000 1.000000
1.000000 1.000000 1.000000 1.000000
1.000000 1.000000 1.000000 1.000000
1.000000 1.000000 1.000000 1.000000
1.000000 1.000000 1.000000 1.000000
1.000000 1.000000 1.000000 1.000000
1.000000 1.000000 1.000000 1.000000
1.000000 1.000000 1.000000 1.000000
1.000000 1.000000 1.000000 1.000000
1.000000 1.000000 1.000000 1.000000
1.000000 1.000000 1.000000 1.000000
1.000000 1.000000 1.000000 1.000000
1.000000 1.000000 1.000000 1.000000
1.000000 1.000000 1.000000 1.000000
1.000000 1.000000 1.000000 1.000000
1.000000 1.000000 1.000000 1.000000
1.000000 1.000000 1.000000 1.000000
1.000000 1.000000 1.000000 1.000000
1.000000 1.000000 1.000000 1.000000
1.000000 1.000000 1.000000 1.000000
1.000000 1.000000 1.000000 1.000000
1.000000 1.000000 1.000000 1.000000
1.000000 1.000000 1.000000 1.000000
1.000000 1.000000 1.000000 1.000000
1.000000 1.000000 1.000000 1.000000
1.000000 1.000000 1.000000 1.000000
1.000000 1.000000 1.000000 1.000000
1.000000 1.000000 1.000000 1.000000
1.000000 1.000000 1.000000 1.000000
1.000000 1.000000 1.000000 1.000000
1.000000 1.000000 1.000000 1.000000
1.000000 1.000000 1.000000 1.000000
1.000000 1.000000 1.000000 1.000000
1.000000 1.000000 1.000000 1.000000
1.000000 1.000000 1.000000 1.000000
1.000000 1.000000 1.000000 1.000000
1.000000 1.000000 1.000000 1.000000
1.000000 1.000000 1.000000 1.000000
1.000000 1.000000 1.000000 1.000000
1.000000 1.000000 1.000000 1.000000
1.000000 1.000000 1.000000 1.000000
1.000000 1.000000 1.000000 1.000000
1.000000 1.000000 1.000000 1.000000
1.000000 1.000000 1.000000 1.000000
1.000000 1.000000 1.000000 1.000000
1.000000 1.000000 1.000000 1.000000
1.000000 1.000000 1.000000 1.000000
1.000000 1.000000 1.000000 1.000000
1.000000 1.000000 1.000000 1.000000
1.000000 1.000000 1.000000 1.000000
1.000000 1.000000 1.000000 1.000000
1.000000 1.000000 1.000000 1.000000
1.000000 1.000000 1.000000 1.000000
1.000000 1.000000 1.000000 1.000000
1.000000 1.000000 1.000000 1.000000
1.000000 1.000000 1.000000 1.000000
1.000000 1.000000 1.000000 1.000000
1.000000 1.000000 1.000000 1.000000
1.000000 1.000000 1.000000 1.000000
1.000000 1.000000 1.000000 1.000000
1.000000 1.000000 1.000000 1.000000
1.000000 1.000000 1.000000 1.000000
1.000000 1.000000 1.000000 1.000000
1.000000 1.000000 1.000000 1.000000
1.000000 1.000000 1.000000 1.000000
1.000000 1.000000 1.000000 1.000000
1.000000 1.000000 1.000000 1.000000
1.000000 1.000000 1.000000 1.000000
1.000000 1.000000 1.000000 1.000000
1.000000 1.000000 1.000000 1.000000
1.000000 1.000000 1.000000 1.000000
1.000000 1.000000 1.000000 1.000000
1.000000 1.000000 1.000000 1.000000
1.000000 1.000000 1.000000 1.000000
1.000000 1.000000 1.000000 1.000000
1.000000 1.000000 1.000000 1.000000
1.000000 1.000000 1.000000 1.000000
1.000000 1.000000 1.000000 1.000000
1.000000 1.000000 1.000000 1.000000
1.000000 1.000000 1.000000 1.000000
1.000000 1.000000 1.000000 1.000000
1.000000 1.000000 1.000000 1.000000
1.000000 1.000000 1.000000 1.000000
1.000000 1.000000 1.000000 1.000000
1.000000 1.000000 1.000000 1.000000
1.000000 1.000000 1.000000 1.000000
1.000000 1.000000 1.000000 1.000000
1.000000 1.000000 1.000000 1.000000
1.000000 1.000000 1.000000 1.000000
1.000000 1.000000 1.000000 1.000000
1.000000 1.000000 1.000000 1.000000
1.000000 1.000000 1.000000 1.000000
1.000000 1.000000 1.000000 1.000000
1.000000 1.000000 1.000000 1.000000
1.000000 1.000000 1.000000 1.000000
1.000000 1.000000 1.000000 1.000000
1.000000 1.000000 1.000000 1.000000
1.000000 1.000000 1.000000 1.000000
1.000000 1.000000 1.000000 1.000000
1.000000 1.000000 1.000000 1.000000
1.000000 1.000000 1.000000 1.000000
1.000000 1.000000 1.000000 1.000000
1.000000 1.000000 1.000000 1.000000
1.000000 1.000000 1.000000 1.000000
1.000000 1.000000 1.000000 1.000000
1.000000 1.000000 1.000000 1.000000
1.000000 1.000000 1.000000 1.000000
1.000000 1.000000 1.000000 1.000000
1.000000 1.000000 1.000000 1.000000
1.000000 1.000000 1.000000 1.000000
1.000000 1.000000 1.000000 1.000000
1.000000 1.000000 1.000000 1.000000
1.000000 1.000000 1.000000 1.000000
1.000000 1.000000 1.000000 1.000000
1.000000 1.000000 1.000000 1.000000
1.000000 1.000000 1.000000 1.000000
1.000000 1.000000 1.000000 1.000000
1.000000 1.000000 1.000000 1.000000
1.000000 1.000000 1.000000 1.000000
1.000000 1.000000 1.000000 1.000000
1.000000 1.000000 1.000000 1.000000
1.000000 1.000000 1.000000 1.000000
1.000000 1.000000 1.000000 1.000000
1.000000 1.000000 1.000000 1.000000
1.000000 1.000000 1.000000 1.000000
1.000000 1.000000 1.000000 1.000000
1.000000 1.000000 1.000000 1.000000
1.000000 1.000000 1.000000 1.000000
1.000000 1.000000 1.000000 1.000000
1.000000 1.000000 1.000000 1.000000
1.000000 1.000000 1.000000 1.000000
1.000000 1.000000 1.000000 1.000000
1.000000 1.000000 1.000000 1.000000
1.000000 1.000000 1.000000 1.000000
1.000000 1.000000 1.000000 1.000000
1.000000 1.000000 1.000000 1.000000
1.000000 1.000000 1.000000 1.000000
1.000000 1.000000 1.000000 1.000000
1.000000 1.000000 1.000000 1.000000
1.000000 1.000000 1.000000 1.000000
1.000000 1.000000 1.000000 1.000000
1.000000 1.000000 1.000000 1.000000
1.000000 1.000000 1.000000 1.000000
1.000000 1.000000 1.000000 1.000000
1.000000 1.000000 1.000000 1.000000
1.000000 1.000000 1.000000 1.000000
1.000000 1.000000 1.000000 1.000000
1.000000 1.000000 1.000000 1.000000
1.000000 1.000000 1.000000 1.000000
1.000000 1.000000 1.000000 1.000000
1.000000 1.000000 1.000000 1.000000
1.000000 1.000000 1.000000 1.000000
1.000000 1.000000 1.000000 1.000000
1.000000 1.000000 1.000000 1.000000
1.000000 1.000000 1.000000 1.000000
1.000000 1.000000 1.000000 1.000000
1.000000 1.000000 1.000000 1.000000
1.000000 1.000000 1.000000 1.000000
1.000000 1.000000 1.000000 1.000000
1.000000 1.000000 1.000000 1.000000
1.000000 1.000000 1.000000 1.000000
1.000000 1.000000 1.000000 1.000000
1.000000 1.000000 1.000000 1.000000
1.000000 1.000000 1.000000 1.000000
1.000000 1.000000 1.000000 1.000000
1.000000 1.000000 1.000000 1.000000
1.000000 1.000000 1.000000 1.000000
1.000000 1.000000 1.000000 1.000000
1.000000 1.000000 1.000000 1.000000
1.000000 1.000000 1.000000 1.000000
1.000000 1.000000 1.000000 1.000000
1.000000 1.000000 1.000000 1.000000
1.000000 1.000000 1.000000 1.000000
1.000000 1.000000 1.000000 1.000000
1.000000 1.000000 1.000000 1.000000
1.000000 1.000000 1.000000 1.000000
1.000000 1.000000 1.000000 1.000000
1.000000 1.000000 1.000000 1.000000
1.000000 1.000000 1.000000 1.000000
1.000000 1.000000 1.000000 1.000000
1.000000 1.000000 1.000000 1.000000
1.000000 1.000000 1.000000 1.000000
1.000000 1.000000 1.000000 1.000000
1.000000 1.000000 1.000000 1.000000
1.000000 1.000000 1.000000 1.000000
1.000000 1.000000 1.000000 1.000000
1.000000 1.000000 1.000000 1.000000
1.000000 1.000000 1.000000 1.000000
1.000000 1.000000 1.000000 1.000000
1.000000 1.000000 1.000000 1.000000
1.000000 1.000000 1.000000 1.000000
1.000000 1.000000 1.000000 1.000000
1.000000 1.000000 1.000000 1.000000
1.000000 1.000000 1.000000 1.000000
1.000000 1.000000 1.000000 1.000000
1.000000 1.000000 1.000000 1.000000
1.000000 1.000000 1.000000 1.000000
1.000000 1.000000 1.000000 1.000000
1.000000 1.000000 1.000000 1.000000
1.000000 1.000000 1.000000 1.000000
1.000000 1.000000 1.000000 1.000000
1.000000 1.000000 1.000000 1.000000
1.000000 1.000000 1.000000 1.000000
1.000000 1.000000 1.000000 1.000000
1.000000 1.000000 1.000000 1.000000
1.000000 1.000000 1.000000 1.000000
1.000000 1.000000 1.000000 1.000000
1.000000 1.000000 1.000000 1.000000
1.000000 1.000000 1.000000 1.000000
1.000000 1.000000 1.000000 1.000000
1.000000 1.000000 1.000000 1.000000
1.000000 1.000000 1.000000 1.000000
1.000000 1.000000 1.000000 1.000000
1.000000 1.000000 1.000000 1.000000
1.000000 1.000000 1.000000 1.000000
1.000000 1.000000 1.000000 1.000000
1.000000 1.000000 1.000000 1.000000
1.000000 1.000000 1.000000 1.000000
1.000000 1.000000 1.000000 1.000000
1.000000 1.000000 1.000000 1.000000
1.000000 1.000000 1.000000 1.000000
1.000000 1.000000 1.000000 1.000000
1.000000 1.000000 1.000000 1.000000
1.000000 1.000000 1.000000 1.000000
1.000000 1.000000 1.000000 1.000000
1.000000 1.000000 1.000000 1.000000
1.000000 1.000000 1.000000 1.000000
1.000000 1.000000 1.000000 1.000000
1.000000 1.000000 1.000000 1.000000
1.000000 1.000000 1.000000 1.000000
1.000000 1.000000 1.000000 1.000000
1.000000 1.000000 1.000000 1.000000
1.000000 1.000000 1.000000 1.000000
1.000000 1.000000 1.000000 1.000000
1.000000 1.000000 1.000000 1.000000
1.000000 1.000000 1.000000 1.000000
1.000000 1.000000 1.000000 1.000000
1.000000 1.000000 1.000000 1.000000
1.000000 1.000000 1.000000 1.000000
1.000000 1.000000 1.000000 1.000000
1.000000 1.000000 1.000000 1.000000
1.000000 1.000000 1.000000 1.000000
1.000000 1.000000 1.000000 1.000000
1.000000 1.000000 1.000000 1.000000
1.000000 1.000000 1.000000 1.000000
1.000000 1.000000 1.000000 1.000000
1.000000 1.000000 1.000000 1.000000
1.000000 1.000000 1.000000 1.000000
1.000000 1.000000 1.000000 1.000000
1.000000 1.000000 1.000000 1.000000
1.000000 1.000000 1.000000 1.000000
1.000000 1.000000 1.000000 1.000000
1.000000 1.000000 1.000000 1.000000
1.000000 1.000000 1.000000 1.000000
1.000000 1.000000 1.000000 1.000000
1.000000 1.000000 1.000000 1.000000
1.000000 1.000000 1.000000 1.000000
1.000000 1.000000 1.000000 1.000000
1.000000 1.000000 1.000000 1.000000
1.000000 1.000000 1.000000 1.000000
1.000000 1.000000 1.000000 1.000000
1.000000 1.000000 1.000000 1.000000
1.000000 1.000000 1.000000 1.000000
1.000000 1.000000 1.000000 1.000000
1.000000 1.000000 1.000000 1.000000
1.000000 1.000000 1.000000 1.000000
1.000000 1.000000 1.000000 1.000000
1.000000 1.000000 1.000000 1.000000
1.000000 1.000000 1.000000 1.000000
1.000000 1.000000 1.000000 1.000000
1.000000 1.000000 1.000000 1.000000
1.000000 1.000000 1.000000 1.000000
1.000000 1.000000 1.000000 1.000000
1.000000 1.000000 1.000000 1.000000
1.000000 1.000000 1.000000 1.000000
1.000000 1.000000 1.000000 1.000000
1.000000 1.000000 1.000000 1.000000
1.000000 1.000000 1.000000 1.000000
1.000000 1.000000 1.000000 1.000000
1.000000 1.000000 1.000000 1.000000
1.000000 1.000000 1.000000 1.000000
1.000000 1.000000 1.000000 1.000000
1.000000 1.000000 1.000000 1.000000
1.000000 1.000000 1.000000 1.000000
1.000000 1.000000 1.000000 1.000000
1.000000 1.000000 1.000000 1.000000
1.000000 1.000000 1.000000 1.000000
1.000000 1.000000 1.000000 1.000000
1.000000 1.000000 1.000000 1.000000
1.000000 1.000000 1.000000 1.000000
1.000000 1.000000 1.000000 1.000000
1.000000 1.000000 1.000000 1.000000
1.000000 1.000000 1.000000 1.000000
1.000000 1.000000 1.000000 1.000000
1.000000 1.000000 1.000000 1.000000
1.000000 1.000000 1.000000 1.000000
1.000000 1.000000 1.000000 1.000000
1.000000 1.000000 1.000000 1.000000
1.000000 1.000000 1.000000 1.000000
1.000000 1.000000 1.000000 1.000000
1.000000 1.000000 1.000000 1.000000
1.000000 1.000000 1.000000 1.000000
1.000000 1.000000 1.000000 1.000000
1.000000 1.000000 1.000000 1.000000
1.000000 1.000000 1.000000 1.000000
1.000000 1.000000 1.000000 1.000000
1.000000 1.000000 1.000000 1.000000
1.000000 1.000000 1.000000 1.000000
1.000000 1.000000 1.000000 1.000000
1.000000 1.000000 1.000000 1.000000
1.000000 1.000000 1.000000 1.000000
1.000000 1.000000 1.000000 1.000000
1.000000 1.000000 1.000000 1.000000
1.000000 1.000000 1.000000 1.000000
1.000000 1.000000 1.000000 1.000000
1.000000 1.000000 1.000000 1.000000
1.000000 1.000000 1.000000 1.000000
1.000000 1.000000 1.000000 1.000000
1.000000 1.000000 1.000000 1.000000
1.000000 1.000000 1.000000 1.000000
1.000000 1.000000 1.000000 1.000000
1.000000 1.000000 1.000000 1.000000
1.000000 1.000000 1.000000 1.000000
1.000000 1.000000 1.000000 1.000000
1.000000 1.000000 1.000000 1.000000
1.000000 1.000000 1.000000 1.000000
1.000000 1.000000 1.000000 1.000000
1.000000 1.000000 1.000000 1.000000
1.000000 1.000000 1.000000 1.000000
1.000000 1.000000 1.000000 1.000000
1.000000 1.000000 1.000000 1.000000
1.000000 1.000000 1.000000 1.000000
1.000000 1.000000 1.000000 1.000000
1.000000 1.000000 1.000000 1.000000
1.000000 1.000000 1.000000 1.000000
1.000000 1.000000 1.000000 1.000000
1.000000 1.000000 1.000000 1.000000
1.000000 1.000000 1.000000 1.000000
1.000000 1.000000 1.000000 1.000000
1.000000 1.000000 1.000000 1.000000
1.000000 1.000000 1.000000 1.000000
1.000000 1.000000 1.000000 1.000000
1.000000 1.000000 1.000000 1.000000
1.000000 1.000000 1.000000 1.000000
1.000000 1.000000 1.000000 1.000000
1.000000 1.000000 1.000000 1.000000
1.000000 1.000000 1.000000 1.000000
1.000000 1.000000 1.000000 1.000000
1.000000 1.000000 1.000000 1.000000
1.000000 1.000000 1.000000 1.000000
1.000000 1.000000 1.000000 1.000000
1.000000 1.000000 1.000000 1.000000
1.000000 1.000000 1.000000 1.000000
1.000000 1.000000 1.000000 1.000000
1.000000 1.000000 1.000000 1.000000
1.000000 1.000000 1.000000 1.000000
1.000000 1.000000 1.000000 1.000000
1.000000 1.000000 1.000000 1.000000
1.000000 1.000000 1.000000 1.000000
1.000000 1.000000 1.000000 1.000000
1.000000 1.000000 1.000000 1.000000
1.000000 1.000000 1.000000 1.000000
1.000000 1.000000 1.000000 1.000000
1.000000 1.000000 1.000000 1.000000
1.000000 1.000000 1.000000 1.000000
1.000000 1.000000 1.000000 1.000000
1.000000 1.000000 1.000000 1.000000
1.000000 1.000000 1.000000 1.000000
1.000000 1.000000 1.000000 1.000000
1.000000 1.000000 1.000000 1.000000
1.000000 1.000000 1.000000 1.000000
1.000000 1.000000 1.000000 1.000000
1.000000 1.000000 1.000000 1.000000
1.000000 1.000000 1.000000 1.000000
1.000000 1.000000 1.000000 1.000000
1.000000 1.000000 1.000000 1.000000
1.000000 1.000000 1.000000 1.000000
1.000000 1.000000 1.000000 1.000000
1.000000 1.000000 1.000000 1.000000
1.000000 1.000000 1.000000 1.000000
1.000000 1.000000 1.000000 1.000000
1.000000 1.000000 1.000000 1.000000
1.000000 1.000000 1.000000 1.000000
1.000000 1.000000 1.000000 1.000000
1.000000 1.000000 1.000000 1.000000
1.000000 1.000000 1.000000 1.000000
1.000000 1.000000 1.000000 1.000000
1.000000 1.000000 1.000000 1.000000
1.000000 1.000000 1.000000 1.000000
1.000000 1.000000 1.000000 1.000000
1.000000 1.000000 1.000000 1.000000
1.000000 1.000000 1.000000 1.000000
1.000000 1.000000 1.000000 1.000000
1.000000 1.000000 1.000000 1.000000
1.000000 1.000000 1.000000 1.000000
1.000000 1.000000 1.000000 1.000000
1.000000 1.000000 1.000000 1.000000
1.000000 1.000000 1.000000 1.000000
1.000000 1.000000 1.000000 1.000000
1.000000 1.000000 1.000000 1.000000
1.000000 1.000000 1.000000 1.000000
1.000000 1.000000 1.000000 1.000000
1.000000 1.000000 1.000000 1.000000
1.000000 1.000000 1.000000 1.000000
1.000000 1.000000 1.000000 1.000000
1.000000 1.000000 1.000000 1.000000
1.000000 1.000000 1.000000 1.000000
1.000000 1.000000 1.000000 1.000000
1.000000 1.000000 1.000000 1.000000
1.000000 1.000000 1.000000 1.000000
1.000000 1.000000 1.000000 1.000000
1.000000 1.000000 1.000000 1.000000
1.000000 1.000000 1.000000 1.000000
1.000000 1.000000 1.000000 1.000000
1.000000 1.000000 1.000000 1.000000
1.000000 1.000000 1.000000 1.000000
1.000000 1.000000 1.000000 1.000000
1.000000 1.000000 1.000000 1.000000
1.000000 1.000000 1.000000 1.000000
1.000000 1.000000 1.000000 1.000000
1.000000 1.000000 1.000000 1.000000
1.000000 1.000000 1.000000 1.000000
1.000000 1.000000 1.000000 1.000000
1.000000 1.000000 1.000000 1.000000
1.000000 1.000000 1.000000 1.000000
1.000000 1.000000 1.000000 1.000000
1.000000 1.000000 1.000000 1.000000
1.000000 1.000000 1.000000 1.000000
1.000000 1.000000 1.000000 1.000000
1.000000 1.000000 1.000000 1.000000
1.000000 1.000000 1.000000 1.000000
1.000000 1.000000 1.000000 1.000000
1.000000 1.000000 1.000000 1.000000
1.000000 1.000000 1.000000 1.000000
1.000000 1.000000 1.000000 1.000000
1.000000 1.000000 1.000000 1.000000
1.000000 1.000000 1.000000 1.000000
1.000000 1.000000 1.000000 1.000000
1.000000 1.000000 1.000000 1.000000
1.000000 1.000000 1.000000 1.000000
1.000000 1.000000 1.000000 1.000000
1.000000 1.000000 1.000000 1.000000
1.000000 1.000000 1.000000 1.000000
1.000000 1.000000 1.000000 1.000000
1.000000 1.000000 1.000000 1.000000
1.000000 1.000000 1.000000 1.000000
1.000000 1.000000 1.000000 1.000000
1.000000 1.000000 1.000000 1.000000
1.000000 1.000000 1.000000 1.000000
1.000000 1.000000 1.000000 1.000000
1.000000 1.000000 1.000000 1.000000
1.000000 1.000000 1.000000 1.000000
1.000000 1.000000 1.000000 1.000000
1.000000 1.000000 1.000000 1.000000
1.000000 1.000000 1.000000 1.000000
1.000000 1.000000 1.000000 1.000000
1.000000 1.000000 1.000000 1.000000
1.000000 1.000000 1.000000 1.000000
1.000000 1.000000 1.000000 1.000000
1.000000 1.000000 1.000000 1.000000
1.000000 1.000000 1.000000 1.000000
1.000000 1.000000 1.000000 1.000000
1.000000 1.000000 1.000000 1.000000
1.000000 1.000000 1.000000 1.000000
1.000000 1.000000 1.000000 1.000000
1.000000 1.000000 1.000000 1.000000
1.000000 1.000000 1.000000 1.000000
1.000000 1.000000 1.000000 1.000000
1.000000 1.000000 1.000000 1.000000
1.000000 1.000000 1.000000 1.000000
1.000000 1.000000 1.000000 1.000000
1.000000 1.000000 1.000000 1.000000
1.000000 1.000000 1.000000 1.000000
1.000000 1.000000 1.000000 1.000000
1.000000 1.000000 1.000000 1.000000
1.000000 1.000000 1.000000 1.000000
1.000000 1.000000 1.000000 1.000000
1.000000 1.000000 1.000000 1.000000
1.000000 1.000000 1.000000 1.000000
1.000000 1.000000 1.000000 1.000000
1.000000 1.000000 1.000000 1.000000
1.000000 1.000000 1.000000 1.000000
1.000000 1.000000 1.000000 1.000000
1.000000 1.000000 1.000000 1.000000
1.000000 1.000000 1.000000 1.000000
1.000000 1.000000 1.000000 1.000000
1.000000 1.000000 1.000000 1.000000
1.000000 1.000000 1.000000 1.000000
1.000000 1.000000 1.000000 1.000000
1.000000 1.000000 1.000000 1.000000
1.000000 1.000000 1.000000 1.000000
1.000000 1.000000 1.000000 1.000000
1.000000 1.000000 1.000000 1.000000
1.000000 1.000000 1.000000 1.000000
1.000000 1.000000 1.000000 1.000000
1.000000 1.000000 1.000000 1.000000
1.000000 1.000000 1.000000 1.000000
1.000000 1.000000 1.000000 1.000000
1.000000 1.000000 1.000000 1.000000
1.000000 1.000000 1.000000 1.000000
1.000000 1.000000 1.000000 1.000000
1.000000 1.000000 1.000000 1.000000
1.000000 1.000000 1.000000 1.000000
1.000000 1.000000 1.000000 1.000000
1.000000 1.000000 1.000000 1.000000
1.000000 1.000000 1.000000 1.000000
1.000000 1.000000 1.000000 1.000000
1.000000 1.000000 1.000000 1.000000
1.000000 1.000000 1.000000 1.000000
1.000000 1.000000 1.000000 1.000000
1.000000 1.000000 1.000000 1.000000
1.000000 1.000000 1.000000 1.000000
1.000000 1.000000 1.000000 1.000000
1.000000 1.000000 1.000000 1.000000
1.000000 1.000000 1.000000 1.000000
1.000000 1.000000 1.000000 1.000000
1.000000 1.000000 1.000000 1.000000
1.000000 1.000000 1.000000 1.000000
1.000000 1.000000 1.000000 1.000000
1.000000 1.000000 1.000000 1.000000
1.000000 1.000000 1.000000 1.000000
1.000000 1.000000 1.000000 1.000000
1.000000 1.000000 1.000000 1.000000
1.000000 1.000000 1.000000 1.000000
1.000000 1.000000 1.000000 1.000000
1.000000 1.000000 1.000000 1.000000
1.000000 1.000000 1.000000 1.000000
1.000000 1.000000 1.000000 1.000000
1.000000 1.000000 1.000000 1.000000
1.000000 1.000000 1.000000 1.000000
1.000000 1.000000 1.000000 1.000000
1.000000 1.000000 1.000000 1.000000
1.000000 1.000000 1.000000 1.000000
1.000000 1.000000 1.000000 1.000000
1.000000 1.000000 1.000000 1.000000
1.000000 1.000000 1.000000 1.000000
1.000000 1.000000 1.000000 1.000000
1.000000 1.000000 1.000000 1.000000
1.000000 1.000000 1.000000 1.000000
1.000000 1.000000 1.000000 1.000000
1.000000 1.000000 1.000000 1.000000
1.000000 1.000000 1.000000 1.000000
1.000000 1.000000 1.000000 1.000000
1.000000 1.000000 1.000000 1.000000
1.000000 1.000000 1.000000 1.000000
1.000000 1.000000 1.000000 1.000000
1.000000 1.000000 1.000000 1.000000
1.000000 1.000000 1.000000 1.000000
1.000000 1.000000 1.000000 1.000000
1.000000 1.000000 1.000000 1.000000
1.000000 1.000000 1.000000 1.000000
1.000000 1.000000 1.000000 1.000000
1.000000 1.000000 1.000000 1.000000
1.000000 1.000000 1.000000 1.000000
1.000000 1.000000 1.000000 1.000000
1.000000 1.000000 1.000000 1.000000
1.000000 1.000000 1.000000 1.000000
1.000000 1.000000 1.000000 1.000000
1.000000 1.000000 1.000000 1.000000
1.000000 1.000000 1.000000 1.000000
1.000000 1.000000 1.000000 1.000000
1.000000 1.000000 1.000000 1.000000
1.000000 1.000000 1.000000 1.000000
1.000000 1.000000 1.000000 1.000000
1.000000 1.000000 1.000000 1.000000
1.000000 1.000000 1.000000 1.000000
1.000000 1.000000 1.000000 1.000000
1.000000 1.000000 1.000000 1.000000
1.000000 1.000000 1.000000 1.000000
1.000000 1.000000 1.000000 1.000000
1.000000 1.000000 1.000000 1.000000
1.000000 1.000000 1.000000 1.000000
1.000000 1.000000 1.000000 1.000000
1.000000 1.000000 1.000000 1.000000
1.000000 1.000000 1.000000 1.000000
1.000000 1.000000 1.000000 1.000000
1.000000 1.000000 1.000000 1.000000
1.000000 1.000000 1.000000 1.000000
1.000000 1.000000 1.000000 1.000000
1.000000 1.000000 1.000000 1.000000
1.000000 1.000000 1.000000 1.000000
1.000000 1.000000 1.000000 1.000000
1.000000 1.000000 1.000000 1.000000
1.000000 1.000000 1.000000 1.000000
1.000000 1.000000 1.000000 1.000000
1.000000 1.000000 1.000000 1.000000
1.000000 1.000000 1.000000 1.000000
1.000000 1.000000 1.000000 1.000000
1.000000 1.000000 1.000000 1.000000
1.000000 1.000000 1.000000 1.000000
1.000000 1.000000 1.000000 1.000000
1.000000 1.000000 1.000000 1.000000
1.000000 1.000000 1.000000 1.000000
1.000000 1.000000 1.000000 1.000000
1.000000 1.000000 1.000000 1.000000
1.000000 1.000000 1.000000 1.000000
1.000000 1.000000 1.000000 1.000000
1.000000 1.000000 1.000000 1.000000
1.000000 1.000000 1.000000 1.000000
1.000000 1.000000 1.000000 1.000000
1.000000 1.000000 1.000000 1.000000
1.000000 1.000000 1.000000 1.000000
1.000000 1.000000 1.000000 1.000000
1.000000 1.000000 1.000000 1.000000
1.000000 1.000000 1.000000 1.000000
1.000000 1.000000 1.000000 1.000000
1.000000 1.000000 1.000000 1.000000
1.000000 1.000000 1.000000 1.000000
1.000000 1.000000 1.000000 1.000000
1.000000 1.000000 1.000000 1.000000
1.000000 1.000000 1.000000 1.000000
1.000000 1.000000 1.000000 1.000000
1.000000 1.000000 1.000000 1.000000
1.000000 1.000000 1.000000 1.000000
1.000000 1.000000 1.000000 1.000000
1.000000 1.000000 1.000000 1.000000
1.000000 1.000000 1.000000 1.000000
1.000000 1.000000 1.000000 1.000000
1.000000 1.000000 1.000000 1.000000
1.000000 1.000000 1.000000 1.000000
1.000000 1.000000 1.000000 1.000000
1.000000 1.000000 1.000000 1.000000
1.000000 1.000000 1.000000 1.000000
1.000000 1.000000 1.000000 1.000000
1.000000 1.000000 1.000000 1.000000
1.000000 1.000000 1.000000 1.000000
1.000000 1.000000 1.000000 1.000000
1.000000 1.000000 1.000000 1.000000
1.000000 1.000000 1.000000 1.000000
1.000000 1.000000 1.000000 1.000000
1.000000 1.000000 1.000000 1.000000
1.000000 1.000000 1.000000 1.000000
1.000000 1.000000 1.000000 1.000000
1.000000 1.000000 1.000000 1.000000
1.000000 1.000000 1.000000 1.000000
1.000000 1.000000 1.000000 1.000000
1.000000 1.000000 1.000000 1.000000
1.000000 1.000000 1.000000 1.000000
1.000000 1.000000 1.000000 1.000000
1.000000 1.000000 1.000000 1.000000
1.000000 1.000000 1.000000 1.000000
1.000000 1.000000 1.000000 1.000000
1.000000 1.000000 1.000000 1.000000
1.000000 1.000000 1.000000 1.000000
1.000000 1.000000 1.000000 1.000000
1.000000 1.000000 1.000000 1.000000
1.000000 1.000000 1.000000 1.000000
1.000000 1.000000 1.000000 1.000000
1.000000 1.000000 1.000000 1.000000
1.000000 1.000000 1.000000 1.000000
1.000000 1.000000 1.000000 1.000000
1.000000 1.000000 1.000000 1.000000
1.000000 1.000000 1.000000 1.000000
1.000000 1.000000 1.000000 1.000000
1.000000 1.000000 1.000000 1.000000
1.000000 1.000000 1.000000 1.000000
1.000000 1.000000 1.000000 1.000000
1.000000 1.000000 1.000000 1.000000
1.000000 1.000000 1.000000 1.000000
1.000000 1.000000 1.000000 1.000000
1.000000 1.000000 1.000000 1.000000
1.000000 1.000000 1.000000 1.000000
</float_array>
          <technique_common>
            <accessor source="#ID3006-VERTEX_COLOR0-array" count="7722" stride="4">
              <param name="R" type="double"/>
              <param name="G" type="double"/>
              <param name="B" type="double"/>
              <param name="A" type="double"/>
            </accessor>
          </technique_common>
        </source>
        <vertices id="ID3006-VERTEX">
          <input semantic="POSITION" source="#ID3006-POSITION"/>
        </vertices>
        <triangles count="922" material="CARTON_1">
          <input semantic="VERTEX" offset="0" source="#ID3006-VERTEX"/>
          <input semantic="NORMAL" offset="1" source="#ID3006-Normal0"/>
          <input semantic="TEXCOORD" offset="2" set="0" source="#ID3006-UV0"/>
          <input semantic="COLOR" offset="3" set="0" source="#ID3006-VERTEX_COLOR0"/>
          <p> 0 0 0 0 1 1 1 1 2 2 2 2 1 3 1 3 0 4 0 4 3 5 3 5 4 6 4 6 5 7 5 7 6 8 6 8 7 9 7 9 6 10 6 10 5 11 5 11 12 12 8 12 13 13 9 13 14 14 10 14 13 15 9 15 12 16 8 16 15 17 11 17 13 18 9 18 15 19 11 19 16 20 12 20 16 21 12 21 15 22 11 22 17 23 13 23 18 24 14 24 19 25 15 25 20 26 16 26 20 27 16 27 19 28 15 28 21 29 17 29 19 30 15 30 22 31 18 31 21 32 17 32 23 33 19 33 21 34 17 34 22 35 18 35 28 36 20 36 29 37 21 37 30 38 22 38 29 39 21 39 28 40 20 40 31 41 23 41 31 42 23 42 28 43 20 43 32 44 24 44 33 45 25 45 34 46 26 46 35 47 27 47 35 48 27 48 34 49 26 49 36 50 28 50 37 51 29 51 36 52 28 52 34 53 26 53 40 54 30 54 41 55 31 55 42 56 32 56 41 57 31 57 40 58 30 58 43 59 33 59 44 60 34 60 45 61 35 61 46 62 36 62 47 63 37 63 46 64 36 64 45 65 35 65 49 66 38 66 50 67 39 67 51 68 40 68 50 69 39 69 49 70 38 70 52 71 41 71 52 72 41 72 49 73 38 73 53 74 42 74 54 75 43 75 55 76 44 76 56 77 45 77 56 78 45 78 55 79 44 79 57 80 46 80 58 81 47 81 57 82 46 82 55 83 44 83 61 84 48 84 62 85 49 85 63 86 50 86 62 87 49 87 61 88 48 88 64 89 51 89 65 90 52 90 66 91 53 91 67 92 54 92 68 93 55 93 67 94 54 94 66 95 53 95 70 96 56 96 71 97 57 97 72 98 58 98 71 99 57 99 70 100 56 100 73 101 59 101 73 102 59 102 70 103 56 103 74 104 60 104 74 105 60 105 70 106 56 106 75 107 61 107 75 108 61 108 70 109 56 109 76 110 62 110 76 111 62 111 70 112 56 112 77 113 63 113 77 114 63 114 78 115 64 115 79 116 65 116 78 117 64 117 77 118 63 118 70 119 56 119 80 120 66 120 81 121 67 121 82 122 68 122 83 123 69 123 82 124 68 124 81 125 67 125 81 126 67 126 80 127 66 127 84 128 70 128 84 129 70 129 80 130 66 130 85 131 71 131 85 132 71 132 80 133 66 133 86 134 72 134 86 135 72 135 80 136 66 136 87 137 73 137 87 138 73 138 80 139 66 139 88 140 74 140 89 141 75 141 88 142 74 142 80 143 66 143 117 336 76 336 118 337 76 337 119 338 76 338 120 339 76 339 119 340 76 340 118 341 76 341 121 342 76 342 122 343 76 343 123 344 76 344 124 345 76 345 123 346 76 346 122 347 76 347 125 348 76 348 126 349 76 349 127 350 76 350 128 351 76 351 127 352 76 352 126 353 76 353 126 354 76 354 125 355 76 355 129 356 76 356 130 357 76 357 129 358 76 358 131 359 76 359 131 360 76 360 129 361 76 361 132 362 76 362 124 363 76 363 122 364 76 364 133 365 76 365 122 366 76 366 132 367 76 367 133 368 76 368 132 369 76 369 129 370 76 370 133 371 76 371 133 372 76 372 129 373 76 373 134 374 76 374 134 375 76 375 129 376 76 376 135 377 76 377 135 378 76 378 129 379 76 379 136 380 76 380 136 381 76 381 129 382 76 382 137 383 76 383 137 384 76 384 129 385 76 385 118 386 76 386 125 387 76 387 120 388 76 388 129 389 76 389 118 390 76 390 129 391 76 391 120 392 76 392 163 393 76 393 164 394 76 394 165 395 76 395 166 396 76 396 165 397 76 397 164 398 76 398 173 399 76 399 174 400 76 400 175 401 76 401 176 402 76 402 175 403 76 403 174 404 76 404 180 405 76 405 181 406 76 406 182 407 76 407 186 408 76 408 187 409 76 409 188 410 76 410 197 411 76 411 198 412 76 412 199 413 76 413 199 414 76 414 198 415 76 415 200 416 76 416 198 417 76 417 201 418 76 418 200 419 76 419 202 420 76 420 203 421 76 421 201 422 76 422 200 423 76 423 201 424 76 424 203 425 76 425 209 426 76 426 210 427 76 427 211 428 76 428 212 429 76 429 211 430 76 430 210 431 76 431 219 432 76 432 220 433 76 433 221 434 76 434 222 435 76 435 221 436 76 436 220 437 76 437 228 438 76 438 229 439 76 439 230 440 76 440 231 441 76 441 230 442 76 442 229 443 76 443 237 444 76 444 238 445 76 445 239 446 76 446 252 447 76 447 253 448 76 448 254 449 76 449 254 450 76 450 253 451 76 451 255 452 76 452 255 453 76 453 253 454 76 454 256 455 76 455 253 456 76 456 257 457 76 457 256 458 76 458 257 459 76 459 258 460 76 460 256 461 76 461 258 462 76 462 259 463 76 463 256 464 76 464 260 465 76 465 261 466 76 466 259 467 76 467 256 468 76 468 259 469 76 469 261 470 76 470 252 471 76 471 254 472 76 472 262 473 76 473 260 474 76 474 259 475 76 475 263 476 76 476 275 477 76 477 276 478 76 478 277 479 76 479 278 480 76 480 277 481 76 481 276 482 76 482 282 483 76 483 283 484 76 484 284 485 76 485 290 486 76 486 291 487 76 487 292 488 76 488 293 489 76 489 292 490 76 490 291 491 76 491 300 492 76 492 301 493 76 493 302 494 76 494 303 495 76 495 302 496 76 496 301 497 76 497 309 498 76 498 310 499 76 499 311 500 76 500 316 501 76 501 317 502 76 502 318 503 76 503 319 504 76 504 318 505 76 505 317 506 76 506 326 507 76 507 327 508 76 508 328 509 76 509 329 510 76 510 328 511 76 511 327 512 76 512 335 513 76 513 336 514 76 514 337 515 76 515 342 516 76 516 343 517 76 517 344 518 76 518 345 519 76 519 344 520 76 520 343 521 76 521 352 522 76 522 353 523 76 523 354 524 76 524 355 525 76 525 354 526 76 526 353 527 76 527 356 528 180 528 357 529 181 529 358 530 182 530 357 531 181 531 356 532 180 532 359 533 183 533 359 534 183 534 356 535 180 535 360 536 184 536 361 537 184 537 362 538 180 538 363 539 183 539 363 540 183 540 362 541 180 541 364 542 181 542 365 543 182 543 364 544 181 544 362 545 180 545 371 546 185 546 372 547 186 547 373 548 187 548 372 549 186 549 371 550 185 550 374 551 188 551 372 552 186 552 374 553 188 553 375 554 189 554 375 555 189 555 374 556 188 556 376 557 190 557 373 558 187 558 377 559 191 559 378 560 192 560 377 561 191 561 373 562 187 562 372 563 186 563 378 564 192 564 377 565 191 565 376 566 190 566 378 567 192 567 376 568 190 568 374 569 188 569 379 570 193 570 380 571 194 571 381 572 195 572 380 573 194 573 382 574 196 574 381 575 195 575 383 576 197 576 384 577 198 577 382 578 196 578 381 579 195 579 382 580 196 580 384 581 198 581 380 582 194 582 379 583 193 583 385 584 199 584 385 585 199 585 379 586 193 586 383 587 197 587 379 588 193 588 386 589 200 589 383 590 197 590 384 591 198 591 383 592 197 592 386 593 200 593 393 594 201 594 394 595 202 595 395 596 203 596 394 597 202 597 393 598 201 598 396 599 204 599 396 600 204 600 393 601 201 601 397 602 205 602 397 603 205 603 393 604 201 604 398 605 206 605 399 606 207 606 400 607 208 607 398 608 206 608 400 609 208 609 399 610 207 610 395 611 203 611 400 612 208 612 395 613 203 613 394 614 202 614 398 615 206 615 400 616 208 616 397 617 205 617 401 618 209 618 402 619 210 619 403 620 211 620 404 621 212 621 405 622 213 622 402 623 210 623 405 624 213 624 406 625 214 625 402 626 210 626 403 627 211 627 402 628 210 628 406 629 214 629 403 630 211 630 407 631 215 631 401 632 209 632 401 633 209 633 407 634 215 634 408 635 216 635 408 636 216 636 407 637 215 637 404 638 212 638 405 639 213 639 404 640 212 640 407 641 215 641 415 642 217 642 416 643 218 643 417 644 219 644 416 645 218 645 415 646 217 646 418 647 220 647 419 648 221 648 420 649 222 649 421 650 223 650 420 651 222 651 419 652 221 652 417 653 219 653 420 654 222 654 417 655 219 655 416 656 218 656 421 657 223 657 420 658 222 658 422 659 224 659 423 660 225 660 424 661 226 661 425 662 227 662 426 663 228 663 427 664 229 664 424 665 226 665 427 666 229 666 428 667 230 667 424 668 226 668 425 669 227 669 424 670 226 670 428 671 230 671 429 672 231 672 430 673 232 673 426 674 228 674 427 675 229 675 426 676 228 676 430 677 232 677 435 678 233 678 436 679 234 679 437 680 235 680 436 681 234 681 435 682 233 682 438 683 236 683 438 684 236 684 435 685 233 685 439 686 237 686 439 687 237 687 435 688 233 688 440 689 238 689 441 690 239 690 442 691 240 691 443 692 241 692 443 693 241 693 442 694 240 694 444 695 242 695 444 696 242 696 442 697 240 697 445 698 243 698 446 699 244 699 445 700 243 700 442 701 240 701 451 702 245 702 452 703 246 703 453 704 247 704 452 705 246 705 451 706 245 706 454 707 248 707 455 708 249 708 456 709 250 709 457 710 251 710 458 711 252 711 457 712 251 712 456 713 250 713 460 714 253 714 461 715 254 715 462 716 255 716 461 717 254 717 463 718 256 718 464 719 257 719 463 720 256 720 461 721 254 721 465 722 258 722 465 723 258 723 461 724 254 724 460 725 253 725 466 726 259 726 467 727 260 727 468 728 261 728 468 729 261 729 467 730 260 730 469 731 262 731 470 732 263 732 469 733 262 733 467 734 260 734 471 735 264 735 467 736 260 736 466 737 259 737 475 738 265 738 476 739 266 739 477 740 267 740 476 741 266 741 475 742 265 742 478 743 268 743 478 744 268 744 475 745 265 745 479 746 269 746 479 747 269 747 475 748 265 748 480 749 270 749 481 750 271 750 482 751 272 751 483 752 273 752 483 753 273 753 482 754 272 754 484 755 274 755 484 756 274 756 482 757 272 757 485 758 275 758 486 759 276 759 485 760 275 760 482 761 272 761 489 762 277 762 490 763 278 763 491 764 279 764 490 765 278 765 489 766 277 766 492 767 280 767 493 768 281 768 494 769 282 769 495 770 283 770 496 771 284 771 495 772 283 772 494 773 282 773 497 774 285 774 498 775 286 775 499 776 287 776 498 777 286 777 500 778 288 778 501 779 289 779 500 780 288 780 498 781 286 781 502 782 290 782 502 783 290 783 498 784 286 784 497 785 285 785 503 786 291 786 504 787 292 787 505 788 293 788 505 789 293 789 504 790 292 790 506 791 294 791 507 792 295 792 506 793 294 793 504 794 292 794 508 795 296 795 504 796 292 796 503 797 291 797 511 798 297 798 512 799 298 799 513 800 299 800 512 801 298 801 511 802 297 802 514 803 300 803 515 804 301 804 516 805 302 805 517 806 303 806 518 807 304 807 517 808 303 808 516 809 302 809 520 810 305 810 521 811 306 811 522 812 307 812 521 813 306 813 520 814 305 814 523 815 308 815 524 816 309 816 525 817 310 817 526 818 311 818 527 819 312 819 526 820 311 820 525 821 310 821 529 822 313 822 530 823 314 823 531 824 315 824 530 825 314 825 529 826 313 826 532 827 316 827 533 828 317 828 534 829 318 829 535 830 319 830 536 831 320 831 535 832 319 832 534 833 318 833 539 834 321 834 540 835 322 835 541 836 323 836 540 837 322 837 539 838 321 838 542 839 324 839 543 840 325 840 544 841 326 841 545 842 327 842 546 843 328 843 545 844 327 844 544 845 326 845 547 846 329 846 548 847 330 847 549 848 331 848 548 849 330 849 547 850 329 850 550 851 332 851 548 852 330 852 551 853 333 853 552 854 334 854 551 855 333 855 548 856 330 856 550 857 332 857 553 858 335 858 554 859 336 859 555 860 337 860 556 861 338 861 555 862 337 862 554 863 336 863 553 864 335 864 557 865 339 865 554 866 336 866 558 867 340 867 554 868 336 868 557 869 339 869 561 870 341 870 562 871 342 871 563 872 343 872 562 873 342 873 561 874 341 874 564 875 344 875 562 876 342 876 564 877 344 877 565 878 345 878 565 879 345 879 564 880 344 880 566 881 346 881 567 882 347 882 568 883 348 883 569 884 349 884 569 885 349 885 568 886 348 886 570 887 350 887 568 888 348 888 571 889 351 889 570 890 350 890 572 891 352 891 570 892 350 892 571 893 351 893 575 894 353 894 576 895 354 895 577 896 355 896 576 897 354 897 575 898 353 898 578 899 356 899 579 900 357 900 580 901 358 901 581 902 359 902 582 903 360 903 581 904 359 904 580 905 358 905 585 906 361 906 586 907 362 907 587 908 363 908 586 909 362 909 585 910 361 910 588 911 364 911 589 912 365 912 590 913 366 913 591 914 367 914 592 915 368 915 591 916 367 916 590 917 366 917 594 918 369 918 595 919 370 919 596 920 371 920 595 921 370 921 594 922 369 922 597 923 372 923 598 924 373 924 599 925 374 925 600 926 375 926 601 927 376 927 600 928 375 928 599 929 374 929 606 930 377 930 607 931 378 931 608 932 379 932 607 933 378 933 606 934 377 934 609 935 380 935 607 936 378 936 610 937 381 937 608 938 379 938 610 939 381 939 607 940 378 940 611 941 382 941 610 942 381 942 611 943 382 943 612 944 383 944 612 945 383 945 611 946 382 946 613 947 384 947 612 948 383 948 613 949 384 949 609 950 380 950 612 951 383 951 609 952 380 952 606 953 377 953 614 954 385 954 615 955 386 955 616 956 387 956 615 957 386 957 617 958 388 958 616 959 387 959 617 960 388 960 618 961 389 961 616 962 387 962 616 963 387 963 618 964 389 964 619 965 390 965 618 966 389 966 620 967 391 967 619 968 390 968 621 969 392 969 619 970 390 970 620 971 391 971 615 972 386 972 614 973 385 973 620 974 391 974 621 975 392 975 620 976 391 976 614 977 385 977 628 978 393 978 629 979 394 979 630 980 395 980 629 981 394 981 628 982 393 982 631 983 396 983 632 984 397 984 633 985 398 985 634 986 399 986 635 987 400 987 634 988 399 988 633 989 398 989 637 990 401 990 638 991 402 991 639 992 403 992 638 993 402 993 637 994 401 994 640 995 404 995 641 996 405 996 642 997 406 997 643 998 407 998 644 999 408 999 643 1000 407 1000 642 1001 406 1001 646 1002 409 1002 647 1003 410 1003 648 1004 411 1004 647 1005 410 1005 646 1006 409 1006 649 1007 412 1007 650 1008 413 1008 651 1009 414 1009 652 1010 415 1010 653 1011 416 1011 652 1012 415 1012 651 1013 414 1013 654 1014 417 1014 655 1015 418 1015 656 1016 419 1016 655 1017 418 1017 654 1018 417 1018 657 1019 420 1019 658 1020 421 1020 659 1021 422 1021 660 1022 423 1022 661 1023 424 1023 660 1024 423 1024 659 1025 422 1025 666 1026 425 1026 667 1027 426 1027 668 1028 427 1028 667 1029 426 1029 666 1030 425 1030 669 1031 428 1031 667 1032 426 1032 669 1033 428 1033 670 1034 429 1034 670 1035 429 1035 669 1036 428 1036 671 1037 430 1037 672 1038 431 1038 668 1039 427 1039 673 1040 432 1040 668 1041 427 1041 672 1042 431 1042 666 1043 425 1043 673 1044 432 1044 668 1045 427 1045 671 1046 430 1046 673 1047 432 1047 671 1048 430 1048 669 1049 428 1049 674 1050 433 1050 675 1051 434 1051 676 1052 435 1052 675 1053 434 1053 677 1054 436 1054 676 1055 435 1055 678 1056 437 1056 679 1057 438 1057 677 1058 436 1058 676 1059 435 1059 677 1060 436 1060 679 1061 438 1061 675 1062 434 1062 674 1063 433 1063 680 1064 439 1064 680 1065 439 1065 674 1066 433 1066 681 1067 440 1067 674 1068 433 1068 678 1069 437 1069 681 1070 440 1070 677 1071 436 1071 681 1072 440 1072 678 1073 437 1073 688 1074 441 1074 689 1075 442 1075 690 1076 443 1076 689 1077 442 1077 688 1078 441 1078 691 1079 444 1079 689 1080 442 1080 691 1081 444 1081 692 1082 445 1082 692 1083 445 1083 691 1084 444 1084 693 1085 446 1085 693 1086 446 1086 691 1087 444 1087 694 1088 447 1088 692 1089 445 1089 693 1090 446 1090 695 1091 448 1091 695 1092 448 1092 693 1093 446 1093 696 1094 449 1094 692 1095 445 1095 695 1096 448 1096 697 1097 450 1097 698 1098 451 1098 699 1099 452 1099 700 1100 453 1100 701 1101 454 1101 702 1102 455 1102 699 1103 452 1103 699 1104 452 1104 702 1105 455 1105 700 1106 453 1106 703 1107 456 1107 704 1108 457 1108 702 1109 455 1109 702 1110 455 1110 704 1111 457 1111 700 1112 453 1112 700 1113 453 1113 704 1114 457 1114 705 1115 458 1115 704 1116 457 1116 706 1117 459 1117 705 1118 458 1118 707 1119 460 1119 705 1120 458 1120 706 1121 459 1121 715 1122 461 1122 716 1123 462 1123 717 1124 463 1124 716 1125 462 1125 715 1126 461 1126 718 1127 464 1127 716 1128 462 1128 718 1129 464 1129 719 1130 465 1130 719 1131 465 1131 718 1132 464 1132 720 1133 466 1133 721 1134 467 1134 717 1135 463 1135 722 1136 468 1136 717 1137 463 1137 721 1138 467 1138 715 1139 461 1139 722 1140 468 1140 717 1141 463 1141 720 1142 466 1142 722 1143 468 1143 720 1144 466 1144 718 1145 464 1145 723 1146 469 1146 724 1147 470 1147 725 1148 471 1148 724 1149 470 1149 726 1150 472 1150 725 1151 471 1151 727 1152 473 1152 728 1153 474 1153 726 1154 472 1154 725 1155 471 1155 726 1156 472 1156 728 1157 474 1157 724 1158 470 1158 723 1159 469 1159 729 1160 475 1160 729 1161 475 1161 723 1162 469 1162 730 1163 476 1163 723 1164 469 1164 727 1165 473 1165 730 1166 476 1166 726 1167 472 1167 730 1168 476 1168 727 1169 473 1169 736 1170 477 1170 737 1171 478 1171 738 1172 479 1172 737 1173 478 1173 736 1174 477 1174 739 1175 480 1175 739 1176 480 1176 736 1177 477 1177 740 1178 481 1178 740 1179 481 1179 736 1180 477 1180 741 1181 482 1181 742 1182 483 1182 739 1183 480 1183 740 1184 481 1184 743 1185 484 1185 737 1186 478 1186 739 1187 480 1187 738 1188 479 1188 744 1189 485 1189 745 1190 486 1190 744 1191 485 1191 738 1192 479 1192 737 1193 478 1193 746 1194 487 1194 747 1195 488 1195 748 1196 489 1196 749 1197 490 1197 748 1198 489 1198 747 1199 488 1199 750 1200 491 1200 746 1201 487 1201 751 1202 492 1202 752 1203 493 1203 750 1204 491 1204 753 1205 494 1205 754 1206 495 1206 755 1207 496 1207 752 1208 493 1208 752 1209 493 1209 755 1210 496 1210 750 1211 491 1211 750 1212 491 1212 755 1213 496 1213 746 1214 487 1214 747 1215 488 1215 746 1216 487 1216 755 1217 496 1217 762 1218 497 1218 763 1219 498 1219 764 1220 499 1220 763 1221 498 1221 762 1222 497 1222 765 1223 500 1223 766 1224 501 1224 767 1225 502 1225 768 1226 503 1226 769 1227 504 1227 768 1228 503 1228 767 1229 502 1229 770 1230 505 1230 771 1231 506 1231 772 1232 507 1232 771 1233 506 1233 770 1234 505 1234 773 1235 508 1235 774 1236 509 1236 775 1237 510 1237 776 1238 511 1238 777 1239 512 1239 776 1240 511 1240 775 1241 510 1241 778 1242 513 1242 779 1243 514 1243 780 1244 515 1244 779 1245 514 1245 778 1246 513 1246 781 1247 516 1247 781 1248 516 1248 778 1249 513 1249 782 1250 517 1250 781 1251 516 1251 782 1252 517 1252 783 1253 518 1253 783 1254 518 1254 782 1255 517 1255 784 1256 519 1256 784 1257 519 1257 782 1258 517 1258 785 1259 520 1259 785 1260 520 1260 782 1261 517 1261 786 1262 521 1262 787 1263 522 1263 780 1264 515 1264 788 1265 523 1265 780 1266 515 1266 787 1267 522 1267 778 1268 513 1268 788 1269 523 1269 780 1270 515 1270 786 1271 521 1271 788 1272 523 1272 786 1273 521 1273 782 1274 517 1274 779 1275 514 1275 789 1276 524 1276 785 1277 520 1277 789 1278 524 1278 779 1279 514 1279 781 1280 516 1280 785 1281 520 1281 789 1282 524 1282 784 1283 519 1283 790 1284 525 1284 791 1285 526 1285 792 1286 527 1286 793 1287 528 1287 794 1288 529 1288 791 1289 526 1289 792 1290 527 1290 791 1291 526 1291 794 1292 529 1292 795 1293 530 1293 796 1294 531 1294 797 1295 532 1295 796 1296 531 1296 798 1297 533 1297 797 1298 532 1298 799 1299 534 1299 800 1300 535 1300 798 1301 533 1301 797 1302 532 1302 798 1303 533 1303 800 1304 535 1304 796 1305 531 1305 795 1306 530 1306 792 1307 527 1307 792 1308 527 1308 795 1309 530 1309 790 1310 525 1310 790 1311 525 1311 795 1312 530 1312 801 1313 536 1313 801 1314 536 1314 795 1315 530 1315 793 1316 528 1316 795 1317 530 1317 799 1318 534 1318 793 1319 528 1319 793 1320 528 1320 799 1321 534 1321 794 1322 529 1322 798 1323 533 1323 794 1324 529 1324 799 1325 534 1325 810 1326 537 1326 811 1327 538 1327 812 1328 539 1328 811 1329 538 1329 810 1330 537 1330 813 1331 540 1331 814 1332 541 1332 815 1333 542 1333 816 1334 543 1334 817 1335 544 1335 816 1336 543 1336 815 1337 542 1337 818 1338 545 1338 819 1339 546 1339 820 1340 547 1340 819 1341 546 1341 818 1342 545 1342 821 1343 548 1343 819 1344 546 1344 821 1345 548 1345 822 1346 549 1346 822 1347 549 1347 821 1348 548 1348 823 1349 550 1349 824 1350 551 1350 820 1351 547 1351 825 1352 552 1352 820 1353 547 1353 824 1354 551 1354 818 1355 545 1355 825 1356 552 1356 820 1357 547 1357 823 1358 550 1358 825 1359 552 1359 823 1360 550 1360 821 1361 548 1361 826 1362 553 1362 827 1363 554 1363 828 1364 555 1364 827 1365 554 1365 829 1366 556 1366 828 1367 555 1367 830 1368 557 1368 831 1369 558 1369 829 1370 556 1370 828 1371 555 1371 829 1372 556 1372 831 1373 558 1373 827 1374 554 1374 826 1375 553 1375 832 1376 559 1376 832 1377 559 1377 826 1378 553 1378 833 1379 560 1379 826 1380 553 1380 830 1381 557 1381 833 1382 560 1382 829 1383 556 1383 833 1384 560 1384 830 1385 557 1385 838 1386 561 1386 839 1387 562 1387 840 1388 563 1388 839 1389 562 1389 838 1390 561 1390 841 1391 564 1391 842 1392 565 1392 843 1393 566 1393 844 1394 567 1394 845 1395 568 1395 844 1396 567 1396 843 1397 566 1397 846 1398 569 1398 847 1399 570 1399 848 1400 571 1400 847 1401 570 1401 846 1402 569 1402 849 1403 572 1403 847 1404 570 1404 850 1405 573 1405 848 1406 571 1406 850 1407 573 1407 847 1408 570 1408 851 1409 574 1409 850 1410 573 1410 851 1411 574 1411 852 1412 575 1412 852 1413 575 1413 851 1414 574 1414 853 1415 576 1415 852 1416 575 1416 853 1417 576 1417 849 1418 572 1418 852 1419 575 1419 849 1420 572 1420 846 1421 569 1421 854 1422 577 1422 855 1423 578 1423 856 1424 579 1424 855 1425 578 1425 857 1426 580 1426 856 1427 579 1427 857 1428 580 1428 858 1429 581 1429 856 1430 579 1430 856 1431 579 1431 858 1432 581 1432 859 1433 582 1433 858 1434 581 1434 860 1435 583 1435 859 1436 582 1436 861 1437 584 1437 859 1438 582 1438 860 1439 583 1439 855 1440 578 1440 854 1441 577 1441 860 1442 583 1442 861 1443 584 1443 860 1444 583 1444 854 1445 577 1445 878 1476 585 1476 879 1477 585 1477 880 1478 585 1478 880 1479 585 1479 879 1480 585 1480 881 1481 585 1481 879 1482 585 1482 882 1483 585 1483 881 1484 585 1484 882 1485 585 1485 883 1486 585 1486 881 1487 585 1487 883 1488 585 1488 884 1489 585 1489 881 1490 585 1490 884 1491 585 1491 885 1492 585 1492 881 1493 585 1493 885 1494 585 1494 886 1495 585 1495 881 1496 585 1496 887 1497 585 1497 881 1498 585 1498 886 1499 585 1499 878 1500 585 1500 880 1501 585 1501 888 1502 585 1502 889 1503 585 1503 886 1504 585 1504 885 1505 585 1505 902 1506 597 1506 903 1507 598 1507 904 1508 599 1508 903 1509 598 1509 902 1510 597 1510 905 1511 600 1511 906 1512 600 1512 907 1513 597 1513 908 1514 598 1514 909 1515 599 1515 908 1516 598 1516 907 1517 597 1517 914 1518 601 1518 915 1519 602 1519 916 1520 603 1520 915 1521 602 1521 914 1522 601 1522 917 1523 604 1523 918 1524 604 1524 919 1525 601 1525 920 1526 602 1526 921 1527 603 1527 920 1528 602 1528 919 1529 601 1529 924 1530 605 1530 925 1531 606 1531 926 1532 607 1532 925 1533 606 1533 924 1534 605 1534 927 1535 608 1535 928 1536 608 1536 929 1537 605 1537 930 1538 606 1538 931 1539 607 1539 930 1540 606 1540 929 1541 605 1541 933 1542 609 1542 934 1543 610 1543 935 1544 611 1544 934 1545 610 1545 933 1546 609 1546 936 1547 612 1547 937 1548 612 1548 938 1549 609 1549 939 1550 610 1550 940 1551 611 1551 939 1552 610 1552 938 1553 609 1553 942 1554 613 1554 943 1555 614 1555 944 1556 615 1556 943 1557 614 1557 942 1558 613 1558 945 1559 616 1559 946 1560 616 1560 947 1561 613 1561 948 1562 614 1562 949 1563 615 1563 948 1564 614 1564 947 1565 613 1565 950 1566 617 1566 951 1567 618 1567 952 1568 619 1568 951 1569 618 1569 950 1570 617 1570 953 1571 620 1571 954 1572 620 1572 955 1573 617 1573 956 1574 618 1574 957 1575 619 1575 956 1576 618 1576 955 1577 617 1577 958 1578 621 1578 959 1579 622 1579 960 1580 623 1580 959 1581 622 1581 958 1582 621 1582 961 1583 624 1583 962 1584 625 1584 963 1585 626 1585 964 1586 627 1586 965 1587 628 1587 964 1588 627 1588 963 1589 626 1589 970 1590 629 1590 971 1591 630 1591 972 1592 631 1592 971 1593 630 1593 970 1594 629 1594 973 1595 632 1595 973 1596 632 1596 970 1597 629 1597 974 1598 633 1598 974 1599 633 1599 970 1600 629 1600 975 1601 634 1601 975 1602 634 1602 970 1603 629 1603 976 1604 635 1604 977 1605 636 1605 978 1606 637 1606 979 1607 638 1607 979 1608 638 1608 978 1609 637 1609 980 1610 639 1610 980 1611 639 1611 978 1612 637 1612 981 1613 640 1613 981 1614 640 1614 978 1615 637 1615 982 1616 641 1616 983 1617 642 1617 982 1618 641 1618 978 1619 637 1619 989 1620 643 1620 990 1621 644 1621 991 1622 645 1622 992 1623 646 1623 993 1624 647 1624 994 1625 648 1625 993 1626 647 1626 992 1627 646 1627 995 1628 649 1628 995 1629 649 1629 992 1630 646 1630 996 1631 650 1631 995 1632 649 1632 996 1633 650 1633 990 1634 644 1634 995 1635 649 1635 990 1636 644 1636 989 1637 643 1637 995 1638 649 1638 989 1639 643 1639 997 1640 651 1640 998 1641 652 1641 999 1642 653 1642 1000 1643 654 1643 999 1644 653 1644 1001 1645 655 1645 1000 1646 654 1646 1001 1647 655 1647 1002 1648 656 1648 1000 1649 654 1649 1002 1650 656 1650 1003 1651 657 1651 1000 1652 654 1652 1000 1653 654 1653 1003 1654 657 1654 1004 1655 658 1655 1005 1656 659 1656 1004 1657 658 1657 1003 1658 657 1658 1006 1659 660 1659 1001 1660 655 1660 999 1661 653 1661 1013 1662 661 1662 1014 1663 662 1663 1015 1664 663 1664 1014 1665 662 1665 1013 1666 661 1666 1016 1667 664 1667 1017 1668 665 1668 1018 1669 666 1669 1019 1670 667 1670 1020 1671 668 1671 1019 1672 667 1672 1018 1673 666 1673 1022 1674 669 1674 1023 1675 670 1675 1024 1676 671 1676 1023 1677 670 1677 1022 1678 669 1678 1025 1679 672 1679 1026 1680 673 1680 1027 1681 674 1681 1028 1682 675 1682 1029 1683 676 1683 1028 1684 675 1684 1027 1685 674 1685 1030 1686 677 1686 1031 1687 678 1687 1032 1688 679 1688 1031 1689 678 1689 1030 1690 677 1690 1033 1691 680 1691 1034 1692 681 1692 1035 1693 682 1693 1036 1694 683 1694 1037 1695 684 1695 1036 1696 683 1696 1035 1697 682 1697 1042 1698 685 1698 1043 1699 686 1699 1044 1700 687 1700 1043 1701 686 1701 1042 1702 685 1702 1045 1703 688 1703 1046 1704 689 1704 1047 1705 690 1705 1048 1706 691 1706 1049 1707 692 1707 1048 1708 691 1708 1047 1709 690 1709 1052 1710 693 1710 1053 1711 694 1711 1054 1712 695 1712 1053 1713 694 1713 1052 1714 693 1714 1055 1715 696 1715 1056 1716 697 1716 1057 1717 698 1717 1058 1718 699 1718 1057 1719 698 1719 1056 1720 697 1720 1059 1721 700 1721 1060 1722 701 1722 1059 1723 700 1723 1061 1724 702 1724 1059 1725 700 1725 1060 1726 701 1726 1053 1727 694 1727 1059 1728 700 1728 1053 1729 694 1729 1055 1730 696 1730 1059 1731 700 1731 1055 1732 696 1732 1057 1733 698 1733 1062 1734 703 1734 1060 1735 701 1735 1061 1736 702 1736 1060 1737 701 1737 1062 1738 703 1738 1063 1739 704 1739 1063 1740 704 1740 1062 1741 703 1741 1064 1742 705 1742 1065 1743 706 1743 1066 1744 707 1744 1067 1745 708 1745 1067 1746 708 1746 1066 1747 707 1747 1068 1748 709 1748 1069 1749 710 1749 1068 1750 709 1750 1066 1751 707 1751 1070 1752 711 1752 1071 1753 712 1753 1072 1754 713 1754 1071 1755 712 1755 1073 1756 714 1756 1072 1757 713 1757 1073 1758 714 1758 1068 1759 709 1759 1072 1760 713 1760 1069 1761 710 1761 1072 1762 713 1762 1068 1763 709 1763 1072 1764 713 1764 1074 1765 715 1765 1070 1766 711 1766 1075 1767 716 1767 1070 1768 711 1768 1074 1769 715 1769 1071 1770 712 1770 1076 1771 717 1771 1073 1772 714 1772 1077 1773 718 1773 1073 1774 714 1774 1076 1775 717 1775 1088 1776 719 1776 1089 1777 720 1777 1090 1778 721 1778 1089 1779 720 1779 1088 1780 719 1780 1091 1781 722 1781 1092 1782 723 1782 1093 1783 724 1783 1094 1784 725 1784 1095 1785 726 1785 1094 1786 725 1786 1093 1787 724 1787 1097 1788 727 1788 1098 1789 728 1789 1099 1790 729 1790 1098 1791 728 1791 1097 1792 727 1792 1100 1793 730 1793 1101 1794 731 1794 1102 1795 732 1795 1103 1796 733 1796 1104 1797 734 1797 1103 1798 733 1798 1102 1799 732 1799 1106 1800 735 1800 1107 1801 736 1801 1108 1802 737 1802 1107 1803 736 1803 1106 1804 735 1804 1109 1805 738 1805 1110 1806 739 1806 1111 1807 740 1807 1112 1808 741 1808 1113 1809 742 1809 1112 1810 741 1810 1111 1811 740 1811 1116 1812 743 1812 1117 1813 744 1813 1118 1814 745 1814 1117 1815 744 1815 1116 1816 743 1816 1119 1817 746 1817 1120 1818 747 1818 1121 1819 748 1819 1122 1820 749 1820 1123 1821 750 1821 1122 1822 749 1822 1121 1823 748 1823 1125 1824 751 1824 1126 1825 752 1825 1127 1826 753 1826 1126 1827 752 1827 1125 1828 751 1828 1128 1829 754 1829 1126 1830 752 1830 1128 1831 754 1831 1129 1832 755 1832 1126 1833 752 1833 1129 1834 755 1834 1130 1835 756 1835 1131 1836 757 1836 1132 1837 758 1837 1133 1838 759 1838 1132 1839 758 1839 1134 1840 760 1840 1133 1841 759 1841 1134 1842 760 1842 1135 1843 761 1843 1133 1844 759 1844 1136 1845 762 1845 1133 1846 759 1846 1135 1847 761 1847 1140 1848 763 1848 1141 1849 764 1849 1142 1850 765 1850 1141 1851 764 1851 1140 1852 763 1852 1143 1853 766 1853 1143 1854 766 1854 1140 1855 763 1855 1144 1856 767 1856 1145 1857 768 1857 1146 1858 769 1858 1147 1859 770 1859 1147 1860 770 1860 1146 1861 769 1861 1148 1862 771 1862 1149 1863 772 1863 1148 1864 771 1864 1146 1865 769 1865 1152 1866 773 1866 1153 1867 774 1867 1154 1868 775 1868 1153 1869 774 1869 1152 1870 773 1870 1155 1871 776 1871 1156 1872 777 1872 1157 1873 778 1873 1158 1874 779 1874 1159 1875 780 1875 1158 1876 779 1876 1157 1877 778 1877 1161 1878 781 1878 1162 1879 782 1879 1163 1880 783 1880 1162 1881 782 1881 1161 1882 781 1882 1164 1883 784 1883 1165 1884 785 1884 1166 1885 786 1885 1167 1886 787 1886 1168 1887 788 1887 1167 1888 787 1888 1166 1889 786 1889 1170 1890 789 1890 1171 1891 790 1891 1172 1892 791 1892 1171 1893 790 1893 1170 1894 789 1894 1173 1895 792 1895 1174 1896 793 1896 1175 1897 794 1897 1176 1898 795 1898 1177 1899 796 1899 1176 1900 795 1900 1175 1901 794 1901 1178 1902 797 1902 1179 1903 798 1903 1180 1904 799 1904 1179 1905 798 1905 1178 1906 797 1906 1181 1907 800 1907 1182 1908 801 1908 1183 1909 802 1909 1184 1910 803 1910 1185 1911 804 1911 1184 1912 803 1912 1183 1913 802 1913 1187 1914 805 1914 1188 1915 806 1915 1189 1916 807 1916 1188 1917 806 1917 1187 1918 805 1918 1190 1919 808 1919 1191 1920 809 1920 1192 1921 810 1921 1193 1922 811 1922 1194 1923 812 1923 1193 1924 811 1924 1192 1925 810 1925 1217 1992 837 1992 1218 1993 838 1993 1219 1994 839 1994 1219 1995 839 1995 1221 1996 841 1996 1222 1997 842 1997 1219 1998 839 1998 1222 1999 842 1999 1223 2000 843 2000 1219 2001 839 2001 1223 2002 843 2002 1224 2003 844 2003 1220 2004 840 2004 1219 2005 839 2005 1224 2006 844 2006 1220 2007 840 2007 1224 2008 844 2008 1225 2009 845 2009 1220 2010 840 2010 1225 2011 845 2011 1226 2012 846 2012 1220 2013 840 2013 1226 2014 846 2014 1227 2015 847 2015 1220 2016 840 2016 1227 2017 847 2017 1228 2018 848 2018 1220 2019 840 2019 1228 2020 848 2020 1229 2021 849 2021 1220 2022 840 2022 1229 2023 849 2023 1230 2024 850 2024 1238 2025 858 2025 1221 2026 841 2026 1219 2027 839 2027 1237 2028 857 2028 1238 2029 858 2029 1219 2030 839 2030 1236 2031 856 2031 1237 2032 857 2032 1219 2033 839 2033 1235 2034 855 2034 1236 2035 856 2035 1219 2036 839 2036 1234 2037 854 2037 1235 2038 855 2038 1219 2039 839 2039 1234 2040 854 2040 1219 2041 839 2041 1218 2042 838 2042 1233 2043 853 2043 1234 2044 854 2044 1218 2045 838 2045 1232 2046 852 2046 1233 2047 853 2047 1218 2048 838 2048 1231 2049 851 2049 1232 2050 852 2050 1218 2051 838 2051 1230 2052 850 2052 1231 2053 851 2053 1218 2054 838 2054 1220 2055 840 2055 1230 2056 850 2056 1218 2057 838 2057 1863 3294 1275 3294 1864 3295 1276 3295 1865 3296 1277 3296 1864 3297 1276 3297 1863 3298 1275 3298 1866 3299 1278 3299 1867 3300 1278 3300 1868 3301 1275 3301 1869 3302 1276 3302 1870 3303 1277 3303 1869 3304 1276 3304 1868 3305 1275 3305 1875 3306 1279 3306 1876 3307 1280 3307 1877 3308 1281 3308 1876 3309 1280 3309 1875 3310 1279 3310 1878 3311 1282 3311 1879 3312 1282 3312 1880 3313 1279 3313 1881 3314 1280 3314 1882 3315 1281 3315 1881 3316 1280 3316 1880 3317 1279 3317 1885 3318 1283 3318 1886 3319 1284 3319 1887 3320 1285 3320 1886 3321 1284 3321 1885 3322 1283 3322 1888 3323 1286 3323 1889 3324 1286 3324 1890 3325 1283 3325 1891 3326 1284 3326 1892 3327 1285 3327 1891 3328 1284 3328 1890 3329 1283 3329 1894 3330 1287 3330 1895 3331 1288 3331 1896 3332 1289 3332 1895 3333 1288 3333 1894 3334 1287 3334 1897 3335 1290 3335 1898 3336 1290 3336 1899 3337 1287 3337 1900 3338 1288 3338 1901 3339 1289 3339 1900 3340 1288 3340 1899 3341 1287 3341 1903 3342 1291 3342 1904 3343 1292 3343 1905 3344 1293 3344 1904 3345 1292 3345 1903 3346 1291 3346 1906 3347 1294 3347 1907 3348 1294 3348 1908 3349 1291 3349 1909 3350 1292 3350 1910 3351 1293 3351 1909 3352 1292 3352 1908 3353 1291 3353 1911 3354 1295 3354 1912 3355 1296 3355 1913 3356 1297 3356 1912 3357 1296 3357 1911 3358 1295 3358 1914 3359 1298 3359 1915 3360 1298 3360 1916 3361 1295 3361 1917 3362 1296 3362 1918 3363 1297 3363 1917 3364 1296 3364 1916 3365 1295 3365 1919 3366 1299 3366 1920 3367 1300 3367 1921 3368 1301 3368 1920 3369 1300 3369 1919 3370 1299 3370 1922 3371 1302 3371 1923 3372 1303 3372 1924 3373 1304 3373 1925 3374 1305 3374 1926 3375 1306 3375 1925 3376 1305 3376 1924 3377 1304 3377 1931 3378 1307 3378 1932 3379 1308 3379 1933 3380 1309 3380 1932 3381 1308 3381 1931 3382 1307 3382 1934 3383 1310 3383 1935 3384 1311 3384 1936 3385 1312 3385 1937 3386 1313 3386 1938 3387 1314 3387 1937 3388 1313 3388 1936 3389 1312 3389 1941 3390 1315 3390 1942 3391 1316 3391 1943 3392 1317 3392 1942 3393 1316 3393 1941 3394 1315 3394 1944 3395 1318 3395 1945 3396 1319 3396 1946 3397 1320 3397 1947 3398 1321 3398 1948 3399 1322 3399 1947 3400 1321 3400 1946 3401 1320 3401 1950 3402 1323 3402 1951 3403 1324 3403 1952 3404 1325 3404 1951 3405 1324 3405 1950 3406 1323 3406 1953 3407 1326 3407 1954 3408 1327 3408 1955 3409 1328 3409 1956 3410 1329 3410 1957 3411 1330 3411 1956 3412 1329 3412 1955 3413 1328 3413 1959 3414 1331 3414 1960 3415 1332 3415 1961 3416 1333 3416 1960 3417 1332 3417 1959 3418 1331 3418 1962 3419 1334 3419 1963 3420 1335 3420 1964 3421 1336 3421 1965 3422 1337 3422 1966 3423 1338 3423 1965 3424 1337 3424 1964 3425 1336 3425 1967 3426 1339 3426 1968 3427 1340 3427 1969 3428 1341 3428 1968 3429 1340 3429 1967 3430 1339 3430 1970 3431 1342 3431 1971 3432 1343 3432 1972 3433 1344 3433 1973 3434 1345 3434 1974 3435 1346 3435 1973 3436 1345 3436 1972 3437 1344 3437 1987 3486 1347 3486 1988 3487 1347 3487 1989 3488 1347 3488 1990 3489 1347 3489 1989 3490 1347 3490 1988 3491 1347 3491 1989 3492 1347 3492 1991 3493 1347 3493 1987 3494 1347 3494 1987 3495 1347 3495 1991 3496 1347 3496 1992 3497 1347 3497 1992 3498 1347 3498 1991 3499 1347 3499 1993 3500 1347 3500 1991 3501 1347 3501 1994 3502 1347 3502 1993 3503 1347 3503 1993 3504 1347 3504 1994 3505 1347 3505 1988 3506 1347 3506 1990 3507 1347 3507 1988 3508 1347 3508 1994 3509 1347 3509 2007 3510 1347 3510 2008 3511 1347 3511 2009 3512 1347 3512 2010 3513 1347 3513 2009 3514 1347 3514 2008 3515 1347 3515 2017 3516 1347 3516 2018 3517 1347 3517 2019 3518 1347 3518 2020 3519 1347 3519 2019 3520 1347 3520 2018 3521 1347 3521 2026 3522 1347 3522 2027 3523 1347 3523 2028 3524 1347 3524 2029 3525 1347 3525 2028 3526 1347 3526 2027 3527 1347 3527 2035 3528 1347 3528 2036 3529 1347 3529 2037 3530 1347 3530 2038 3531 1347 3531 2037 3532 1347 3532 2036 3533 1347 3533 2043 3558 1371 3558 2044 3559 1371 3559 2045 3560 1371 3560 2046 3561 1371 3561 2045 3562 1371 3562 2044 3563 1371 3563 2055 3564 1371 3564 2056 3565 1371 3565 2057 3566 1371 3566 2058 3567 1371 3567 2057 3568 1371 3568 2056 3569 1371 3569 2065 3570 1371 3570 2066 3571 1371 3571 2067 3572 1371 3572 2068 3573 1371 3573 2067 3574 1371 3574 2066 3575 1371 3575 2075 3576 1371 3576 2076 3577 1371 3577 2077 3578 1371 3578 2078 3579 1371 3579 2077 3580 1371 3580 2076 3581 1371 3581 2079 3582 1387 3582 2080 3583 1388 3583 2081 3584 1389 3584 2080 3585 1388 3585 2079 3586 1387 3586 2082 3587 1390 3587 2082 3588 1390 3588 2079 3589 1387 3589 2083 3590 1391 3590 2083 3591 1391 3591 2084 3592 1392 3592 2085 3593 1393 3593 2084 3594 1392 3594 2083 3595 1391 3595 2086 3596 1394 3596 2086 3597 1394 3597 2083 3598 1391 3598 2079 3599 1387 3599 2087 3600 1387 3600 2088 3601 1391 3601 2089 3602 1394 3602 2089 3603 1394 3603 2088 3604 1391 3604 2090 3605 1392 3605 2091 3606 1393 3606 2090 3607 1392 3607 2088 3608 1391 3608 2088 3609 1391 3609 2087 3610 1387 3610 2092 3611 1390 3611 2092 3612 1390 3612 2087 3613 1387 3613 2093 3614 1388 3614 2094 3615 1389 3615 2093 3616 1388 3616 2087 3617 1387 3617 2103 3618 1395 3618 2104 3619 1396 3619 2105 3620 1397 3620 2104 3621 1396 3621 2103 3622 1395 3622 2106 3623 1398 3623 2107 3624 1398 3624 2108 3625 1395 3625 2109 3626 1396 3626 2110 3627 1397 3627 2109 3628 1396 3628 2108 3629 1395 3629 2113 3630 1399 3630 2114 3631 1400 3631 2115 3632 1401 3632 2114 3633 1400 3633 2113 3634 1399 3634 2116 3635 1402 3635 2117 3636 1402 3636 2118 3637 1399 3637 2119 3638 1400 3638 2120 3639 1401 3639 2119 3640 1400 3640 2118 3641 1399 3641 2122 3642 1403 3642 2123 3643 1404 3643 2124 3644 1405 3644 2123 3645 1404 3645 2122 3646 1403 3646 2125 3647 1406 3647 2126 3648 1406 3648 2127 3649 1403 3649 2128 3650 1404 3650 2129 3651 1405 3651 2128 3652 1404 3652 2127 3653 1403 3653 2131 3654 1407 3654 2132 3655 1408 3655 2133 3656 1399 3656 2132 3657 1408 3657 2131 3658 1407 3658 2134 3659 1409 3659 2135 3660 1409 3660 2136 3661 1407 3661 2137 3662 1408 3662 2138 3663 1399 3663 2137 3664 1408 3664 2136 3665 1407 3665 2140 3666 1410 3666 2141 3667 1411 3667 2142 3668 1412 3668 2141 3669 1411 3669 2140 3670 1410 3670 2143 3671 1413 3671 2144 3672 1413 3672 2145 3673 1410 3673 2146 3674 1411 3674 2147 3675 1412 3675 2146 3676 1411 3676 2145 3677 1410 3677 2149 3678 1414 3678 2150 3679 1409 3679 2151 3680 1407 3680 2150 3681 1409 3681 2149 3682 1414 3682 2152 3683 1415 3683 2153 3684 1415 3684 2154 3685 1414 3685 2155 3686 1409 3686 2156 3687 1407 3687 2155 3688 1409 3688 2154 3689 1414 3689 2158 3690 1416 3690 2159 3691 1417 3691 2160 3692 1418 3692 2159 3693 1417 3693 2158 3694 1416 3694 2161 3695 1419 3695 2162 3696 1419 3696 2163 3697 1416 3697 2164 3698 1417 3698 2165 3699 1418 3699 2164 3700 1417 3700 2163 3701 1416 3701 2167 3702 1420 3702 2168 3703 1421 3703 2169 3704 1422 3704 2168 3705 1421 3705 2167 3706 1420 3706 2170 3707 1423 3707 2171 3708 1423 3708 2172 3709 1420 3709 2173 3710 1421 3710 2174 3711 1422 3711 2173 3712 1421 3712 2172 3713 1420 3713 2175 3714 1424 3714 2176 3715 1425 3715 2177 3716 1426 3716 2176 3717 1425 3717 2175 3718 1424 3718 2178 3719 1427 3719 2178 3720 1427 3720 2175 3721 1424 3721 2179 3722 1428 3722 2179 3723 1428 3723 2180 3724 1429 3724 2181 3725 1430 3725 2180 3726 1429 3726 2179 3727 1428 3727 2182 3728 1431 3728 2182 3729 1431 3729 2179 3730 1428 3730 2175 3731 1424 3731 2183 3732 1424 3732 2184 3733 1428 3733 2185 3734 1431 3734 2185 3735 1431 3735 2184 3736 1428 3736 2186 3737 1429 3737 2187 3738 1430 3738 2186 3739 1429 3739 2184 3740 1428 3740 2184 3741 1428 3741 2183 3742 1424 3742 2188 3743 1427 3743 2188 3744 1427 3744 2183 3745 1424 3745 2189 3746 1425 3746 2190 3747 1426 3747 2189 3748 1425 3748 2183 3749 1424 3749 2191 3750 1432 3750 2192 3751 1433 3751 2193 3752 1434 3752 2192 3753 1433 3753 2191 3754 1432 3754 2194 3755 1435 3755 2195 3756 1435 3756 2196 3757 1432 3757 2197 3758 1433 3758 2198 3759 1434 3759 2197 3760 1433 3760 2196 3761 1432 3761 2203 3762 1436 3762 2204 3763 1437 3763 2205 3764 1438 3764 2204 3765 1437 3765 2203 3766 1436 3766 2206 3767 1439 3767 2207 3768 1439 3768 2208 3769 1436 3769 2209 3770 1437 3770 2210 3771 1438 3771 2209 3772 1437 3772 2208 3773 1436 3773 2213 3774 1440 3774 2214 3775 1441 3775 2215 3776 1442 3776 2214 3777 1441 3777 2213 3778 1440 3778 2216 3779 1443 3779 2217 3780 1443 3780 2218 3781 1440 3781 2219 3782 1441 3782 2220 3783 1442 3783 2219 3784 1441 3784 2218 3785 1440 3785 2222 3786 1444 3786 2223 3787 1445 3787 2224 3788 1446 3788 2223 3789 1445 3789 2222 3790 1444 3790 2225 3791 1447 3791 2226 3792 1447 3792 2227 3793 1444 3793 2228 3794 1445 3794 2229 3795 1446 3795 2228 3796 1445 3796 2227 3797 1444 3797 2231 3798 1448 3798 2232 3799 1449 3799 2233 3800 1450 3800 2232 3801 1449 3801 2231 3802 1448 3802 2234 3803 1451 3803 2235 3804 1451 3804 2236 3805 1448 3805 2237 3806 1449 3806 2238 3807 1450 3807 2237 3808 1449 3808 2236 3809 1448 3809 2239 3810 1452 3810 2240 3811 1453 3811 2241 3812 1454 3812 2240 3813 1453 3813 2239 3814 1452 3814 2242 3815 1455 3815 2243 3816 1455 3816 2244 3817 1452 3817 2245 3818 1453 3818 2246 3819 1454 3819 2245 3820 1453 3820 2244 3821 1452 3821 2247 3822 1456 3822 2248 3823 1457 3823 2249 3824 1458 3824 2248 3825 1457 3825 2247 3826 1456 3826 2250 3827 1459 3827 2250 3828 1459 3828 2247 3829 1456 3829 2251 3830 1460 3830 2251 3831 1460 3831 2247 3832 1456 3832 2252 3833 1461 3833 2251 3834 1460 3834 2252 3835 1461 3835 2253 3836 1462 3836 2253 3837 1462 3837 2252 3838 1461 3838 2254 3839 1463 3839 2253 3840 1462 3840 2254 3841 1463 3841 2255 3842 1464 3842 2255 3843 1464 3843 2254 3844 1463 3844 2256 3845 1465 3845 2255 3846 1464 3846 2256 3847 1465 3847 2257 3848 1466 3848 2257 3849 1466 3849 2256 3850 1465 3850 2258 3851 1467 3851 2257 3852 1466 3852 2258 3853 1467 3853 2259 3854 1468 3854 2259 3855 1468 3855 2258 3856 1467 3856 2260 3857 1469 3857 2259 3858 1468 3858 2260 3859 1469 3859 2261 3860 1470 3860 2259 3861 1468 3861 2261 3862 1470 3862 2262 3863 1471 3863 2262 3864 1471 3864 2261 3865 1470 3865 2263 3866 1472 3866 2262 3867 1471 3867 2263 3868 1472 3868 2264 3869 1473 3869 2264 3870 1473 3870 2263 3871 1472 3871 2265 3872 1474 3872 2265 3873 1474 3873 2263 3874 1472 3874 2266 3875 1475 3875 2265 3876 1474 3876 2266 3877 1475 3877 2267 3878 1476 3878 2267 3879 1476 3879 2266 3880 1475 3880 2268 3881 1477 3881 2267 3882 1476 3882 2268 3883 1477 3883 2269 3884 1478 3884 2269 3885 1478 3885 2268 3886 1477 3886 2270 3887 1479 3887 2269 3888 1478 3888 2270 3889 1479 3889 2271 3890 1480 3890 2271 3891 1480 3891 2270 3892 1479 3892 2272 3893 1481 3893 2271 3894 1480 3894 2272 3895 1481 3895 2273 3896 1482 3896 2273 3897 1482 3897 2272 3898 1481 3898 2274 3899 1483 3899 2275 3900 1484 3900 2276 3901 1485 3901 2277 3902 1486 3902 2277 3903 1486 3903 2276 3904 1485 3904 2278 3905 1487 3905 2276 3906 1485 3906 2279 3907 1488 3907 2278 3908 1487 3908 2278 3909 1487 3909 2279 3910 1488 3910 2280 3911 1489 3911 2279 3912 1488 3912 2281 3913 1490 3913 2280 3914 1489 3914 2280 3915 1489 3915 2281 3916 1490 3916 2282 3917 1491 3917 2281 3918 1490 3918 2283 3919 1492 3919 2282 3920 1491 3920 2282 3921 1491 3921 2283 3922 1492 3922 2284 3923 1493 3923 2283 3924 1492 3924 2285 3925 1494 3925 2284 3926 1493 3926 2284 3927 1493 3927 2285 3928 1494 3928 2286 3929 1495 3929 2286 3930 1495 3930 2285 3931 1494 3931 2287 3932 1496 3932 2285 3933 1494 3933 2288 3934 1497 3934 2287 3935 1496 3935 2287 3936 1496 3936 2288 3937 1497 3937 2289 3938 1498 3938 2288 3939 1497 3939 2290 3940 1499 3940 2289 3941 1498 3941 2290 3942 1499 3942 2291 3943 1500 3943 2289 3944 1498 3944 2289 3945 1498 3945 2291 3946 1500 3946 2292 3947 1501 3947 2291 3948 1500 3948 2293 3949 1502 3949 2292 3950 1501 3950 2292 3951 1501 3951 2293 3952 1502 3952 2294 3953 1503 3953 2293 3954 1502 3954 2295 3955 1504 3955 2294 3956 1503 3956 2294 3957 1503 3957 2295 3958 1504 3958 2296 3959 1505 3959 2295 3960 1504 3960 2297 3961 1506 3961 2296 3962 1505 3962 2296 3963 1505 3963 2297 3964 1506 3964 2298 3965 1507 3965 2297 3966 1506 3966 2299 3967 1508 3967 2298 3968 1507 3968 2298 3969 1507 3969 2299 3970 1508 3970 2300 3971 1509 3971 2300 3972 1509 3972 2299 3973 1508 3973 2301 3974 1510 3974 2302 3975 1511 3975 2301 3976 1510 3976 2299 3977 1508 3977 2507 4362 1624 4362 2508 4363 1624 4363 2509 4364 1624 4364 2510 4365 1624 4365 2509 4366 1624 4366 2508 4367 1624 4367 2509 4368 1624 4368 2511 4369 1624 4369 2507 4370 1624 4370 2507 4371 1624 4371 2511 4372 1624 4372 2512 4373 1624 4373 2512 4374 1624 4374 2511 4375 1624 4375 2513 4376 1624 4376 2511 4377 1624 4377 2514 4378 1624 4378 2513 4379 1624 4379 2513 4380 1624 4380 2514 4381 1624 4381 2508 4382 1624 4382 2510 4383 1624 4383 2508 4384 1624 4384 2514 4385 1624 4385 2527 4386 1624 4386 2528 4387 1624 4387 2529 4388 1624 4388 2530 4389 1624 4389 2529 4390 1624 4390 2528 4391 1624 4391 2537 4392 1624 4392 2538 4393 1624 4393 2539 4394 1624 4394 2540 4395 1624 4395 2539 4396 1624 4396 2538 4397 1624 4397 2546 4398 1624 4398 2547 4399 1624 4399 2548 4400 1624 4400 2549 4401 1624 4401 2548 4402 1624 4402 2547 4403 1624 4403 2555 4404 1624 4404 2556 4405 1624 4405 2557 4406 1624 4406 2558 4407 1624 4407 2557 4408 1624 4408 2556 4409 1624 4409 2559 4410 1648 4410 2560 4411 1649 4411 2561 4412 1650 4412 2560 4413 1649 4413 2559 4414 1648 4414 2562 4415 1651 4415 2563 4416 1652 4416 2564 4417 1653 4417 2565 4418 1654 4418 2566 4419 1655 4419 2565 4420 1654 4420 2564 4421 1653 4421 2575 4446 1656 4446 2576 4447 1656 4447 2577 4448 1656 4448 2578 4449 1656 4449 2577 4450 1656 4450 2576 4451 1656 4451 2587 4452 1656 4452 2588 4453 1656 4453 2589 4454 1656 4454 2590 4455 1656 4455 2589 4456 1656 4456 2588 4457 1656 4457 2597 4458 1656 4458 2598 4459 1656 4459 2599 4460 1656 4460 2600 4461 1656 4461 2599 4462 1656 4462 2598 4463 1656 4463 2607 4464 1656 4464 2608 4465 1656 4465 2609 4466 1656 4466 2610 4467 1656 4467 2609 4468 1656 4468 2608 4469 1656 4469 2615 4494 1672 4494 2616 4495 1672 4495 2617 4496 1672 4496 2618 4497 1672 4497 2617 4498 1672 4498 2616 4499 1672 4499 2627 4500 1672 4500 2628 4501 1672 4501 2629 4502 1672 4502 2630 4503 1672 4503 2629 4504 1672 4504 2628 4505 1672 4505 2637 4506 1672 4506 2638 4507 1672 4507 2639 4508 1672 4508 2640 4509 1672 4509 2639 4510 1672 4510 2638 4511 1672 4511 2647 4512 1672 4512 2648 4513 1672 4513 2649 4514 1672 4514 2650 4515 1672 4515 2649 4516 1672 4516 2648 4517 1672 4517 2651 4518 1688 4518 2652 4519 1689 4519 2653 4520 1690 4520 2652 4521 1689 4521 2651 4522 1688 4522 2654 4523 1691 4523 2655 4524 1692 4524 2656 4525 1693 4525 2657 4526 1694 4526 2658 4527 1695 4527 2657 4528 1694 4528 2656 4529 1693 4529 2663 4530 1696 4530 2664 4531 1697 4531 2665 4532 1698 4532 2664 4533 1697 4533 2663 4534 1696 4534 2666 4535 1699 4535 2664 4536 1697 4536 2666 4537 1699 4537 2667 4538 1700 4538 2667 4539 1700 4539 2666 4540 1699 4540 2668 4541 1701 4541 2667 4542 1700 4542 2668 4543 1701 4543 2669 4544 1702 4544 2669 4545 1702 4545 2668 4546 1701 4546 2670 4547 1703 4547 2669 4548 1702 4548 2670 4549 1703 4549 2671 4550 1704 4550 2671 4551 1704 4551 2670 4552 1703 4552 2672 4553 1705 4553 2671 4554 1704 4554 2672 4555 1705 4555 2673 4556 1706 4556 2673 4557 1706 4557 2672 4558 1705 4558 2674 4559 1707 4559 2673 4560 1706 4560 2674 4561 1707 4561 2675 4562 1708 4562 2675 4563 1708 4563 2674 4564 1707 4564 2676 4565 1709 4565 2675 4566 1708 4566 2676 4567 1709 4567 2677 4568 1710 4568 2677 4569 1710 4569 2676 4570 1709 4570 2678 4571 1711 4571 2677 4572 1710 4572 2678 4573 1711 4573 2679 4574 1712 4574 2679 4575 1712 4575 2678 4576 1711 4576 2680 4577 1713 4577 2679 4578 1712 4578 2680 4579 1713 4579 2681 4580 1714 4580 2681 4581 1714 4581 2680 4582 1713 4582 2682 4583 1715 4583 2681 4584 1714 4584 2682 4585 1715 4585 2683 4586 1716 4586 2683 4587 1716 4587 2682 4588 1715 4588 2684 4589 1717 4589 2683 4590 1716 4590 2684 4591 1717 4591 2685 4592 1718 4592 2685 4593 1718 4593 2684 4594 1717 4594 2686 4595 1719 4595 2687 4596 1720 4596 2688 4597 1721 4597 2689 4598 1722 4598 2689 4599 1722 4599 2688 4600 1721 4600 2690 4601 1723 4601 2688 4602 1721 4602 2691 4603 1724 4603 2690 4604 1723 4604 2690 4605 1723 4605 2691 4606 1724 4606 2692 4607 1725 4607 2691 4608 1724 4608 2693 4609 1726 4609 2692 4610 1725 4610 2692 4611 1725 4611 2693 4612 1726 4612 2694 4613 1727 4613 2693 4614 1726 4614 2695 4615 1728 4615 2694 4616 1727 4616 2694 4617 1727 4617 2695 4618 1728 4618 2696 4619 1729 4619 2695 4620 1728 4620 2697 4621 1730 4621 2696 4622 1729 4622 2696 4623 1729 4623 2697 4624 1730 4624 2698 4625 1731 4625 2697 4626 1730 4626 2699 4627 1732 4627 2698 4628 1731 4628 2698 4629 1731 4629 2699 4630 1732 4630 2700 4631 1733 4631 2699 4632 1732 4632 2701 4633 1734 4633 2700 4634 1733 4634 2700 4635 1733 4635 2701 4636 1734 4636 2702 4637 1735 4637 2701 4638 1734 4638 2703 4639 1736 4639 2702 4640 1735 4640 2702 4641 1735 4641 2703 4642 1736 4642 2704 4643 1737 4643 2703 4644 1736 4644 2705 4645 1738 4645 2704 4646 1737 4646 2704 4647 1737 4647 2705 4648 1738 4648 2706 4649 1739 4649 2705 4650 1738 4650 2707 4651 1740 4651 2706 4652 1739 4652 2706 4653 1739 4653 2707 4654 1740 4654 2708 4655 1741 4655 2707 4656 1740 4656 2709 4657 1742 4657 2708 4658 1741 4658 2710 4659 1743 4659 2708 4660 1741 4660 2709 4661 1742 4661 2899 5022 1848 5022 2900 5023 1848 5023 2901 5024 1848 5024 2902 5025 1848 5025 2901 5026 1848 5026 2900 5027 1848 5027 2901 5028 1848 5028 2903 5029 1848 5029 2899 5030 1848 5030 2899 5031 1848 5031 2903 5032 1848 5032 2904 5033 1848 5033 2904 5034 1848 5034 2903 5035 1848 5035 2905 5036 1848 5036 2903 5037 1848 5037 2906 5038 1848 5038 2905 5039 1848 5039 2905 5040 1848 5040 2906 5041 1848 5041 2900 5042 1848 5042 2902 5043 1848 5043 2900 5044 1848 5044 2906 5045 1848 5045 2919 5046 1848 5046 2920 5047 1848 5047 2921 5048 1848 5048 2922 5049 1848 5049 2921 5050 1848 5050 2920 5051 1848 5051 2929 5052 1848 5052 2930 5053 1848 5053 2931 5054 1848 5054 2932 5055 1848 5055 2931 5056 1848 5056 2930 5057 1848 5057 2938 5058 1848 5058 2939 5059 1848 5059 2940 5060 1848 5060 2941 5061 1848 5061 2940 5062 1848 5062 2939 5063 1848 5063 2947 5064 1848 5064 2948 5065 1848 5065 2949 5066 1848 5066 2950 5067 1848 5067 2949 5068 1848 5068 2948 5069 1848 5069 2955 5094 1872 5094 2956 5095 1872 5095 2957 5096 1872 5096 2958 5097 1872 5097 2957 5098 1872 5098 2956 5099 1872 5099 2967 5100 1872 5100 2968 5101 1872 5101 2969 5102 1872 5102 2970 5103 1872 5103 2969 5104 1872 5104 2968 5105 1872 5105 2977 5106 1872 5106 2978 5107 1872 5107 2979 5108 1872 5108 2980 5109 1872 5109 2979 5110 1872 5110 2978 5111 1872 5111 2987 5112 1872 5112 2988 5113 1872 5113 2989 5114 1872 5114 2990 5115 1872 5115 2989 5116 1872 5116 2988 5117 1872 5117 2991 5118 1888 5118 2992 5119 1889 5119 2993 5120 1890 5120 2992 5121 1889 5121 2991 5122 1888 5122 2994 5123 1891 5123 2995 5124 1892 5124 2996 5125 1893 5125 2997 5126 1894 5126 2998 5127 1895 5127 2997 5128 1894 5128 2996 5129 1893 5129 3011 5178 1896 5178 3012 5179 1896 5179 3013 5180 1896 5180 3014 5181 1896 5181 3013 5182 1896 5182 3012 5183 1896 5183 3013 5184 1896 5184 3015 5185 1896 5185 3011 5186 1896 5186 3011 5187 1896 5187 3015 5188 1896 5188 3016 5189 1896 5189 3016 5190 1896 5190 3015 5191 1896 5191 3017 5192 1896 5192 3015 5193 1896 5193 3018 5194 1896 5194 3017 5195 1896 5195 3017 5196 1896 5196 3018 5197 1896 5197 3012 5198 1896 5198 3014 5199 1896 5199 3012 5200 1896 5200 3018 5201 1896 5201 3031 5202 1896 5202 3032 5203 1896 5203 3033 5204 1896 5204 3034 5205 1896 5205 3033 5206 1896 5206 3032 5207 1896 5207 3041 5208 1896 5208 3042 5209 1896 5209 3043 5210 1896 5210 3044 5211 1896 5211 3043 5212 1896 5212 3042 5213 1896 5213 3050 5214 1896 5214 3051 5215 1896 5215 3052 5216 1896 5216 3053 5217 1896 5217 3052 5218 1896 5218 3051 5219 1896 5219 3059 5220 1896 5220 3060 5221 1896 5221 3061 5222 1896 5222 3062 5223 1896 5223 3061 5224 1896 5224 3060 5225 1896 5225</p>
        </triangles>
        <triangles count="824" material="CARTULINA">
          <input semantic="VERTEX" offset="0" source="#ID3006-VERTEX"/>
          <input semantic="NORMAL" offset="1" source="#ID3006-Normal0"/>
          <input semantic="TEXCOORD" offset="2" set="0" source="#ID3006-UV0"/>
          <input semantic="COLOR" offset="3" set="0" source="#ID3006-VERTEX_COLOR0"/>
          <p> 96 144 76 144 97 145 77 145 98 146 78 146 97 147 79 147 96 148 78 148 99 149 77 149 98 150 80 150 97 151 81 151 100 152 82 152 100 153 83 153 97 154 82 154 101 155 81 155 101 156 84 156 97 157 85 157 102 158 86 158 102 159 87 159 97 160 86 160 103 161 85 161 103 162 85 162 97 163 84 163 104 164 88 164 104 165 89 165 97 166 88 166 105 167 90 167 104 168 90 168 105 169 88 169 106 170 91 170 104 171 83 171 106 172 81 172 107 173 92 173 105 174 81 174 97 175 91 175 108 176 92 176 108 177 91 177 97 178 88 178 109 179 92 179 97 180 92 180 99 181 88 181 110 182 93 182 110 183 93 183 111 184 88 184 112 185 94 185 111 186 94 186 110 187 88 187 99 188 95 188 106 189 95 189 113 190 88 190 107 191 96 191 113 192 96 192 106 193 88 193 114 194 77 194 98 195 84 195 115 196 79 196 96 197 88 197 115 198 77 198 98 199 88 199 116 200 79 200 159 201 97 201 160 202 98 202 161 203 99 203 160 204 100 204 159 205 99 205 162 206 98 206 169 207 101 207 170 208 102 208 171 209 103 209 170 210 104 210 169 211 103 211 172 212 102 212 177 213 105 213 178 214 106 214 179 215 107 215 183 216 108 216 184 217 109 217 185 218 110 218 190 219 111 219 191 220 112 220 192 221 113 221 191 222 113 222 190 223 112 223 193 224 114 224 192 225 112 225 191 226 115 226 194 227 114 227 192 228 116 228 194 229 117 229 195 230 115 230 195 231 114 231 194 232 115 232 196 233 117 233 205 234 118 234 206 235 119 235 207 236 120 236 206 237 121 237 205 238 120 238 208 239 119 239 215 240 122 240 216 241 123 241 217 242 124 242 216 243 125 243 215 244 124 244 218 245 123 245 224 246 126 246 225 247 127 247 226 248 128 248 225 249 129 249 224 250 128 250 227 251 127 251 234 252 130 252 235 253 131 253 236 254 132 254 240 255 133 255 241 256 134 256 242 257 135 257 243 258 135 258 244 259 134 259 245 260 136 260 246 261 136 261 241 262 134 262 247 263 137 263 241 264 134 264 246 265 138 265 242 266 137 266 247 267 138 267 241 268 139 268 248 269 137 269 247 270 139 270 248 271 140 271 249 272 137 272 247 273 141 273 249 274 142 274 250 275 140 275 247 276 137 276 250 277 140 277 251 278 142 278 251 279 133 279 250 280 135 280 244 281 143 281 244 282 141 282 250 283 140 283 245 284 144 284 271 285 145 285 272 286 146 286 273 287 147 287 272 288 148 288 271 289 147 289 274 290 146 290 279 291 149 291 280 292 150 292 281 293 151 293 286 294 152 294 287 295 153 295 288 296 154 296 287 297 155 297 286 298 154 298 289 299 153 299 296 300 156 300 297 301 157 301 298 302 158 302 297 303 159 303 296 304 158 304 299 305 157 305 306 306 160 306 307 307 161 307 308 308 162 308 312 309 163 309 313 310 164 310 314 311 165 311 313 312 166 312 312 313 165 313 315 314 164 314 322 315 167 315 323 316 168 316 324 317 169 317 323 318 170 318 322 319 169 319 325 320 168 320 332 321 171 321 333 322 172 322 334 323 173 323 338 324 168 324 339 325 174 325 340 326 170 326 339 327 175 327 338 328 170 328 341 329 174 329 348 330 176 330 349 331 177 331 350 332 178 332 349 333 179 333 348 334 178 334 351 335 177 335 866 1446 585 1446 867 1447 586 1447 868 1448 587 1448 869 1449 587 1449 870 1450 586 1450 871 1451 588 1451 867 1452 586 1452 872 1453 589 1453 873 1454 588 1454 872 1455 589 1455 867 1456 590 1456 866 1457 588 1457 872 1458 590 1458 866 1459 591 1459 874 1460 588 1460 872 1461 591 1461 874 1462 592 1462 875 1463 588 1463 872 1464 592 1464 875 1465 593 1465 876 1466 588 1466 872 1467 594 1467 876 1468 588 1468 877 1469 593 1469 872 1470 585 1470 877 1471 587 1471 870 1472 595 1472 870 1473 596 1473 877 1474 593 1474 871 1475 592 1475 1195 1926 813 1926 1196 1927 814 1927 1197 1928 815 1928 1195 1929 813 1929 1197 1930 815 1930 1198 1931 816 1931 1195 1932 813 1932 1198 1933 816 1933 1199 1934 817 1934 1195 1935 813 1935 1199 1936 817 1936 1200 1937 818 1937 1195 1938 813 1938 1200 1939 818 1939 1201 1940 819 1940 1195 1941 813 1941 1201 1942 819 1942 1202 1943 820 1943 1195 1944 813 1944 1202 1945 820 1945 1203 1946 821 1946 1195 1947 813 1947 1203 1948 821 1948 1204 1949 822 1949 1195 1950 813 1950 1204 1951 822 1951 1205 1952 823 1952 1195 1953 813 1953 1205 1954 823 1954 1206 1955 824 1955 1214 1956 832 1956 1197 1957 815 1957 1196 1958 814 1958 1213 1959 831 1959 1214 1960 832 1960 1196 1961 814 1961 1212 1962 830 1962 1213 1963 831 1963 1196 1964 814 1964 1211 1965 829 1965 1212 1966 830 1966 1196 1967 814 1967 1211 1968 829 1968 1196 1969 814 1969 1215 1970 833 1970 1210 1971 828 1971 1211 1972 829 1972 1215 1973 833 1973 1209 1974 827 1974 1210 1975 828 1975 1215 1976 833 1976 1208 1977 826 1977 1209 1978 827 1978 1215 1979 833 1979 1207 1980 825 1980 1208 1981 826 1981 1215 1982 833 1982 1206 1983 824 1983 1207 1984 825 1984 1215 1985 833 1985 1195 1986 813 1986 1206 1987 824 1987 1215 1988 833 1988 1196 1989 834 1989 1195 1990 835 1990 1216 1991 836 1991 1251 2070 867 2070 1252 2071 868 2071 1253 2072 869 2072 1252 2073 868 2073 1251 2074 867 2074 1254 2075 870 2075 1254 2076 870 2076 1263 2077 875 2077 1252 2078 868 2078 1263 2079 875 2079 1254 2080 870 2080 1264 2081 876 2081 1269 2082 879 2082 1270 2083 880 2083 1271 2084 881 2084 1270 2085 880 2085 1269 2086 879 2086 1253 2087 869 2087 1253 2088 869 2088 1269 2089 879 2089 1251 2090 867 2090 1251 2091 867 2091 1269 2092 879 2092 1272 2093 882 2093 1263 2094 875 2094 1281 2095 887 2095 1282 2096 888 2096 1281 2097 887 2097 1263 2098 875 2098 1264 2099 876 2099 1287 2100 891 2100 1269 2101 879 2101 1271 2102 881 2102 1269 2103 879 2103 1287 2104 891 2104 1288 2105 892 2105 1281 2106 887 2106 1293 2107 895 2107 1282 2108 888 2108 1293 2109 895 2109 1281 2110 887 2110 1294 2111 896 2111 1288 2112 892 2112 1299 2113 899 2113 1300 2114 900 2114 1299 2115 899 2115 1288 2116 892 2116 1287 2117 891 2117 1293 2118 895 2118 1305 2119 903 2119 1306 2120 904 2120 1305 2121 903 2121 1293 2122 895 2122 1294 2123 896 2123 1300 2124 900 2124 1311 2125 907 2125 1312 2126 908 2126 1311 2127 907 2127 1300 2128 900 2128 1299 2129 899 2129 1306 2130 904 2130 1317 2131 911 2131 1318 2132 912 2132 1317 2133 911 2133 1306 2134 904 2134 1305 2135 903 2135 1312 2136 908 2136 1323 2137 915 2137 1324 2138 916 2138 1323 2139 915 2139 1312 2140 908 2140 1311 2141 907 2141 1329 2142 919 2142 1330 2143 920 2143 1331 2144 921 2144 1330 2145 920 2145 1329 2146 919 2146 1332 2147 922 2147 1332 2148 922 2148 1329 2149 919 2149 1318 2150 912 2150 1332 2151 922 2151 1318 2152 912 2152 1317 2153 911 2153 1324 2154 916 2154 1341 2155 927 2155 1342 2156 928 2156 1341 2157 927 2157 1324 2158 916 2158 1323 2159 915 2159 1331 2160 921 2160 1347 2161 931 2161 1348 2162 932 2162 1347 2163 931 2163 1331 2164 921 2164 1330 2165 920 2165 1342 2166 928 2166 1353 2167 935 2167 1354 2168 936 2168 1353 2169 935 2169 1342 2170 928 2170 1341 2171 927 2171 1348 2172 932 2172 1359 2173 939 2173 1360 2174 940 2174 1359 2175 939 2175 1348 2176 932 2176 1347 2177 931 2177 1354 2178 936 2178 1365 2179 943 2179 1366 2180 944 2180 1365 2181 943 2181 1354 2182 936 2182 1353 2183 935 2183 1360 2184 940 2184 1371 2185 947 2185 1372 2186 948 2186 1371 2187 947 2187 1360 2188 940 2188 1359 2189 939 2189 1377 2190 951 2190 1365 2191 943 2191 1378 2192 952 2192 1365 2193 943 2193 1377 2194 951 2194 1366 2195 944 2195 1372 2196 948 2196 1383 2197 955 2197 1384 2198 956 2198 1383 2199 955 2199 1372 2200 948 2200 1371 2201 947 2201 1389 2202 959 2202 1378 2203 952 2203 1390 2204 960 2204 1378 2205 952 2205 1389 2206 959 2206 1377 2207 951 2207 1383 2208 955 2208 1395 2209 963 2209 1384 2210 956 2210 1395 2211 963 2211 1383 2212 955 2212 1396 2213 964 2213 1396 2214 964 2214 1383 2215 955 2215 1397 2216 965 2216 1397 2217 965 2217 1383 2218 955 2218 1398 2219 966 2219 1407 2220 971 2220 1390 2221 960 2221 1408 2222 972 2222 1390 2223 960 2223 1407 2224 971 2224 1389 2225 959 2225 1397 2226 965 2226 1408 2227 972 2227 1396 2228 964 2228 1408 2229 972 2229 1397 2230 965 2230 1407 2231 971 2231 1413 2394 975 2394 1414 2395 976 2395 1415 2396 977 2396 1414 2397 976 2397 1413 2398 975 2398 1416 2399 978 2399 1416 2400 978 2400 1413 2401 975 2401 1417 2402 979 2402 1416 2403 978 2403 1417 2404 979 2404 1418 2405 980 2405 1431 2406 987 2406 1418 2407 980 2407 1417 2408 979 2408 1418 2409 980 2409 1431 2410 987 2410 1432 2411 988 2411 1415 2412 977 2412 1437 2413 991 2413 1438 2414 992 2414 1437 2415 991 2415 1415 2416 977 2416 1414 2417 976 2417 1443 2418 995 2418 1432 2419 988 2419 1431 2420 987 2420 1432 2421 988 2421 1443 2422 995 2422 1444 2423 996 2423 1438 2424 992 2424 1449 2425 999 2425 1450 2426 1000 2426 1449 2427 999 2427 1438 2428 992 2428 1437 2429 991 2429 1455 2430 1003 2430 1444 2431 996 2431 1443 2432 995 2432 1444 2433 996 2433 1455 2434 1003 2434 1456 2435 1004 2435 1450 2436 1000 2436 1461 2437 1007 2437 1462 2438 1008 2438 1461 2439 1007 2439 1450 2440 1000 2440 1449 2441 999 2441 1467 2442 1011 2442 1455 2443 1003 2443 1468 2444 1012 2444 1455 2445 1003 2445 1467 2446 1011 2446 1456 2447 1004 2447 1461 2448 1007 2448 1473 2449 1015 2449 1462 2450 1008 2450 1473 2451 1015 2451 1461 2452 1007 2452 1474 2453 1016 2453 1479 2454 1019 2454 1468 2455 1012 2455 1480 2456 1020 2456 1468 2457 1012 2457 1479 2458 1019 2458 1467 2459 1011 2459 1474 2460 1016 2460 1485 2461 1023 2461 1473 2462 1015 2462 1485 2463 1023 2463 1474 2464 1016 2464 1486 2465 1024 2465 1491 2466 1027 2466 1480 2467 1020 2467 1492 2468 1028 2468 1480 2469 1020 2469 1491 2470 1027 2470 1479 2471 1019 2471 1486 2472 1024 2472 1497 2473 1031 2473 1485 2474 1023 2474 1497 2475 1031 2475 1486 2476 1024 2476 1498 2477 1032 2477 1503 2478 1035 2478 1504 2479 1036 2479 1505 2480 1037 2480 1504 2481 1036 2481 1503 2482 1035 2482 1492 2483 1028 2483 1492 2484 1028 2484 1503 2485 1035 2485 1491 2486 1027 2486 1491 2487 1027 2487 1503 2488 1035 2488 1506 2489 1038 2489 1498 2490 1032 2490 1515 2491 1043 2491 1497 2492 1031 2492 1515 2493 1043 2493 1498 2494 1032 2494 1516 2495 1044 2495 1521 2496 1047 2496 1505 2497 1037 2497 1522 2498 1048 2498 1505 2499 1037 2499 1521 2500 1047 2500 1503 2501 1035 2501 1516 2502 1044 2502 1527 2503 1051 2503 1515 2504 1043 2504 1527 2505 1051 2505 1516 2506 1044 2506 1528 2507 1052 2507 1521 2508 1047 2508 1533 2509 1055 2509 1534 2510 1056 2510 1533 2511 1055 2511 1521 2512 1047 2512 1522 2513 1048 2513 1527 2514 1051 2514 1539 2515 1059 2515 1540 2516 1060 2516 1539 2517 1059 2517 1527 2518 1051 2518 1528 2519 1052 2519 1534 2520 1056 2520 1545 2521 1063 2521 1546 2522 1064 2522 1545 2523 1063 2523 1534 2524 1056 2524 1533 2525 1055 2525 1551 2526 1067 2526 1540 2527 1060 2527 1539 2528 1059 2528 1540 2529 1060 2529 1551 2530 1067 2530 1552 2531 1068 2531 1546 2532 1064 2532 1557 2533 1071 2533 1558 2534 1072 2534 1557 2535 1071 2535 1546 2536 1064 2536 1545 2537 1063 2537 1563 2538 1075 2538 1552 2539 1068 2539 1551 2540 1067 2540 1552 2541 1068 2541 1563 2542 1075 2542 1564 2543 1076 2543 1558 2544 1072 2544 1564 2545 1076 2545 1563 2546 1075 2546 1564 2547 1076 2547 1558 2548 1072 2548 1557 2549 1071 2549 1569 2706 1079 2706 1570 2707 1080 2707 1571 2708 1081 2708 1570 2709 1080 2709 1569 2710 1079 2710 1572 2711 1082 2711 1572 2712 1082 2712 1581 2713 1087 2713 1570 2714 1080 2714 1581 2715 1087 2715 1572 2716 1082 2716 1582 2717 1088 2717 1587 2718 1091 2718 1571 2719 1081 2719 1588 2720 1092 2720 1571 2721 1081 2721 1587 2722 1091 2722 1569 2723 1079 2723 1582 2724 1088 2724 1593 2725 1095 2725 1581 2726 1087 2726 1593 2727 1095 2727 1582 2728 1088 2728 1594 2729 1096 2729 1599 2730 1099 2730 1588 2731 1092 2731 1600 2732 1100 2732 1588 2733 1092 2733 1599 2734 1099 2734 1587 2735 1091 2735 1593 2736 1095 2736 1605 2737 1103 2737 1606 2738 1104 2738 1605 2739 1103 2739 1593 2740 1095 2740 1594 2741 1096 2741 1611 2742 1107 2742 1600 2743 1100 2743 1612 2744 1108 2744 1600 2745 1100 2745 1611 2746 1107 2746 1599 2747 1099 2747 1606 2748 1104 2748 1617 2749 1111 2749 1618 2750 1112 2750 1617 2751 1111 2751 1606 2752 1104 2752 1605 2753 1103 2753 1611 2754 1107 2754 1623 2755 1115 2755 1624 2756 1116 2756 1623 2757 1115 2757 1611 2758 1107 2758 1612 2759 1108 2759 1618 2760 1112 2760 1629 2761 1119 2761 1630 2762 1120 2762 1629 2763 1119 2763 1618 2764 1112 2764 1617 2765 1111 2765 1624 2766 1116 2766 1635 2767 1123 2767 1636 2768 1124 2768 1635 2769 1123 2769 1624 2770 1116 2770 1623 2771 1115 2771 1630 2772 1120 2772 1641 2773 1127 2773 1642 2774 1128 2774 1641 2775 1127 2775 1630 2776 1120 2776 1629 2777 1119 2777 1636 2778 1124 2778 1647 2779 1131 2779 1648 2780 1132 2780 1647 2781 1131 2781 1636 2782 1124 2782 1635 2783 1123 2783 1642 2784 1128 2784 1653 2785 1135 2785 1654 2786 1136 2786 1653 2787 1135 2787 1642 2788 1128 2788 1641 2789 1127 2789 1648 2790 1132 2790 1659 2791 1139 2791 1660 2792 1140 2792 1659 2793 1139 2793 1648 2794 1132 2794 1647 2795 1131 2795 1654 2796 1136 2796 1665 2797 1143 2797 1666 2798 1144 2798 1665 2799 1143 2799 1654 2800 1136 2800 1653 2801 1135 2801 1660 2802 1140 2802 1671 2803 1147 2803 1672 2804 1148 2804 1671 2805 1147 2805 1660 2806 1140 2806 1659 2807 1139 2807 1666 2808 1144 2808 1677 2809 1151 2809 1678 2810 1152 2810 1677 2811 1151 2811 1666 2812 1144 2812 1665 2813 1143 2813 1672 2814 1148 2814 1683 2815 1155 2815 1684 2816 1156 2816 1683 2817 1155 2817 1672 2818 1148 2818 1671 2819 1147 2819 1677 2820 1151 2820 1689 2821 1159 2821 1678 2822 1152 2822 1689 2823 1159 2823 1677 2824 1151 2824 1690 2825 1160 2825 1695 2826 1163 2826 1683 2827 1155 2827 1696 2828 1164 2828 1683 2829 1155 2829 1695 2830 1163 2830 1684 2831 1156 2831 1690 2832 1160 2832 1701 2833 1167 2833 1689 2834 1159 2834 1701 2835 1167 2835 1690 2836 1160 2836 1702 2837 1168 2837 1707 2838 1171 2838 1695 2839 1163 2839 1696 2840 1164 2840 1695 2841 1163 2841 1707 2842 1171 2842 1708 2843 1172 2843 1702 2844 1168 2844 1707 2845 1171 2845 1701 2846 1167 2846 1707 2847 1171 2847 1702 2848 1168 2848 1708 2849 1172 2849 1713 2994 1175 2994 1714 2995 1176 2995 1715 2996 1177 2996 1714 2997 1176 2997 1713 2998 1175 2998 1716 2999 1178 2999 1716 3000 1178 3000 1725 3001 1183 3001 1714 3002 1176 3002 1725 3003 1183 3003 1716 3004 1178 3004 1726 3005 1184 3005 1731 3006 1187 3006 1715 3007 1177 3007 1732 3008 1188 3008 1715 3009 1177 3009 1731 3010 1187 3010 1713 3011 1175 3011 1726 3012 1184 3012 1737 3013 1191 3013 1725 3014 1183 3014 1737 3015 1191 3015 1726 3016 1184 3016 1738 3017 1192 3017 1743 3018 1195 3018 1731 3019 1187 3019 1732 3020 1188 3020 1731 3021 1187 3021 1743 3022 1195 3022 1744 3023 1196 3023 1738 3024 1192 3024 1749 3025 1199 3025 1737 3026 1191 3026 1749 3027 1199 3027 1738 3028 1192 3028 1750 3029 1200 3029 1755 3030 1203 3030 1744 3031 1196 3031 1743 3032 1195 3032 1744 3033 1196 3033 1755 3034 1203 3034 1756 3035 1204 3035 1750 3036 1200 3036 1761 3037 1207 3037 1749 3038 1199 3038 1761 3039 1207 3039 1750 3040 1200 3040 1762 3041 1208 3041 1767 3042 1211 3042 1756 3043 1204 3043 1755 3044 1203 3044 1756 3045 1204 3045 1767 3046 1211 3046 1768 3047 1212 3047 1773 3048 1215 3048 1761 3049 1207 3049 1762 3050 1208 3050 1761 3051 1207 3051 1773 3052 1215 3052 1774 3053 1216 3053 1779 3054 1219 3054 1768 3055 1212 3055 1767 3056 1211 3056 1768 3057 1212 3057 1779 3058 1219 3058 1780 3059 1220 3059 1785 3060 1223 3060 1774 3061 1216 3061 1773 3062 1215 3062 1774 3063 1216 3063 1785 3064 1223 3064 1786 3065 1224 3065 1791 3066 1227 3066 1780 3067 1220 3067 1779 3068 1219 3068 1780 3069 1220 3069 1791 3070 1227 3070 1792 3071 1228 3071 1797 3072 1231 3072 1786 3073 1224 3073 1785 3074 1223 3074 1786 3075 1224 3075 1797 3076 1231 3076 1798 3077 1232 3077 1803 3078 1235 3078 1792 3079 1228 3079 1791 3080 1227 3080 1792 3081 1228 3081 1803 3082 1235 3082 1804 3083 1236 3083 1809 3084 1239 3084 1798 3085 1232 3085 1797 3086 1231 3086 1798 3087 1232 3087 1809 3088 1239 3088 1810 3089 1240 3089 1815 3090 1243 3090 1804 3091 1236 3091 1803 3092 1235 3092 1804 3093 1236 3093 1815 3094 1243 3094 1816 3095 1244 3095 1821 3096 1247 3096 1810 3097 1240 3097 1809 3098 1239 3098 1810 3099 1240 3099 1821 3100 1247 3100 1822 3101 1248 3101 1827 3102 1251 3102 1828 3103 1252 3103 1829 3104 1253 3104 1828 3105 1252 3105 1827 3106 1251 3106 1815 3107 1243 3107 1815 3108 1243 3108 1827 3109 1251 3109 1816 3110 1244 3110 1816 3111 1244 3111 1827 3112 1251 3112 1830 3113 1254 3113 1839 3114 1259 3114 1822 3115 1248 3115 1821 3116 1247 3116 1822 3117 1248 3117 1839 3118 1259 3118 1840 3119 1260 3119 1845 3120 1263 3120 1829 3121 1253 3121 1846 3122 1264 3122 1829 3123 1253 3123 1845 3124 1263 3124 1827 3125 1251 3125 1839 3126 1259 3126 1851 3127 1267 3127 1840 3128 1260 3128 1851 3129 1267 3129 1839 3130 1259 3130 1852 3131 1268 3131 1857 3132 1271 3132 1846 3133 1264 3133 1858 3134 1272 3134 1846 3135 1264 3135 1857 3136 1271 3136 1845 3137 1263 3137 1852 3138 1268 3138 1858 3139 1272 3139 1851 3140 1267 3140 1858 3141 1272 3141 1852 3142 1268 3142 1857 3143 1271 3143 2331 3978 1512 3978 2332 3979 1513 3979 2333 3980 1514 3980 2332 3981 1513 3981 2331 3982 1512 3982 2334 3983 1515 3983 2343 3984 1520 3984 2332 3985 1513 3985 2334 3986 1515 3986 2332 3987 1513 3987 2343 3988 1520 3988 2344 3989 1521 3989 2349 3990 1524 3990 2333 3991 1514 3991 2350 3992 1525 3992 2333 3993 1514 3993 2349 3994 1524 3994 2331 3995 1512 3995 2343 3996 1520 3996 2355 3997 1528 3997 2344 3998 1521 3998 2355 3999 1528 3999 2343 4000 1520 4000 2356 4001 1529 4001 2361 4002 1532 4002 2350 4003 1525 4003 2362 4004 1533 4004 2350 4005 1525 4005 2361 4006 1532 4006 2349 4007 1524 4007 2367 4008 1536 4008 2355 4009 1528 4009 2356 4010 1529 4010 2355 4011 1528 4011 2367 4012 1536 4012 2368 4013 1537 4013 2368 4014 1537 4014 2367 4015 1536 4015 2369 4016 1538 4016 2368 4017 1537 4017 2369 4018 1538 4018 2370 4019 1539 4019 2379 4020 1544 4020 2362 4021 1533 4021 2380 4022 1545 4022 2362 4023 1533 4023 2379 4024 1544 4024 2361 4025 1532 4025 2385 4026 1548 4026 2370 4027 1539 4027 2369 4028 1538 4028 2370 4029 1539 4029 2385 4030 1548 4030 2386 4031 1549 4031 2391 4032 1552 4032 2392 4033 1553 4033 2393 4034 1554 4034 2392 4035 1553 4035 2391 4036 1552 4036 2380 4037 1545 4037 2380 4038 1545 4038 2391 4039 1552 4039 2379 4040 1544 4040 2379 4041 1544 4041 2391 4042 1552 4042 2394 4043 1555 4043 2403 4044 1560 4044 2386 4045 1549 4045 2385 4046 1548 4046 2386 4047 1549 4047 2403 4048 1560 4048 2404 4049 1561 4049 2409 4050 1564 4050 2391 4051 1552 4051 2393 4052 1554 4052 2391 4053 1552 4053 2409 4054 1564 4054 2410 4055 1565 4055 2403 4056 1560 4056 2415 4057 1568 4057 2404 4058 1561 4058 2415 4059 1568 4059 2403 4060 1560 4060 2416 4061 1569 4061 2421 4062 1572 4062 2410 4063 1565 4063 2409 4064 1564 4064 2410 4065 1565 4065 2421 4066 1572 4066 2422 4067 1573 4067 2415 4068 1568 4068 2427 4069 1576 4069 2428 4070 1577 4070 2427 4071 1576 4071 2415 4072 1568 4072 2416 4073 1569 4073 2433 4074 1580 4074 2422 4075 1573 4075 2421 4076 1572 4076 2422 4077 1573 4077 2433 4078 1580 4078 2434 4079 1581 4079 2427 4080 1576 4080 2439 4081 1584 4081 2428 4082 1577 4082 2439 4083 1584 4083 2427 4084 1576 4084 2440 4085 1585 4085 2440 4086 1585 4086 2427 4087 1576 4087 2441 4088 1586 4088 2441 4089 1586 4089 2427 4090 1576 4090 2442 4091 1587 4091 2451 4092 1592 4092 2434 4093 1581 4093 2433 4094 1580 4094 2434 4095 1581 4095 2451 4096 1592 4096 2452 4097 1593 4097 2441 4098 1586 4098 2457 4099 1596 4099 2440 4100 1585 4100 2457 4101 1596 4101 2441 4102 1586 4102 2458 4103 1597 4103 2463 4104 1600 4104 2452 4105 1593 4105 2451 4106 1592 4106 2452 4107 1593 4107 2463 4108 1600 4108 2464 4109 1601 4109 2464 4110 1601 4110 2463 4111 1600 4111 2465 4112 1602 4112 2464 4113 1601 4113 2465 4114 1602 4114 2466 4115 1603 4115 2458 4116 1597 4116 2475 4117 1608 4117 2457 4118 1596 4118 2475 4119 1608 4119 2458 4120 1597 4120 2476 4121 1609 4121 2481 4122 1612 4122 2466 4123 1603 4123 2465 4124 1602 4124 2466 4125 1603 4125 2481 4126 1612 4126 2482 4127 1613 4127 2476 4128 1609 4128 2487 4129 1616 4129 2475 4130 1608 4130 2487 4131 1616 4131 2476 4132 1609 4132 2488 4133 1617 4133 2493 4134 1620 4134 2482 4135 1613 4135 2481 4136 1612 4136 2482 4137 1613 4137 2493 4138 1620 4138 2494 4139 1621 4139 2488 4140 1617 4140 2493 4141 1620 4141 2487 4142 1616 4142 2493 4143 1620 4143 2488 4144 1617 4144 2494 4145 1621 4145 2735 4662 1744 4662 2736 4663 1745 4663 2737 4664 1746 4664 2736 4665 1745 4665 2735 4666 1744 4666 2738 4667 1747 4667 2738 4668 1747 4668 2747 4669 1752 4669 2736 4670 1745 4670 2747 4671 1752 4671 2738 4672 1747 4672 2748 4673 1753 4673 2753 4674 1756 4674 2737 4675 1746 4675 2754 4676 1757 4676 2737 4677 1746 4677 2753 4678 1756 4678 2735 4679 1744 4679 2748 4680 1753 4680 2759 4681 1760 4681 2747 4682 1752 4682 2759 4683 1760 4683 2748 4684 1753 4684 2760 4685 1761 4685 2765 4686 1764 4686 2753 4687 1756 4687 2754 4688 1757 4688 2753 4689 1756 4689 2765 4690 1764 4690 2766 4691 1765 4691 2759 4692 1760 4692 2771 4693 1768 4693 2772 4694 1769 4694 2771 4695 1768 4695 2759 4696 1760 4696 2760 4697 1761 4697 2777 4698 1772 4698 2765 4699 1764 4699 2778 4700 1773 4700 2765 4701 1764 4701 2777 4702 1772 4702 2766 4703 1765 4703 2772 4704 1769 4704 2783 4705 1776 4705 2784 4706 1777 4706 2783 4707 1776 4707 2772 4708 1769 4708 2771 4709 1768 4709 2777 4710 1772 4710 2789 4711 1780 4711 2790 4712 1781 4712 2789 4713 1780 4713 2777 4714 1772 4714 2778 4715 1773 4715 2784 4716 1777 4716 2795 4717 1784 4717 2796 4718 1785 4718 2795 4719 1784 4719 2784 4720 1777 4720 2783 4721 1776 4721 2790 4722 1781 4722 2801 4723 1788 4723 2802 4724 1789 4724 2801 4725 1788 4725 2790 4726 1781 4726 2789 4727 1780 4727 2796 4728 1785 4728 2807 4729 1792 4729 2808 4730 1793 4730 2807 4731 1792 4731 2796 4732 1785 4732 2795 4733 1784 4733 2813 4734 1796 4734 2814 4735 1797 4735 2815 4736 1798 4736 2814 4737 1797 4737 2813 4738 1796 4738 2816 4739 1799 4739 2816 4740 1799 4740 2813 4741 1796 4741 2802 4742 1789 4742 2816 4743 1799 4743 2802 4744 1789 4744 2801 4745 1788 4745 2808 4746 1793 4746 2825 4747 1804 4747 2826 4748 1805 4748 2825 4749 1804 4749 2808 4750 1793 4750 2807 4751 1792 4751 2815 4752 1798 4752 2831 4753 1808 4753 2832 4754 1809 4754 2831 4755 1808 4755 2815 4756 1798 4756 2814 4757 1797 4757 2826 4758 1805 4758 2837 4759 1812 4759 2838 4760 1813 4760 2837 4761 1812 4761 2826 4762 1805 4762 2825 4763 1804 4763 2832 4764 1809 4764 2843 4765 1816 4765 2844 4766 1817 4766 2843 4767 1816 4767 2832 4768 1809 4768 2831 4769 1808 4769 2837 4770 1812 4770 2849 4771 1820 4771 2838 4772 1813 4772 2849 4773 1820 4773 2837 4774 1812 4774 2850 4775 1821 4775 2844 4776 1817 4776 2855 4777 1824 4777 2856 4778 1825 4778 2855 4779 1824 4779 2844 4780 1817 4780 2843 4781 1816 4781 2850 4782 1821 4782 2861 4783 1828 4783 2849 4784 1820 4784 2861 4785 1828 4785 2850 4786 1821 4786 2862 4787 1829 4787 2867 4788 1832 4788 2855 4789 1824 4789 2868 4790 1833 4790 2855 4791 1824 4791 2867 4792 1832 4792 2856 4793 1825 4793 2861 4794 1828 4794 2873 4795 1836 4795 2874 4796 1837 4796 2873 4797 1836 4797 2861 4798 1828 4798 2862 4799 1829 4799 2879 4800 1840 4800 2880 4801 1841 4801 2881 4802 1842 4802 2880 4803 1841 4803 2879 4804 1840 4804 2868 4805 1833 4805 2868 4806 1833 4806 2879 4807 1840 4807 2867 4808 1832 4808 2867 4809 1832 4809 2879 4810 1840 4810 2882 4811 1843 4811 2873 4812 1836 4812 2881 4813 1842 4813 2874 4814 1837 4814 2881 4815 1842 4815 2873 4816 1836 4816 2879 4817 1840 4817 3063 5226 1920 5226 3064 5227 1921 5227 3065 5228 1922 5228 3064 5229 1921 5229 3063 5230 1920 5230 3066 5231 1923 5231 3066 5232 1923 5232 3075 5233 1928 5233 3064 5234 1921 5234 3075 5235 1928 5235 3066 5236 1923 5236 3076 5237 1929 5237 3081 5238 1932 5238 3065 5239 1922 5239 3082 5240 1933 5240 3065 5241 1922 5241 3081 5242 1932 5242 3063 5243 1920 5243 3076 5244 1929 5244 3087 5245 1936 5245 3075 5246 1928 5246 3087 5247 1936 5247 3076 5248 1929 5248 3088 5249 1937 5249 3093 5250 1940 5250 3082 5251 1933 5251 3094 5252 1941 5252 3082 5253 1933 5253 3093 5254 1940 5254 3081 5255 1932 5255 3087 5256 1936 5256 3099 5257 1944 5257 3100 5258 1945 5258 3099 5259 1944 5259 3087 5260 1936 5260 3088 5261 1937 5261 3093 5262 1940 5262 3105 5263 1948 5263 3106 5264 1949 5264 3105 5265 1948 5265 3093 5266 1940 5266 3094 5267 1941 5267 3100 5268 1945 5268 3111 5269 1952 5269 3112 5270 1953 5270 3111 5271 1952 5271 3100 5272 1945 5272 3099 5273 1944 5273 3106 5274 1949 5274 3117 5275 1956 5275 3118 5276 1957 5276 3117 5277 1956 5277 3106 5278 1949 5278 3105 5279 1948 5279 3112 5280 1953 5280 3123 5281 1960 5281 3124 5282 1961 5282 3123 5283 1960 5283 3112 5284 1953 5284 3111 5285 1952 5285 3118 5286 1957 5286 3129 5287 1964 5287 3130 5288 1965 5288 3129 5289 1964 5289 3118 5290 1957 5290 3117 5291 1956 5291 3124 5292 1961 5292 3135 5293 1968 5293 3136 5294 1969 5294 3135 5295 1968 5295 3124 5296 1961 5296 3123 5297 1960 5297 3130 5298 1965 5298 3141 5299 1972 5299 3142 5300 1973 5300 3141 5301 1972 5301 3130 5302 1965 5302 3129 5303 1964 5303 3136 5304 1969 5304 3147 5305 1976 5305 3148 5306 1977 5306 3147 5307 1976 5307 3136 5308 1969 5308 3135 5309 1968 5309 3142 5310 1973 5310 3153 5311 1980 5311 3154 5312 1981 5312 3153 5313 1980 5313 3142 5314 1973 5314 3141 5315 1972 5315 3148 5316 1977 5316 3159 5317 1984 5317 3160 5318 1985 5318 3159 5319 1984 5319 3148 5320 1977 5320 3147 5321 1976 5321 3154 5322 1981 5322 3165 5323 1988 5323 3166 5324 1989 5324 3165 5325 1988 5325 3154 5326 1981 5326 3153 5327 1980 5327 3160 5328 1985 5328 3171 5329 1992 5329 3172 5330 1993 5330 3171 5331 1992 5331 3160 5332 1985 5332 3159 5333 1984 5333 3177 5334 1996 5334 3165 5335 1988 5335 3178 5336 1997 5336 3165 5337 1988 5337 3177 5338 1996 5338 3166 5339 1989 5339 3171 5340 1992 5340 3183 5341 2000 5341 3172 5342 1993 5342 3183 5343 2000 5343 3171 5344 1992 5344 3184 5345 2001 5345 3189 5346 2004 5346 3178 5347 1997 5347 3190 5348 2005 5348 3178 5349 1997 5349 3189 5350 2004 5350 3177 5351 1996 5351 3184 5352 2001 5352 3195 5353 2008 5353 3183 5354 2000 5354 3195 5355 2008 5355 3184 5356 2001 5356 3196 5357 2009 5357 3201 5358 2012 5358 3190 5359 2005 5359 3202 5360 2013 5360 3190 5361 2005 5361 3201 5362 2012 5362 3189 5363 2004 5363 3196 5364 2009 5364 3202 5365 2013 5365 3195 5366 2008 5366 3202 5367 2013 5367 3196 5368 2009 5368 3201 5369 2012 5369 3207 5514 2016 5514 3208 5515 2017 5515 3209 5516 2018 5516 3208 5517 2017 5517 3207 5518 2016 5518 3210 5519 2019 5519 3207 5520 2016 5520 3219 5521 2024 5521 3210 5522 2019 5522 3219 5523 2024 5523 3207 5524 2016 5524 3220 5525 2025 5525 3209 5526 2018 5526 3225 5527 2028 5527 3226 5528 2029 5528 3225 5529 2028 5529 3209 5530 2018 5530 3208 5531 2017 5531 3220 5532 2025 5532 3231 5533 2032 5533 3219 5534 2024 5534 3231 5535 2032 5535 3220 5536 2025 5536 3232 5537 2033 5537 3226 5538 2029 5538 3237 5539 2036 5539 3238 5540 2037 5540 3237 5541 2036 5541 3226 5542 2029 5542 3225 5543 2028 5543 3231 5544 2032 5544 3243 5545 2040 5545 3244 5546 2041 5546 3243 5547 2040 5547 3231 5548 2032 5548 3232 5549 2033 5549 3238 5550 2037 5550 3249 5551 2044 5551 3250 5552 2045 5552 3249 5553 2044 5553 3238 5554 2037 5554 3237 5555 2036 5555 3243 5556 2040 5556 3255 5557 2048 5557 3244 5558 2041 5558 3255 5559 2048 5559 3243 5560 2040 5560 3256 5561 2049 5561 3250 5562 2045 5562 3261 5563 2052 5563 3262 5564 2053 5564 3261 5565 2052 5565 3250 5566 2045 5566 3249 5567 2044 5567 3256 5568 2049 5568 3267 5569 2056 5569 3255 5570 2048 5570 3267 5571 2056 5571 3256 5572 2049 5572 3268 5573 2057 5573 3262 5574 2053 5574 3273 5575 2060 5575 3274 5576 2061 5576 3273 5577 2060 5577 3262 5578 2053 5578 3261 5579 2052 5579 3268 5580 2057 5580 3279 5581 2064 5581 3267 5582 2056 5582 3279 5583 2064 5583 3268 5584 2057 5584 3280 5585 2065 5585 3285 5586 2068 5586 3273 5587 2060 5587 3286 5588 2069 5588 3273 5589 2060 5589 3285 5590 2068 5590 3274 5591 2061 5591 3279 5592 2064 5592 3291 5593 2072 5593 3292 5594 2073 5594 3291 5595 2072 5595 3279 5596 2064 5596 3280 5597 2065 5597 3297 5598 2076 5598 3286 5599 2069 5599 3298 5600 2077 5600 3286 5601 2069 5601 3297 5602 2076 5602 3285 5603 2068 5603 3292 5604 2073 5604 3303 5605 2080 5605 3304 5606 2081 5606 3303 5607 2080 5607 3292 5608 2073 5608 3291 5609 2072 5609 3309 5610 2084 5610 3297 5611 2076 5611 3298 5612 2077 5612 3297 5613 2076 5613 3309 5614 2084 5614 3310 5615 2085 5615 3304 5616 2081 5616 3315 5617 2088 5617 3316 5618 2089 5618 3315 5619 2088 5619 3304 5620 2081 5620 3303 5621 2080 5621 3321 5622 2092 5622 3309 5623 2084 5623 3322 5624 2093 5624 3309 5625 2084 5625 3321 5626 2092 5626 3310 5627 2085 5627 3316 5628 2089 5628 3327 5629 2096 5629 3328 5630 2097 5630 3327 5631 2096 5631 3316 5632 2089 5632 3315 5633 2088 5633 3333 5634 2100 5634 3322 5635 2093 5635 3334 5636 2101 5636 3322 5637 2093 5637 3333 5638 2100 5638 3321 5639 2092 5639 3328 5640 2097 5640 3339 5641 2104 5641 3340 5642 2105 5642 3339 5643 2104 5643 3328 5644 2097 5644 3327 5645 2096 5645 3345 5646 2108 5646 3333 5647 2100 5647 3334 5648 2101 5648 3333 5649 2100 5649 3345 5650 2108 5650 3346 5651 2109 5651 3340 5652 2105 5652 3346 5653 2109 5653 3345 5654 2108 5654 3346 5655 2109 5655 3340 5656 2105 5656 3339 5657 2104 5657 3351 5802 2112 5802 3352 5803 2113 5803 3353 5804 2114 5804 3352 5805 2113 5805 3351 5806 2112 5806 3354 5807 2115 5807 3354 5808 2115 5808 3363 5809 2120 5809 3352 5810 2113 5810 3363 5811 2120 5811 3354 5812 2115 5812 3364 5813 2121 5813 3369 5814 2124 5814 3353 5815 2114 5815 3370 5816 2125 5816 3353 5817 2114 5817 3369 5818 2124 5818 3351 5819 2112 5819 3364 5820 2121 5820 3375 5821 2128 5821 3363 5822 2120 5822 3375 5823 2128 5823 3364 5824 2121 5824 3376 5825 2129 5825 3381 5826 2132 5826 3370 5827 2125 5827 3382 5828 2133 5828 3370 5829 2125 5829 3381 5830 2132 5830 3369 5831 2124 5831 3376 5832 2129 5832 3387 5833 2136 5833 3375 5834 2128 5834 3387 5835 2136 5835 3376 5836 2129 5836 3388 5837 2137 5837 3381 5838 2132 5838 3393 5839 2140 5839 3394 5840 2141 5840 3393 5841 2140 5841 3381 5842 2132 5842 3382 5843 2133 5843 3387 5844 2136 5844 3399 5845 2144 5845 3400 5846 2145 5846 3399 5847 2144 5847 3387 5848 2136 5848 3388 5849 2137 5849 3394 5850 2141 5850 3405 5851 2148 5851 3406 5852 2149 5852 3405 5853 2148 5853 3394 5854 2141 5854 3393 5855 2140 5855 3400 5856 2145 5856 3411 5857 2152 5857 3412 5858 2153 5858 3411 5859 2152 5859 3400 5860 2145 5860 3399 5861 2144 5861 3417 5862 2156 5862 3418 5863 2157 5863 3419 5864 2158 5864 3418 5865 2157 5865 3417 5866 2156 5866 3420 5867 2159 5867 3420 5868 2159 5868 3417 5869 2156 5869 3406 5870 2149 5870 3420 5871 2159 5871 3406 5872 2149 5872 3405 5873 2148 5873 3412 5874 2153 5874 3429 5875 2164 5875 3430 5876 2165 5876 3429 5877 2164 5877 3412 5878 2153 5878 3411 5879 2152 5879 3419 5880 2158 5880 3435 5881 2168 5881 3436 5882 2169 5882 3435 5883 2168 5883 3419 5884 2158 5884 3418 5885 2157 5885 3441 5886 2172 5886 3442 5887 2173 5887 3443 5888 2174 5888 3442 5889 2173 5889 3441 5890 2172 5890 3444 5891 2175 5891 3444 5892 2175 5892 3441 5893 2172 5893 3430 5894 2165 5894 3444 5895 2175 5895 3430 5896 2165 5896 3429 5897 2164 5897 3436 5898 2169 5898 3453 5899 2180 5899 3454 5900 2181 5900 3453 5901 2180 5901 3436 5902 2169 5902 3435 5903 2168 5903 3443 5904 2174 5904 3459 5905 2184 5905 3460 5906 2185 5906 3459 5907 2184 5907 3443 5908 2174 5908 3442 5909 2173 5909 3454 5910 2181 5910 3465 5911 2188 5911 3466 5912 2189 5912 3465 5913 2188 5913 3454 5914 2181 5914 3453 5915 2180 5915 3460 5916 2185 5916 3471 5917 2192 5917 3472 5918 2193 5918 3471 5919 2192 5919 3460 5920 2185 5920 3459 5921 2184 5921 3477 5922 2196 5922 3466 5923 2189 5923 3465 5924 2188 5924 3466 5925 2189 5925 3477 5926 2196 5926 3478 5927 2197 5927 3471 5928 2192 5928 3483 5929 2200 5929 3472 5930 2193 5930 3483 5931 2200 5931 3471 5932 2192 5932 3484 5933 2201 5933 3489 5934 2204 5934 3477 5935 2196 5935 3490 5936 2205 5936 3477 5937 2196 5937 3489 5938 2204 5938 3478 5939 2197 5939 3484 5940 2201 5940 3495 5941 2208 5941 3483 5942 2200 5942 3495 5943 2208 5943 3484 5944 2201 5944 3496 5945 2209 5945 3501 5946 2212 5946 3490 5947 2205 5947 3502 5948 2213 5948 3490 5949 2205 5949 3501 5950 2212 5950 3489 5951 2204 5951 3496 5952 2209 5952 3502 5953 2213 5953 3495 5954 2208 5954 3502 5955 2213 5955 3496 5956 2209 5956 3501 5957 2212 5957 3507 6114 2216 6114 3508 6115 2217 6115 3509 6116 2218 6116 3508 6117 2217 6117 3507 6118 2216 6118 3510 6119 2219 6119 3510 6120 2219 6120 3519 6121 2224 6121 3508 6122 2217 6122 3519 6123 2224 6123 3510 6124 2219 6124 3520 6125 2225 6125 3525 6126 2228 6126 3509 6127 2218 6127 3526 6128 2229 6128 3509 6129 2218 6129 3525 6130 2228 6130 3507 6131 2216 6131 3520 6132 2225 6132 3531 6133 2232 6133 3519 6134 2224 6134 3531 6135 2232 6135 3520 6136 2225 6136 3532 6137 2233 6137 3537 6138 2236 6138 3526 6139 2229 6139 3538 6140 2237 6140 3526 6141 2229 6141 3537 6142 2236 6142 3525 6143 2228 6143 3532 6144 2233 6144 3543 6145 2240 6145 3531 6146 2232 6146 3543 6147 2240 6147 3532 6148 2233 6148 3544 6149 2241 6149 3537 6150 2236 6150 3549 6151 2244 6151 3550 6152 2245 6152 3549 6153 2244 6153 3537 6154 2236 6154 3538 6155 2237 6155 3543 6156 2240 6156 3555 6157 2248 6157 3556 6158 2249 6158 3555 6159 2248 6159 3543 6160 2240 6160 3544 6161 2241 6161 3550 6162 2245 6162 3561 6163 2252 6163 3562 6164 2253 6164 3561 6165 2252 6165 3550 6166 2245 6166 3549 6167 2244 6167 3556 6168 2249 6168 3567 6169 2256 6169 3568 6170 2257 6170 3567 6171 2256 6171 3556 6172 2249 6172 3555 6173 2248 6173 3562 6174 2253 6174 3573 6175 2260 6175 3574 6176 2261 6176 3573 6177 2260 6177 3562 6178 2253 6178 3561 6179 2252 6179 3568 6180 2257 6180 3579 6181 2264 6181 3580 6182 2265 6182 3579 6183 2264 6183 3568 6184 2257 6184 3567 6185 2256 6185 3574 6186 2261 6186 3585 6187 2268 6187 3586 6188 2269 6188 3585 6189 2268 6189 3574 6190 2261 6190 3573 6191 2260 6191 3591 6192 2272 6192 3592 6193 2273 6193 3593 6194 2274 6194 3592 6195 2273 6195 3591 6196 2272 6196 3594 6197 2275 6197 3594 6198 2275 6198 3591 6199 2272 6199 3580 6200 2265 6200 3594 6201 2275 6201 3580 6202 2265 6202 3579 6203 2264 6203 3586 6204 2269 6204 3603 6205 2280 6205 3604 6206 2281 6206 3603 6207 2280 6207 3586 6208 2269 6208 3585 6209 2268 6209 3593 6210 2274 6210 3609 6211 2284 6211 3610 6212 2285 6212 3609 6213 2284 6213 3593 6214 2274 6214 3592 6215 2273 6215 3604 6216 2281 6216 3615 6217 2288 6217 3616 6218 2289 6218 3615 6219 2288 6219 3604 6220 2281 6220 3603 6221 2280 6221 3610 6222 2285 6222 3621 6223 2292 6223 3622 6224 2293 6224 3621 6225 2292 6225 3610 6226 2285 6226 3609 6227 2284 6227 3627 6228 2296 6228 3616 6229 2289 6229 3615 6230 2288 6230 3616 6231 2289 6231 3627 6232 2296 6232 3628 6233 2297 6233 3621 6234 2292 6234 3633 6235 2300 6235 3622 6236 2293 6236 3633 6237 2300 6237 3621 6238 2292 6238 3634 6239 2301 6239 3639 6240 2304 6240 3627 6241 2296 6241 3640 6242 2305 6242 3627 6243 2296 6243 3639 6244 2304 6244 3628 6245 2297 6245 3634 6246 2301 6246 3645 6247 2308 6247 3633 6248 2300 6248 3645 6249 2308 6249 3634 6250 2301 6250 3646 6251 2309 6251 3651 6252 2312 6252 3640 6253 2305 6253 3652 6254 2313 6254 3640 6255 2305 6255 3651 6256 2312 6256 3639 6257 2304 6257 3646 6258 2309 6258 3657 6259 2316 6259 3645 6260 2308 6260 3657 6261 2316 6261 3646 6262 2309 6262 3652 6263 2313 6263 3652 6264 2313 6264 3646 6265 2309 6265 3651 6266 2312 6266 3651 6267 2312 6267 3646 6268 2309 6268 3658 6269 2317 6269 3663 6426 2320 6426 3664 6427 2321 6427 3665 6428 2322 6428 3664 6429 2321 6429 3663 6430 2320 6430 3666 6431 2323 6431 3664 6432 2321 6432 3675 6433 2328 6433 3665 6434 2322 6434 3675 6435 2328 6435 3664 6436 2321 6436 3676 6437 2329 6437 3681 6438 2332 6438 3663 6439 2320 6439 3682 6440 2333 6440 3663 6441 2320 6441 3681 6442 2332 6442 3666 6443 2323 6443 3687 6444 2336 6444 3675 6445 2328 6445 3676 6446 2329 6446 3675 6447 2328 6447 3687 6448 2336 6448 3688 6449 2337 6449 3693 6450 2340 6450 3682 6451 2333 6451 3694 6452 2341 6452 3682 6453 2333 6453 3693 6454 2340 6454 3681 6455 2332 6455 3699 6456 2344 6456 3688 6457 2337 6457 3687 6458 2336 6458 3688 6459 2337 6459 3699 6460 2344 6460 3700 6461 2345 6461 3705 6462 2348 6462 3706 6463 2349 6463 3707 6464 2350 6464 3706 6465 2349 6465 3705 6466 2348 6466 3694 6467 2341 6467 3694 6468 2341 6468 3705 6469 2348 6469 3693 6470 2340 6470 3693 6471 2340 6471 3705 6472 2348 6472 3708 6473 2351 6473 3717 6474 2356 6474 3700 6475 2345 6475 3699 6476 2344 6476 3700 6477 2345 6477 3717 6478 2356 6478 3718 6479 2357 6479 3723 6480 2360 6480 3705 6481 2348 6481 3707 6482 2350 6482 3705 6483 2348 6483 3723 6484 2360 6484 3724 6485 2361 6485 3729 6486 2364 6486 3718 6487 2357 6487 3717 6488 2356 6488 3718 6489 2357 6489 3729 6490 2364 6490 3730 6491 2365 6491 3735 6492 2368 6492 3724 6493 2361 6493 3723 6494 2360 6494 3724 6495 2361 6495 3735 6496 2368 6496 3736 6497 2369 6497 3741 6498 2372 6498 3730 6499 2365 6499 3729 6500 2364 6500 3730 6501 2365 6501 3741 6502 2372 6502 3742 6503 2373 6503 3747 6504 2376 6504 3736 6505 2369 6505 3735 6506 2368 6506 3736 6507 2369 6507 3747 6508 2376 6508 3748 6509 2377 6509 3741 6510 2372 6510 3753 6511 2380 6511 3742 6512 2373 6512 3753 6513 2380 6513 3741 6514 2372 6514 3754 6515 2381 6515 3759 6516 2384 6516 3748 6517 2377 6517 3747 6518 2376 6518 3748 6519 2377 6519 3759 6520 2384 6520 3760 6521 2385 6521 3754 6522 2381 6522 3765 6523 2388 6523 3753 6524 2380 6524 3765 6525 2388 6525 3754 6526 2381 6526 3766 6527 2389 6527 3771 6528 2392 6528 3760 6529 2385 6529 3759 6530 2384 6530 3760 6531 2385 6531 3771 6532 2392 6532 3772 6533 2393 6533 3766 6534 2389 6534 3777 6535 2396 6535 3765 6536 2388 6536 3777 6537 2396 6537 3766 6538 2389 6538 3778 6539 2397 6539 3778 6540 2397 6540 3766 6541 2389 6541 3779 6542 2398 6542 3779 6543 2398 6543 3766 6544 2389 6544 3780 6545 2399 6545 3789 6546 2404 6546 3772 6547 2393 6547 3771 6548 2392 6548 3772 6549 2393 6549 3789 6550 2404 6550 3790 6551 2405 6551 3779 6552 2398 6552 3795 6553 2408 6553 3778 6554 2397 6554 3795 6555 2408 6555 3779 6556 2398 6556 3796 6557 2409 6557 3801 6558 2412 6558 3790 6559 2405 6559 3789 6560 2404 6560 3790 6561 2405 6561 3801 6562 2412 6562 3802 6563 2413 6563 3796 6564 2409 6564 3807 6565 2416 6565 3795 6566 2408 6566 3807 6567 2416 6567 3796 6568 2409 6568 3808 6569 2417 6569 3813 6570 2420 6570 3801 6571 2412 6571 3814 6572 2421 6572 3801 6573 2412 6573 3813 6574 2420 6574 3802 6575 2413 6575 3808 6576 2417 6576 3814 6577 2421 6577 3807 6578 2416 6578 3814 6579 2421 6579 3808 6580 2417 6580 3813 6581 2420 6581 3819 6738 2424 6738 3820 6739 2425 6739 3821 6740 2426 6740 3820 6741 2425 6741 3819 6742 2424 6742 3822 6743 2427 6743 3822 6744 2427 6744 3831 6745 2432 6745 3820 6746 2425 6746 3831 6747 2432 6747 3822 6748 2427 6748 3832 6749 2433 6749 3832 6750 2433 6750 3822 6751 2427 6751 3833 6752 2434 6752 3833 6753 2434 6753 3822 6754 2427 6754 3834 6755 2435 6755 3843 6756 2440 6756 3819 6757 2424 6757 3821 6758 2426 6758 3819 6759 2424 6759 3843 6760 2440 6760 3844 6761 2441 6761 3833 6762 2434 6762 3849 6763 2444 6763 3832 6764 2433 6764 3849 6765 2444 6765 3833 6766 2434 6766 3850 6767 2445 6767 3855 6768 2448 6768 3843 6769 2440 6769 3856 6770 2449 6770 3843 6771 2440 6771 3855 6772 2448 6772 3844 6773 2441 6773 3849 6774 2444 6774 3861 6775 2452 6775 3862 6776 2453 6776 3861 6777 2452 6777 3849 6778 2444 6778 3850 6779 2445 6779 3867 6780 2456 6780 3856 6781 2449 6781 3868 6782 2457 6782 3856 6783 2449 6783 3867 6784 2456 6784 3855 6785 2448 6785 3862 6786 2453 6786 3873 6787 2460 6787 3874 6788 2461 6788 3873 6789 2460 6789 3862 6790 2453 6790 3861 6791 2452 6791 3879 6792 2464 6792 3868 6793 2457 6793 3880 6794 2465 6794 3868 6795 2457 6795 3879 6796 2464 6796 3867 6797 2456 6797 3874 6798 2461 6798 3885 6799 2468 6799 3886 6800 2469 6800 3885 6801 2468 6801 3874 6802 2461 6802 3873 6803 2460 6803 3891 6804 2472 6804 3880 6805 2465 6805 3892 6806 2473 6806 3880 6807 2465 6807 3891 6808 2472 6808 3879 6809 2464 6809 3886 6810 2469 6810 3897 6811 2476 6811 3898 6812 2477 6812 3897 6813 2476 6813 3886 6814 2469 6814 3885 6815 2468 6815 3903 6816 2480 6816 3904 6817 2481 6817 3905 6818 2482 6818 3904 6819 2481 6819 3903 6820 2480 6820 3906 6821 2483 6821 3904 6822 2481 6822 3906 6823 2483 6823 3892 6824 2473 6824 3892 6825 2473 6825 3906 6826 2483 6826 3891 6827 2472 6827 3898 6828 2477 6828 3915 6829 2488 6829 3916 6830 2489 6830 3915 6831 2488 6831 3898 6832 2477 6832 3897 6833 2476 6833 3921 6834 2492 6834 3905 6835 2482 6835 3922 6836 2493 6836 3905 6837 2482 6837 3921 6838 2492 6838 3903 6839 2480 6839 3916 6840 2489 6840 3927 6841 2496 6841 3928 6842 2497 6842 3927 6843 2496 6843 3916 6844 2489 6844 3915 6845 2488 6845 3933 6846 2500 6846 3922 6847 2493 6847 3934 6848 2501 6848 3922 6849 2493 6849 3933 6850 2500 6850 3921 6851 2492 6851 3927 6852 2496 6852 3939 6853 2504 6853 3928 6854 2497 6854 3939 6855 2504 6855 3927 6856 2496 6856 3940 6857 2505 6857 3945 6858 2508 6858 3934 6859 2501 6859 3946 6860 2509 6860 3934 6861 2501 6861 3945 6862 2508 6862 3933 6863 2500 6863 3940 6864 2505 6864 3951 6865 2512 6865 3939 6866 2504 6866 3951 6867 2512 6867 3940 6868 2505 6868 3952 6869 2513 6869 3957 6870 2516 6870 3946 6871 2509 6871 3958 6872 2517 6872 3946 6873 2509 6873 3957 6874 2516 6874 3945 6875 2508 6875 3952 6876 2513 6876 3963 6877 2520 6877 3951 6878 2512 6878 3963 6879 2520 6879 3952 6880 2513 6880 3964 6881 2521 6881 3969 6882 2524 6882 3958 6883 2517 6883 3970 6884 2525 6884 3958 6885 2517 6885 3969 6886 2524 6886 3957 6887 2516 6887 3957 6888 2516 6888 3969 6889 2524 6889 3971 6890 2526 6890 3957 6891 2516 6891 3971 6892 2526 6892 3972 6893 2527 6893 3964 6894 2521 6894 3969 6895 2524 6895 3963 6896 2520 6896 3969 6897 2524 6897 3964 6898 2521 6898 3971 6899 2526 6899 3981 7062 2532 7062 3982 7063 2533 7063 3983 7064 2534 7064 3982 7065 2533 7065 3981 7066 2532 7066 3984 7067 2535 7067 3984 7068 2535 7068 3993 7069 2540 7069 3982 7070 2533 7070 3993 7071 2540 7071 3984 7072 2535 7072 3994 7073 2541 7073 3999 7074 2544 7074 4000 7075 2545 7075 4001 7076 2546 7076 4000 7077 2545 7077 3999 7078 2544 7078 4002 7079 2547 7079 4000 7080 2545 7080 4002 7081 2547 7081 3983 7082 2534 7082 3983 7083 2534 7083 4002 7084 2547 7084 3981 7085 2532 7085 3993 7086 2540 7086 4011 7087 2552 7087 4012 7088 2553 7088 4011 7089 2552 7089 3993 7090 2540 7090 3994 7091 2541 7091 4017 7092 2556 7092 4001 7093 2546 7093 4018 7094 2557 7094 4001 7095 2546 7095 4017 7096 2556 7096 3999 7097 2544 7097 4011 7098 2552 7098 4023 7099 2560 7099 4012 7100 2553 7100 4023 7101 2560 7101 4011 7102 2552 7102 4024 7103 2561 7103 4029 7104 2564 7104 4018 7105 2557 7105 4030 7106 2565 7106 4018 7107 2557 7107 4029 7108 2564 7108 4017 7109 2556 7109 4024 7110 2561 7110 4035 7111 2568 7111 4023 7112 2560 7112 4035 7113 2568 7113 4024 7114 2561 7114 4036 7115 2569 7115 4041 7116 2572 7116 4030 7117 2565 7117 4042 7118 2573 7118 4030 7119 2565 7119 4041 7120 2572 7120 4029 7121 2564 7121 4036 7122 2569 7122 4047 7123 2576 7123 4035 7124 2568 7124 4047 7125 2576 7125 4036 7126 2569 7126 4048 7127 2577 7127 4053 7128 2580 7128 4041 7129 2572 7129 4042 7130 2573 7130 4041 7131 2572 7131 4053 7132 2580 7132 4054 7133 2581 7133 4048 7134 2577 7134 4059 7135 2584 7135 4047 7136 2576 7136 4059 7137 2584 7137 4048 7138 2577 7138 4060 7139 2585 7139 4060 7140 2585 7140 4048 7141 2577 7141 4061 7142 2586 7142 4061 7143 2586 7143 4048 7144 2577 7144 4062 7145 2587 7145 4071 7146 2592 7146 4072 7147 2593 7147 4073 7148 2594 7148 4072 7149 2593 7149 4071 7150 2592 7150 4053 7151 2580 7151 4053 7152 2580 7152 4071 7153 2592 7153 4054 7154 2581 7154 4054 7155 2581 7155 4071 7156 2592 7156 4074 7157 2595 7157 4061 7158 2586 7158 4083 7159 2600 7159 4060 7160 2585 7160 4083 7161 2600 7161 4061 7162 2586 7162 4084 7163 2601 7163 4089 7164 2604 7164 4073 7165 2594 7165 4090 7166 2605 7166 4073 7167 2594 7167 4089 7168 2604 7168 4071 7169 2592 7169 4083 7170 2600 7170 4095 7171 2608 7171 4096 7172 2609 7172 4095 7173 2608 7173 4083 7174 2600 7174 4084 7175 2601 7175 4101 7176 2612 7176 4090 7177 2605 7177 4102 7178 2613 7178 4090 7179 2605 7179 4101 7180 2612 7180 4089 7181 2604 7181 4096 7182 2609 7182 4107 7183 2616 7183 4108 7184 2617 7184 4107 7185 2616 7185 4096 7186 2609 7186 4095 7187 2608 7187 4113 7188 2620 7188 4102 7189 2613 7189 4114 7190 2621 7190 4102 7191 2613 7191 4113 7192 2620 7192 4101 7193 2612 7193 4108 7194 2617 7194 4119 7195 2624 7195 4120 7196 2625 7196 4119 7197 2624 7197 4108 7198 2617 7198 4107 7199 2616 7199 4125 7200 2628 7200 4114 7201 2621 7201 4126 7202 2629 7202 4114 7203 2621 7203 4125 7204 2628 7204 4113 7205 2620 7205 4131 7206 2632 7206 4132 7207 2633 7207 4133 7208 2634 7208 4132 7209 2633 7209 4131 7210 2632 7210 4134 7211 2635 7211 4134 7212 2635 7212 4131 7213 2632 7213 4120 7214 2625 7214 4134 7215 2635 7215 4120 7216 2625 7216 4119 7217 2624 7217 4143 7218 2640 7218 4125 7219 2628 7219 4126 7220 2629 7220 4125 7221 2628 7221 4143 7222 2640 7222 4144 7223 2641 7223 4133 7224 2634 7224 4144 7225 2641 7225 4143 7226 2640 7226 4144 7227 2641 7227 4133 7228 2634 7228 4132 7229 2633 7229 4149 7398 2644 7398 4150 7399 2645 7399 4151 7400 2646 7400 4150 7401 2645 7401 4149 7402 2644 7402 4152 7403 2647 7403 4150 7404 2645 7404 4152 7405 2647 7405 4153 7406 2648 7406 4150 7407 2645 7407 4153 7408 2648 7408 4154 7409 2649 7409 4153 7410 2648 7410 4167 7411 2656 7411 4154 7412 2649 7412 4167 7413 2656 7413 4153 7414 2648 7414 4168 7415 2657 7415 4173 7416 2660 7416 4151 7417 2646 7417 4174 7418 2661 7418 4151 7419 2646 7419 4173 7420 2660 7420 4149 7421 2644 7421 4168 7422 2657 7422 4179 7423 2664 7423 4167 7424 2656 7424 4179 7425 2664 7425 4168 7426 2657 7426 4180 7427 2665 7427 4173 7428 2660 7428 4185 7429 2668 7429 4186 7430 2669 7430 4185 7431 2668 7431 4173 7432 2660 7432 4174 7433 2661 7433 4191 7434 2672 7434 4179 7435 2664 7435 4180 7436 2665 7436 4179 7437 2664 7437 4191 7438 2672 7438 4192 7439 2673 7439 4197 7440 2676 7440 4185 7441 2668 7441 4198 7442 2677 7442 4185 7443 2668 7443 4197 7444 2676 7444 4186 7445 2669 7445 4192 7446 2673 7446 4203 7447 2680 7447 4204 7448 2681 7448 4203 7449 2680 7449 4192 7450 2673 7450 4191 7451 2672 7451 4209 7452 2684 7452 4198 7453 2677 7453 4210 7454 2685 7454 4198 7455 2677 7455 4209 7456 2684 7456 4197 7457 2676 7457 4203 7458 2680 7458 4215 7459 2688 7459 4204 7460 2681 7460 4215 7461 2688 7461 4203 7462 2680 7462 4216 7463 2689 7463 4221 7464 2692 7464 4222 7465 2693 7465 4223 7466 2694 7466 4222 7467 2693 7467 4221 7468 2692 7468 4210 7469 2685 7469 4210 7470 2685 7470 4221 7471 2692 7471 4209 7472 2684 7472 4209 7473 2684 7473 4221 7474 2692 7474 4224 7475 2695 7475 4216 7476 2689 7476 4233 7477 2700 7477 4215 7478 2688 7478 4233 7479 2700 7479 4216 7480 2689 7480 4234 7481 2701 7481 4239 7482 2704 7482 4223 7483 2694 7483 4240 7484 2705 7484 4223 7485 2694 7485 4239 7486 2704 7486 4221 7487 2692 7487 4234 7488 2701 7488 4245 7489 2708 7489 4233 7490 2700 7490 4245 7491 2708 7491 4234 7492 2701 7492 4246 7493 2709 7493 4246 7494 2709 7494 4234 7495 2701 7495 4247 7496 2710 7496 4247 7497 2710 7497 4234 7498 2701 7498 4248 7499 2711 7499 4257 7500 2716 7500 4240 7501 2705 7501 4258 7502 2717 7502 4240 7503 2705 7503 4257 7504 2716 7504 4239 7505 2704 7505 4247 7506 2710 7506 4263 7507 2720 7507 4246 7508 2709 7508 4263 7509 2720 7509 4247 7510 2710 7510 4264 7511 2721 7511 4269 7512 2724 7512 4258 7513 2717 7513 4270 7514 2725 7514 4258 7515 2717 7515 4269 7516 2724 7516 4257 7517 2716 7517 4264 7518 2721 7518 4275 7519 2728 7519 4263 7520 2720 7520 4275 7521 2728 7521 4264 7522 2721 7522 4276 7523 2729 7523 4281 7524 2732 7524 4269 7525 2724 7525 4270 7526 2725 7526 4269 7527 2724 7527 4281 7528 2732 7528 4282 7529 2733 7529 4275 7530 2728 7530 4287 7531 2736 7531 4288 7532 2737 7532 4287 7533 2736 7533 4275 7534 2728 7534 4276 7535 2729 7535 4293 7536 2740 7536 4282 7537 2733 7537 4281 7538 2732 7538 4282 7539 2733 7539 4293 7540 2740 7540 4294 7541 2741 7541 4288 7542 2737 7542 4299 7543 2744 7543 4300 7544 2745 7544 4299 7545 2744 7545 4288 7546 2737 7546 4287 7547 2736 7547 4305 7548 2748 7548 4294 7549 2741 7549 4293 7550 2740 7550 4294 7551 2741 7551 4305 7552 2748 7552 4306 7553 2749 7553 4300 7554 2745 7554 4306 7555 2749 7555 4305 7556 2748 7556 4306 7557 2749 7557 4300 7558 2745 7558 4299 7559 2744 7559</p>
        </triangles>
        <triangles count="2" material="material">
          <input semantic="VERTEX" offset="0" source="#ID3006-VERTEX"/>
          <input semantic="NORMAL" offset="1" source="#ID3006-Normal0"/>
          <input semantic="TEXCOORD" offset="2" set="0" source="#ID3006-UV0"/>
          <input semantic="COLOR" offset="3" set="0" source="#ID3006-VERTEX_COLOR0"/>
          <p> 1239 2058 859 2058 1240 2059 860 2059 1241 2060 861 2060 1240 2061 860 2061 1239 2062 859 2062 1242 2063 862 2063</p>
        </triangles>
        <triangles count="730" material="material_0">
          <input semantic="VERTEX" offset="0" source="#ID3006-VERTEX"/>
          <input semantic="NORMAL" offset="1" source="#ID3006-Normal0"/>
          <input semantic="TEXCOORD" offset="2" set="0" source="#ID3006-UV0"/>
          <input semantic="COLOR" offset="3" set="0" source="#ID3006-VERTEX_COLOR0"/>
          <p> 1243 2064 863 2064 1244 2065 864 2065 1245 2066 865 2066 1246 2067 866 2067 1245 2068 865 2068 1244 2069 864 2069 1255 2232 871 2232 1256 2233 872 2233 1257 2234 873 2234 1258 2235 874 2235 1257 2236 873 2236 1256 2237 872 2237 1265 2238 877 2238 1255 2239 871 2239 1266 2240 878 2240 1257 2241 873 2241 1266 2242 878 2242 1255 2243 871 2243 1273 2244 883 2244 1274 2245 884 2245 1256 2246 872 2246 1256 2247 872 2247 1274 2248 884 2248 1258 2249 874 2249 1258 2250 874 2250 1274 2251 884 2251 1275 2252 885 2252 1276 2253 886 2253 1275 2254 885 2254 1274 2255 884 2255 1265 2256 877 2256 1266 2257 878 2257 1283 2258 889 2258 1284 2259 890 2259 1283 2260 889 2260 1266 2261 878 2261 1289 2262 893 2262 1290 2263 894 2263 1274 2264 884 2264 1276 2265 886 2265 1274 2266 884 2266 1290 2267 894 2267 1295 2268 897 2268 1283 2269 889 2269 1296 2270 898 2270 1284 2271 890 2271 1296 2272 898 2272 1283 2273 889 2273 1290 2274 894 2274 1289 2275 893 2275 1301 2276 901 2276 1302 2277 902 2277 1301 2278 901 2278 1289 2279 893 2279 1295 2280 897 2280 1296 2281 898 2281 1307 2282 905 2282 1308 2283 906 2283 1307 2284 905 2284 1296 2285 898 2285 1301 2286 901 2286 1302 2287 902 2287 1313 2288 909 2288 1314 2289 910 2289 1313 2290 909 2290 1302 2291 902 2291 1307 2292 905 2292 1308 2293 906 2293 1319 2294 913 2294 1320 2295 914 2295 1319 2296 913 2296 1308 2297 906 2297 1313 2298 909 2298 1314 2299 910 2299 1325 2300 917 2300 1326 2301 918 2301 1325 2302 917 2302 1314 2303 910 2303 1319 2304 913 2304 1320 2305 914 2305 1333 2306 923 2306 1320 2307 914 2307 1334 2308 924 2308 1333 2309 923 2309 1333 2310 923 2310 1334 2311 924 2311 1335 2312 925 2312 1336 2313 926 2313 1335 2314 925 2314 1334 2315 924 2315 1325 2316 917 2316 1326 2317 918 2317 1343 2318 929 2318 1344 2319 930 2319 1343 2320 929 2320 1326 2321 918 2321 1335 2322 925 2322 1336 2323 926 2323 1349 2324 933 2324 1350 2325 934 2325 1349 2326 933 2326 1336 2327 926 2327 1343 2328 929 2328 1344 2329 930 2329 1355 2330 937 2330 1356 2331 938 2331 1355 2332 937 2332 1344 2333 930 2333 1349 2334 933 2334 1350 2335 934 2335 1361 2336 941 2336 1362 2337 942 2337 1361 2338 941 2338 1350 2339 934 2339 1355 2340 937 2340 1356 2341 938 2341 1367 2342 945 2342 1368 2343 946 2343 1367 2344 945 2344 1356 2345 938 2345 1361 2346 941 2346 1362 2347 942 2347 1373 2348 949 2348 1374 2349 950 2349 1373 2350 949 2350 1362 2351 942 2351 1368 2352 946 2352 1379 2353 953 2353 1367 2354 945 2354 1380 2355 954 2355 1367 2356 945 2356 1379 2357 953 2357 1373 2358 949 2358 1374 2359 950 2359 1385 2360 957 2360 1386 2361 958 2361 1385 2362 957 2362 1374 2363 950 2363 1379 2364 953 2364 1391 2365 961 2365 1380 2366 954 2366 1392 2367 962 2367 1380 2368 954 2368 1391 2369 961 2369 1399 2370 967 2370 1385 2371 957 2371 1400 2372 968 2372 1400 2373 968 2373 1385 2374 957 2374 1401 2375 969 2375 1401 2376 969 2376 1385 2377 957 2377 1402 2378 970 2378 1386 2379 958 2379 1402 2380 970 2380 1385 2381 957 2381 1391 2382 961 2382 1409 2383 973 2383 1392 2384 962 2384 1410 2385 974 2385 1392 2386 962 2386 1409 2387 973 2387 1409 2388 973 2388 1400 2389 968 2389 1410 2390 974 2390 1401 2391 969 2391 1410 2392 974 2392 1400 2393 968 2393 1419 2550 981 2550 1420 2551 982 2551 1421 2552 983 2552 1420 2553 982 2553 1422 2554 984 2554 1421 2555 983 2555 1421 2556 983 2556 1422 2557 984 2557 1423 2558 985 2558 1424 2559 986 2559 1423 2560 985 2560 1422 2561 984 2561 1433 2562 989 2562 1434 2563 990 2563 1419 2564 981 2564 1420 2565 982 2565 1419 2566 981 2566 1434 2567 990 2567 1423 2568 985 2568 1424 2569 986 2569 1439 2570 993 2570 1440 2571 994 2571 1439 2572 993 2572 1424 2573 986 2573 1445 2574 997 2574 1446 2575 998 2575 1433 2576 989 2576 1434 2577 990 2577 1433 2578 989 2578 1446 2579 998 2579 1439 2580 993 2580 1440 2581 994 2581 1451 2582 1001 2582 1452 2583 1002 2583 1451 2584 1001 2584 1440 2585 994 2585 1457 2586 1005 2586 1458 2587 1006 2587 1445 2588 997 2588 1446 2589 998 2589 1445 2590 997 2590 1458 2591 1006 2591 1451 2592 1001 2592 1452 2593 1002 2593 1463 2594 1009 2594 1464 2595 1010 2595 1463 2596 1009 2596 1452 2597 1002 2597 1457 2598 1005 2598 1469 2599 1013 2599 1458 2600 1006 2600 1470 2601 1014 2601 1458 2602 1006 2602 1469 2603 1013 2603 1475 2604 1017 2604 1463 2605 1009 2605 1476 2606 1018 2606 1464 2607 1010 2607 1476 2608 1018 2608 1463 2609 1009 2609 1469 2610 1013 2610 1481 2611 1021 2611 1470 2612 1014 2612 1482 2613 1022 2613 1470 2614 1014 2614 1481 2615 1021 2615 1487 2616 1025 2616 1475 2617 1017 2617 1488 2618 1026 2618 1476 2619 1018 2619 1488 2620 1026 2620 1475 2621 1017 2621 1481 2622 1021 2622 1493 2623 1029 2623 1482 2624 1022 2624 1494 2625 1030 2625 1482 2626 1022 2626 1493 2627 1029 2627 1499 2628 1033 2628 1487 2629 1025 2629 1500 2630 1034 2630 1488 2631 1026 2631 1500 2632 1034 2632 1487 2633 1025 2633 1507 2634 1039 2634 1508 2635 1040 2635 1493 2636 1029 2636 1493 2637 1029 2637 1508 2638 1040 2638 1494 2639 1030 2639 1494 2640 1030 2640 1508 2641 1040 2641 1509 2642 1041 2642 1510 2643 1042 2643 1509 2644 1041 2644 1508 2645 1040 2645 1517 2646 1045 2646 1499 2647 1033 2647 1518 2648 1046 2648 1500 2649 1034 2649 1518 2650 1046 2650 1499 2651 1033 2651 1508 2652 1040 2652 1523 2653 1049 2653 1510 2654 1042 2654 1524 2655 1050 2655 1510 2656 1042 2656 1523 2657 1049 2657 1529 2658 1053 2658 1517 2659 1045 2659 1530 2660 1054 2660 1518 2661 1046 2661 1530 2662 1054 2662 1517 2663 1045 2663 1524 2664 1050 2664 1523 2665 1049 2665 1535 2666 1057 2666 1536 2667 1058 2667 1535 2668 1057 2668 1523 2669 1049 2669 1529 2670 1053 2670 1530 2671 1054 2671 1541 2672 1061 2672 1542 2673 1062 2673 1541 2674 1061 2674 1530 2675 1054 2675 1535 2676 1057 2676 1536 2677 1058 2677 1547 2678 1065 2678 1548 2679 1066 2679 1547 2680 1065 2680 1536 2681 1058 2681 1553 2682 1069 2682 1554 2683 1070 2683 1542 2684 1062 2684 1541 2685 1061 2685 1542 2686 1062 2686 1554 2687 1070 2687 1547 2688 1065 2688 1548 2689 1066 2689 1559 2690 1073 2690 1560 2691 1074 2691 1559 2692 1073 2692 1548 2693 1066 2693 1565 2694 1077 2694 1566 2695 1078 2695 1553 2696 1069 2696 1554 2697 1070 2697 1553 2698 1069 2698 1566 2699 1078 2699 1559 2700 1073 2700 1560 2701 1074 2701 1565 2702 1077 2702 1566 2703 1078 2703 1565 2704 1077 2704 1560 2705 1074 2705 1573 2850 1083 2850 1574 2851 1084 2851 1575 2852 1085 2852 1576 2853 1086 2853 1575 2854 1085 2854 1574 2855 1084 2855 1583 2856 1089 2856 1573 2857 1083 2857 1584 2858 1090 2858 1575 2859 1085 2859 1584 2860 1090 2860 1573 2861 1083 2861 1574 2862 1084 2862 1589 2863 1093 2863 1576 2864 1086 2864 1590 2865 1094 2865 1576 2866 1086 2866 1589 2867 1093 2867 1595 2868 1097 2868 1583 2869 1089 2869 1596 2870 1098 2870 1584 2871 1090 2871 1596 2872 1098 2872 1583 2873 1089 2873 1589 2874 1093 2874 1601 2875 1101 2875 1590 2876 1094 2876 1602 2877 1102 2877 1590 2878 1094 2878 1601 2879 1101 2879 1595 2880 1097 2880 1596 2881 1098 2881 1607 2882 1105 2882 1608 2883 1106 2883 1607 2884 1105 2884 1596 2885 1098 2885 1601 2886 1101 2886 1613 2887 1109 2887 1602 2888 1102 2888 1614 2889 1110 2889 1602 2890 1102 2890 1613 2891 1109 2891 1607 2892 1105 2892 1608 2893 1106 2893 1619 2894 1113 2894 1620 2895 1114 2895 1619 2896 1113 2896 1608 2897 1106 2897 1614 2898 1110 2898 1613 2899 1109 2899 1625 2900 1117 2900 1626 2901 1118 2901 1625 2902 1117 2902 1613 2903 1109 2903 1619 2904 1113 2904 1620 2905 1114 2905 1631 2906 1121 2906 1632 2907 1122 2907 1631 2908 1121 2908 1620 2909 1114 2909 1625 2910 1117 2910 1626 2911 1118 2911 1637 2912 1125 2912 1638 2913 1126 2913 1637 2914 1125 2914 1626 2915 1118 2915 1631 2916 1121 2916 1632 2917 1122 2917 1643 2918 1129 2918 1644 2919 1130 2919 1643 2920 1129 2920 1632 2921 1122 2921 1637 2922 1125 2922 1638 2923 1126 2923 1649 2924 1133 2924 1650 2925 1134 2925 1649 2926 1133 2926 1638 2927 1126 2927 1643 2928 1129 2928 1644 2929 1130 2929 1655 2930 1137 2930 1656 2931 1138 2931 1655 2932 1137 2932 1644 2933 1130 2933 1649 2934 1133 2934 1650 2935 1134 2935 1661 2936 1141 2936 1662 2937 1142 2937 1661 2938 1141 2938 1650 2939 1134 2939 1655 2940 1137 2940 1656 2941 1138 2941 1667 2942 1145 2942 1668 2943 1146 2943 1667 2944 1145 2944 1656 2945 1138 2945 1661 2946 1141 2946 1662 2947 1142 2947 1673 2948 1149 2948 1674 2949 1150 2949 1673 2950 1149 2950 1662 2951 1142 2951 1667 2952 1145 2952 1668 2953 1146 2953 1679 2954 1153 2954 1680 2955 1154 2955 1679 2956 1153 2956 1668 2957 1146 2957 1673 2958 1149 2958 1674 2959 1150 2959 1685 2960 1157 2960 1686 2961 1158 2961 1685 2962 1157 2962 1674 2963 1150 2963 1691 2964 1161 2964 1679 2965 1153 2965 1692 2966 1162 2966 1680 2967 1154 2967 1692 2968 1162 2968 1679 2969 1153 2969 1686 2970 1158 2970 1697 2971 1165 2971 1685 2972 1157 2972 1698 2973 1166 2973 1685 2974 1157 2974 1697 2975 1165 2975 1703 2976 1169 2976 1691 2977 1161 2977 1704 2978 1170 2978 1692 2979 1162 2979 1704 2980 1170 2980 1691 2981 1161 2981 1709 2982 1173 2982 1710 2983 1174 2983 1697 2984 1165 2984 1698 2985 1166 2985 1697 2986 1165 2986 1710 2987 1174 2987 1709 2988 1173 2988 1703 2989 1169 2989 1710 2990 1174 2990 1704 2991 1170 2991 1710 2992 1174 2992 1703 2993 1169 2993 1717 3144 1179 3144 1718 3145 1180 3145 1719 3146 1181 3146 1720 3147 1182 3147 1719 3148 1181 3148 1718 3149 1180 3149 1727 3150 1185 3150 1717 3151 1179 3151 1728 3152 1186 3152 1719 3153 1181 3153 1728 3154 1186 3154 1717 3155 1179 3155 1718 3156 1180 3156 1733 3157 1189 3157 1720 3158 1182 3158 1734 3159 1190 3159 1720 3160 1182 3160 1733 3161 1189 3161 1739 3162 1193 3162 1727 3163 1185 3163 1740 3164 1194 3164 1728 3165 1186 3165 1740 3166 1194 3166 1727 3167 1185 3167 1745 3168 1197 3168 1746 3169 1198 3169 1733 3170 1189 3170 1734 3171 1190 3171 1733 3172 1189 3172 1746 3173 1198 3173 1751 3174 1201 3174 1739 3175 1193 3175 1752 3176 1202 3176 1740 3177 1194 3177 1752 3178 1202 3178 1739 3179 1193 3179 1757 3180 1205 3180 1758 3181 1206 3181 1745 3182 1197 3182 1746 3183 1198 3183 1745 3184 1197 3184 1758 3185 1206 3185 1763 3186 1209 3186 1751 3187 1201 3187 1764 3188 1210 3188 1752 3189 1202 3189 1764 3190 1210 3190 1751 3191 1201 3191 1769 3192 1213 3192 1770 3193 1214 3193 1757 3194 1205 3194 1758 3195 1206 3195 1757 3196 1205 3196 1770 3197 1214 3197 1775 3198 1217 3198 1776 3199 1218 3199 1764 3200 1210 3200 1763 3201 1209 3201 1764 3202 1210 3202 1776 3203 1218 3203 1781 3204 1221 3204 1782 3205 1222 3205 1769 3206 1213 3206 1770 3207 1214 3207 1769 3208 1213 3208 1782 3209 1222 3209 1787 3210 1225 3210 1788 3211 1226 3211 1775 3212 1217 3212 1776 3213 1218 3213 1775 3214 1217 3214 1788 3215 1226 3215 1793 3216 1229 3216 1794 3217 1230 3217 1781 3218 1221 3218 1782 3219 1222 3219 1781 3220 1221 3220 1794 3221 1230 3221 1799 3222 1233 3222 1800 3223 1234 3223 1787 3224 1225 3224 1788 3225 1226 3225 1787 3226 1225 3226 1800 3227 1234 3227 1805 3228 1237 3228 1806 3229 1238 3229 1793 3230 1229 3230 1794 3231 1230 3231 1793 3232 1229 3232 1806 3233 1238 3233 1811 3234 1241 3234 1812 3235 1242 3235 1799 3236 1233 3236 1800 3237 1234 3237 1799 3238 1233 3238 1812 3239 1242 3239 1817 3240 1245 3240 1818 3241 1246 3241 1805 3242 1237 3242 1806 3243 1238 3243 1805 3244 1237 3244 1818 3245 1246 3245 1823 3246 1249 3246 1824 3247 1250 3247 1811 3248 1241 3248 1812 3249 1242 3249 1811 3250 1241 3250 1824 3251 1250 3251 1831 3252 1255 3252 1832 3253 1256 3253 1817 3254 1245 3254 1817 3255 1245 3255 1832 3256 1256 3256 1818 3257 1246 3257 1818 3258 1246 3258 1832 3259 1256 3259 1833 3260 1257 3260 1834 3261 1258 3261 1833 3262 1257 3262 1832 3263 1256 3263 1841 3264 1261 3264 1842 3265 1262 3265 1823 3266 1249 3266 1824 3267 1250 3267 1823 3268 1249 3268 1842 3269 1262 3269 1832 3270 1256 3270 1847 3271 1265 3271 1834 3272 1258 3272 1848 3273 1266 3273 1834 3274 1258 3274 1847 3275 1265 3275 1853 3276 1269 3276 1842 3277 1262 3277 1854 3278 1270 3278 1841 3279 1261 3279 1854 3280 1270 3280 1842 3281 1262 3281 1847 3282 1265 3282 1859 3283 1273 3283 1848 3284 1266 3284 1860 3285 1274 3285 1848 3286 1266 3286 1859 3287 1273 3287 1859 3288 1273 3288 1853 3289 1269 3289 1860 3290 1274 3290 1854 3291 1270 3291 1860 3292 1274 3292 1853 3293 1269 3293 2335 4146 1516 4146 2336 4147 1517 4147 2337 4148 1518 4148 2338 4149 1519 4149 2337 4150 1518 4150 2336 4151 1517 4151 2345 4152 1522 4152 2346 4153 1523 4153 2337 4154 1518 4154 2335 4155 1516 4155 2337 4156 1518 4156 2346 4157 1523 4157 2336 4158 1517 4158 2351 4159 1526 4159 2338 4160 1519 4160 2352 4161 1527 4161 2338 4162 1519 4162 2351 4163 1526 4163 2357 4164 1530 4164 2346 4165 1523 4165 2358 4166 1531 4166 2345 4167 1522 4167 2358 4168 1531 4168 2346 4169 1523 4169 2351 4170 1526 4170 2363 4171 1534 4171 2352 4172 1527 4172 2364 4173 1535 4173 2352 4174 1527 4174 2363 4175 1534 4175 2371 4176 1540 4176 2372 4177 1541 4177 2373 4178 1542 4178 2372 4179 1541 4179 2374 4180 1543 4180 2373 4181 1542 4181 2373 4182 1542 4182 2374 4183 1543 4183 2358 4184 1531 4184 2357 4185 1530 4185 2358 4186 1531 4186 2374 4187 1543 4187 2363 4188 1534 4188 2381 4189 1546 4189 2364 4190 1535 4190 2382 4191 1547 4191 2364 4192 1535 4192 2381 4193 1546 4193 2387 4194 1550 4194 2388 4195 1551 4195 2371 4196 1540 4196 2372 4197 1541 4197 2371 4198 1540 4198 2388 4199 1551 4199 2395 4200 1556 4200 2396 4201 1557 4201 2381 4202 1546 4202 2381 4203 1546 4203 2396 4204 1557 4204 2382 4205 1547 4205 2382 4206 1547 4206 2396 4207 1557 4207 2397 4208 1558 4208 2398 4209 1559 4209 2397 4210 1558 4210 2396 4211 1557 4211 2405 4212 1562 4212 2406 4213 1563 4213 2387 4214 1550 4214 2388 4215 1551 4215 2387 4216 1550 4216 2406 4217 1563 4217 2411 4218 1566 4218 2412 4219 1567 4219 2396 4220 1557 4220 2398 4221 1559 4221 2396 4222 1557 4222 2412 4223 1567 4223 2417 4224 1570 4224 2406 4225 1563 4225 2418 4226 1571 4226 2405 4227 1562 4227 2418 4228 1571 4228 2406 4229 1563 4229 2423 4230 1574 4230 2424 4231 1575 4231 2411 4232 1566 4232 2412 4233 1567 4233 2411 4234 1566 4234 2424 4235 1575 4235 2417 4236 1570 4236 2418 4237 1571 4237 2429 4238 1578 4238 2430 4239 1579 4239 2429 4240 1578 4240 2418 4241 1571 4241 2435 4242 1582 4242 2436 4243 1583 4243 2423 4244 1574 4244 2424 4245 1575 4245 2423 4246 1574 4246 2436 4247 1583 4247 2443 4248 1588 4248 2429 4249 1578 4249 2444 4250 1589 4250 2444 4251 1589 4251 2429 4252 1578 4252 2445 4253 1590 4253 2445 4254 1590 4254 2429 4255 1578 4255 2446 4256 1591 4256 2430 4257 1579 4257 2446 4258 1591 4258 2429 4259 1578 4259 2453 4260 1594 4260 2454 4261 1595 4261 2435 4262 1582 4262 2436 4263 1583 4263 2435 4264 1582 4264 2454 4265 1595 4265 2459 4266 1598 4266 2444 4267 1589 4267 2460 4268 1599 4268 2445 4269 1590 4269 2460 4270 1599 4270 2444 4271 1589 4271 2467 4272 1604 4272 2468 4273 1605 4273 2469 4274 1606 4274 2468 4275 1605 4275 2470 4276 1607 4276 2469 4277 1606 4277 2469 4278 1606 4278 2470 4279 1607 4279 2453 4280 1594 4280 2454 4281 1595 4281 2453 4282 1594 4282 2470 4283 1607 4283 2477 4284 1610 4284 2459 4285 1598 4285 2478 4286 1611 4286 2460 4287 1599 4287 2478 4288 1611 4288 2459 4289 1598 4289 2483 4290 1614 4290 2484 4291 1615 4291 2467 4292 1604 4292 2468 4293 1605 4293 2467 4294 1604 4294 2484 4295 1615 4295 2489 4296 1618 4296 2477 4297 1610 4297 2490 4298 1619 4298 2478 4299 1611 4299 2490 4300 1619 4300 2477 4301 1610 4301 2495 4302 1622 4302 2496 4303 1623 4303 2483 4304 1614 4304 2484 4305 1615 4305 2483 4306 1614 4306 2496 4307 1623 4307 2495 4308 1622 4308 2489 4309 1618 4309 2496 4310 1623 4310 2490 4311 1619 4311 2496 4312 1623 4312 2489 4313 1618 4313 2739 4818 1748 4818 2740 4819 1749 4819 2741 4820 1750 4820 2742 4821 1751 4821 2741 4822 1750 4822 2740 4823 1749 4823 2749 4824 1754 4824 2739 4825 1748 4825 2750 4826 1755 4826 2741 4827 1750 4827 2750 4828 1755 4828 2739 4829 1748 4829 2740 4830 1749 4830 2755 4831 1758 4831 2742 4832 1751 4832 2756 4833 1759 4833 2742 4834 1751 4834 2755 4835 1758 4835 2761 4836 1762 4836 2749 4837 1754 4837 2762 4838 1763 4838 2750 4839 1755 4839 2762 4840 1763 4840 2749 4841 1754 4841 2767 4842 1766 4842 2768 4843 1767 4843 2755 4844 1758 4844 2756 4845 1759 4845 2755 4846 1758 4846 2768 4847 1767 4847 2761 4848 1762 4848 2762 4849 1763 4849 2773 4850 1770 4850 2774 4851 1771 4851 2773 4852 1770 4852 2762 4853 1763 4853 2767 4854 1766 4854 2779 4855 1774 4855 2768 4856 1767 4856 2780 4857 1775 4857 2768 4858 1767 4858 2779 4859 1774 4859 2773 4860 1770 4860 2774 4861 1771 4861 2785 4862 1778 4862 2786 4863 1779 4863 2785 4864 1778 4864 2774 4865 1771 4865 2780 4866 1775 4866 2779 4867 1774 4867 2791 4868 1782 4868 2792 4869 1783 4869 2791 4870 1782 4870 2779 4871 1774 4871 2785 4872 1778 4872 2786 4873 1779 4873 2797 4874 1786 4874 2798 4875 1787 4875 2797 4876 1786 4876 2786 4877 1779 4877 2791 4878 1782 4878 2792 4879 1783 4879 2803 4880 1790 4880 2804 4881 1791 4881 2803 4882 1790 4882 2792 4883 1783 4883 2797 4884 1786 4884 2798 4885 1787 4885 2809 4886 1794 4886 2810 4887 1795 4887 2809 4888 1794 4888 2798 4889 1787 4889 2803 4890 1790 4890 2804 4891 1791 4891 2817 4892 1800 4892 2804 4893 1791 4893 2818 4894 1801 4894 2817 4895 1800 4895 2817 4896 1800 4896 2818 4897 1801 4897 2819 4898 1802 4898 2820 4899 1803 4899 2819 4900 1802 4900 2818 4901 1801 4901 2809 4902 1794 4902 2810 4903 1795 4903 2827 4904 1806 4904 2828 4905 1807 4905 2827 4906 1806 4906 2810 4907 1795 4907 2819 4908 1802 4908 2820 4909 1803 4909 2833 4910 1810 4910 2834 4911 1811 4911 2833 4912 1810 4912 2820 4913 1803 4913 2827 4914 1806 4914 2828 4915 1807 4915 2839 4916 1814 4916 2840 4917 1815 4917 2839 4918 1814 4918 2828 4919 1807 4919 2833 4920 1810 4920 2834 4921 1811 4921 2845 4922 1818 4922 2846 4923 1819 4923 2845 4924 1818 4924 2834 4925 1811 4925 2851 4926 1822 4926 2839 4927 1814 4927 2852 4928 1823 4928 2840 4929 1815 4929 2852 4930 1823 4930 2839 4931 1814 4931 2845 4932 1818 4932 2846 4933 1819 4933 2857 4934 1826 4934 2858 4935 1827 4935 2857 4936 1826 4936 2846 4937 1819 4937 2863 4938 1830 4938 2851 4939 1822 4939 2864 4940 1831 4940 2852 4941 1823 4941 2864 4942 1831 4942 2851 4943 1822 4943 2858 4944 1827 4944 2869 4945 1834 4945 2857 4946 1826 4946 2870 4947 1835 4947 2857 4948 1826 4948 2869 4949 1834 4949 2863 4950 1830 4950 2864 4951 1831 4951 2875 4952 1838 4952 2876 4953 1839 4953 2875 4954 1838 4954 2864 4955 1831 4955 2883 4956 1844 4956 2884 4957 1845 4957 2869 4958 1834 4958 2869 4959 1834 4959 2884 4960 1845 4960 2870 4961 1835 4961 2870 4962 1835 4962 2884 4963 1845 4963 2885 4964 1846 4964 2886 4965 1847 4965 2885 4966 1846 4966 2884 4967 1845 4967 2884 4968 1845 4968 2875 4969 1838 4969 2886 4970 1847 4970 2876 4971 1839 4971 2886 4972 1847 4972 2875 4973 1838 4973 3067 5370 1924 5370 3068 5371 1925 5371 3069 5372 1926 5372 3070 5373 1927 5373 3069 5374 1926 5374 3068 5375 1925 5375 3077 5376 1930 5376 3067 5377 1924 5377 3078 5378 1931 5378 3069 5379 1926 5379 3078 5380 1931 5380 3067 5381 1924 5381 3068 5382 1925 5382 3083 5383 1934 5383 3070 5384 1927 5384 3084 5385 1935 5385 3070 5386 1927 5386 3083 5387 1934 5387 3089 5388 1938 5388 3077 5389 1930 5389 3090 5390 1939 5390 3078 5391 1931 5391 3090 5392 1939 5392 3077 5393 1930 5393 3083 5394 1934 5394 3095 5395 1942 5395 3084 5396 1935 5396 3096 5397 1943 5397 3084 5398 1935 5398 3095 5399 1942 5399 3089 5400 1938 5400 3090 5401 1939 5401 3101 5402 1946 5402 3102 5403 1947 5403 3101 5404 1946 5404 3090 5405 1939 5405 3096 5406 1943 5406 3095 5407 1942 5407 3107 5408 1950 5408 3108 5409 1951 5409 3107 5410 1950 5410 3095 5411 1942 5411 3101 5412 1946 5412 3102 5413 1947 5413 3113 5414 1954 5414 3114 5415 1955 5415 3113 5416 1954 5416 3102 5417 1947 5417 3107 5418 1950 5418 3108 5419 1951 5419 3119 5420 1958 5420 3120 5421 1959 5421 3119 5422 1958 5422 3108 5423 1951 5423 3113 5424 1954 5424 3114 5425 1955 5425 3125 5426 1962 5426 3126 5427 1963 5427 3125 5428 1962 5428 3114 5429 1955 5429 3119 5430 1958 5430 3120 5431 1959 5431 3131 5432 1966 5432 3132 5433 1967 5433 3131 5434 1966 5434 3120 5435 1959 5435 3125 5436 1962 5436 3126 5437 1963 5437 3137 5438 1970 5438 3138 5439 1971 5439 3137 5440 1970 5440 3126 5441 1963 5441 3131 5442 1966 5442 3132 5443 1967 5443 3143 5444 1974 5444 3144 5445 1975 5445 3143 5446 1974 5446 3132 5447 1967 5447 3137 5448 1970 5448 3138 5449 1971 5449 3149 5450 1978 5450 3150 5451 1979 5451 3149 5452 1978 5452 3138 5453 1971 5453 3143 5454 1974 5454 3144 5455 1975 5455 3155 5456 1982 5456 3156 5457 1983 5457 3155 5458 1982 5458 3144 5459 1975 5459 3149 5460 1978 5460 3150 5461 1979 5461 3161 5462 1986 5462 3162 5463 1987 5463 3161 5464 1986 5464 3150 5465 1979 5465 3155 5466 1982 5466 3156 5467 1983 5467 3167 5468 1990 5468 3168 5469 1991 5469 3167 5470 1990 5470 3156 5471 1983 5471 3161 5472 1986 5472 3162 5473 1987 5473 3173 5474 1994 5474 3174 5475 1995 5475 3173 5476 1994 5476 3162 5477 1987 5477 3168 5478 1991 5478 3179 5479 1998 5479 3167 5480 1990 5480 3180 5481 1999 5481 3167 5482 1990 5482 3179 5483 1998 5483 3185 5484 2002 5484 3173 5485 1994 5485 3186 5486 2003 5486 3174 5487 1995 5487 3186 5488 2003 5488 3173 5489 1994 5489 3179 5490 1998 5490 3191 5491 2006 5491 3180 5492 1999 5492 3192 5493 2007 5493 3180 5494 1999 5494 3191 5495 2006 5495 3197 5496 2010 5496 3185 5497 2002 5497 3198 5498 2011 5498 3186 5499 2003 5499 3198 5500 2011 5500 3185 5501 2002 5501 3191 5502 2006 5502 3203 5503 2014 5503 3192 5504 2007 5504 3204 5505 2015 5505 3192 5506 2007 5506 3203 5507 2014 5507 3203 5508 2014 5508 3197 5509 2010 5509 3204 5510 2015 5510 3198 5511 2011 5511 3204 5512 2015 5512 3197 5513 2010 5513 3211 5658 2020 5658 3212 5659 2021 5659 3213 5660 2022 5660 3214 5661 2023 5661 3213 5662 2022 5662 3212 5663 2021 5663 3221 5664 2026 5664 3212 5665 2021 5665 3222 5666 2027 5666 3211 5667 2020 5667 3222 5668 2027 5668 3212 5669 2021 5669 3213 5670 2022 5670 3214 5671 2023 5671 3227 5672 2030 5672 3228 5673 2031 5673 3227 5674 2030 5674 3214 5675 2023 5675 3233 5676 2034 5676 3221 5677 2026 5677 3234 5678 2035 5678 3222 5679 2027 5679 3234 5680 2035 5680 3221 5681 2026 5681 3227 5682 2030 5682 3228 5683 2031 5683 3239 5684 2038 5684 3240 5685 2039 5685 3239 5686 2038 5686 3228 5687 2031 5687 3233 5688 2034 5688 3234 5689 2035 5689 3245 5690 2042 5690 3246 5691 2043 5691 3245 5692 2042 5692 3234 5693 2035 5693 3239 5694 2038 5694 3240 5695 2039 5695 3251 5696 2046 5696 3252 5697 2047 5697 3251 5698 2046 5698 3240 5699 2039 5699 3257 5700 2050 5700 3245 5701 2042 5701 3258 5702 2051 5702 3246 5703 2043 5703 3258 5704 2051 5704 3245 5705 2042 5705 3251 5706 2046 5706 3252 5707 2047 5707 3263 5708 2054 5708 3264 5709 2055 5709 3263 5710 2054 5710 3252 5711 2047 5711 3269 5712 2058 5712 3257 5713 2050 5713 3270 5714 2059 5714 3258 5715 2051 5715 3270 5716 2059 5716 3257 5717 2050 5717 3263 5718 2054 5718 3264 5719 2055 5719 3275 5720 2062 5720 3276 5721 2063 5721 3275 5722 2062 5722 3264 5723 2055 5723 3281 5724 2066 5724 3269 5725 2058 5725 3282 5726 2067 5726 3270 5727 2059 5727 3282 5728 2067 5728 3269 5729 2058 5729 3276 5730 2063 5730 3287 5731 2070 5731 3275 5732 2062 5732 3288 5733 2071 5733 3275 5734 2062 5734 3287 5735 2070 5735 3281 5736 2066 5736 3282 5737 2067 5737 3293 5738 2074 5738 3294 5739 2075 5739 3293 5740 2074 5740 3282 5741 2067 5741 3287 5742 2070 5742 3299 5743 2078 5743 3288 5744 2071 5744 3300 5745 2079 5745 3288 5746 2071 5746 3299 5747 2078 5747 3293 5748 2074 5748 3294 5749 2075 5749 3305 5750 2082 5750 3306 5751 2083 5751 3305 5752 2082 5752 3294 5753 2075 5753 3311 5754 2086 5754 3312 5755 2087 5755 3299 5756 2078 5756 3300 5757 2079 5757 3299 5758 2078 5758 3312 5759 2087 5759 3305 5760 2082 5760 3306 5761 2083 5761 3317 5762 2090 5762 3318 5763 2091 5763 3317 5764 2090 5764 3306 5765 2083 5765 3311 5766 2086 5766 3323 5767 2094 5767 3312 5768 2087 5768 3324 5769 2095 5769 3312 5770 2087 5770 3323 5771 2094 5771 3317 5772 2090 5772 3318 5773 2091 5773 3329 5774 2098 5774 3330 5775 2099 5775 3329 5776 2098 5776 3318 5777 2091 5777 3323 5778 2094 5778 3335 5779 2102 5779 3324 5780 2095 5780 3336 5781 2103 5781 3324 5782 2095 5782 3335 5783 2102 5783 3329 5784 2098 5784 3330 5785 2099 5785 3341 5786 2106 5786 3342 5787 2107 5787 3341 5788 2106 5788 3330 5789 2099 5789 3347 5790 2110 5790 3348 5791 2111 5791 3335 5792 2102 5792 3336 5793 2103 5793 3335 5794 2102 5794 3348 5795 2111 5795 3341 5796 2106 5796 3342 5797 2107 5797 3347 5798 2110 5798 3348 5799 2111 5799 3347 5800 2110 5800 3342 5801 2107 5801 3355 5958 2116 5958 3356 5959 2117 5959 3357 5960 2118 5960 3358 5961 2119 5961 3357 5962 2118 5962 3356 5963 2117 5963 3365 5964 2122 5964 3355 5965 2116 5965 3366 5966 2123 5966 3357 5967 2118 5967 3366 5968 2123 5968 3355 5969 2116 5969 3356 5970 2117 5970 3371 5971 2126 5971 3358 5972 2119 5972 3372 5973 2127 5973 3358 5974 2119 5974 3371 5975 2126 5975 3377 5976 2130 5976 3365 5977 2122 5977 3378 5978 2131 5978 3366 5979 2123 5979 3378 5980 2131 5980 3365 5981 2122 5981 3371 5982 2126 5982 3383 5983 2134 5983 3372 5984 2127 5984 3384 5985 2135 5985 3372 5986 2127 5986 3383 5987 2134 5987 3389 5988 2138 5988 3377 5989 2130 5989 3390 5990 2139 5990 3378 5991 2131 5991 3390 5992 2139 5992 3377 5993 2130 5993 3384 5994 2135 5994 3383 5995 2134 5995 3395 5996 2142 5996 3396 5997 2143 5997 3395 5998 2142 5998 3383 5999 2134 5999 3389 6000 2138 6000 3390 6001 2139 6001 3401 6002 2146 6002 3402 6003 2147 6003 3401 6004 2146 6004 3390 6005 2139 6005 3395 6006 2142 6006 3396 6007 2143 6007 3407 6008 2150 6008 3408 6009 2151 6009 3407 6010 2150 6010 3396 6011 2143 6011 3401 6012 2146 6012 3402 6013 2147 6013 3413 6014 2154 6014 3414 6015 2155 6015 3413 6016 2154 6016 3402 6017 2147 6017 3407 6018 2150 6018 3408 6019 2151 6019 3421 6020 2160 6020 3408 6021 2151 6021 3422 6022 2161 6022 3421 6023 2160 6023 3421 6024 2160 6024 3422 6025 2161 6025 3423 6026 2162 6026 3424 6027 2163 6027 3423 6028 2162 6028 3422 6029 2161 6029 3413 6030 2154 6030 3414 6031 2155 6031 3431 6032 2166 6032 3432 6033 2167 6033 3431 6034 2166 6034 3414 6035 2155 6035 3423 6036 2162 6036 3424 6037 2163 6037 3437 6038 2170 6038 3438 6039 2171 6039 3437 6040 2170 6040 3424 6041 2163 6041 3431 6042 2166 6042 3432 6043 2167 6043 3445 6044 2176 6044 3432 6045 2167 6045 3446 6046 2177 6046 3445 6047 2176 6047 3445 6048 2176 6048 3446 6049 2177 6049 3447 6050 2178 6050 3448 6051 2179 6051 3447 6052 2178 6052 3446 6053 2177 6053 3437 6054 2170 6054 3438 6055 2171 6055 3455 6056 2182 6056 3456 6057 2183 6057 3455 6058 2182 6058 3438 6059 2171 6059 3447 6060 2178 6060 3448 6061 2179 6061 3461 6062 2186 6062 3462 6063 2187 6063 3461 6064 2186 6064 3448 6065 2179 6065 3455 6066 2182 6066 3456 6067 2183 6067 3467 6068 2190 6068 3468 6069 2191 6069 3467 6070 2190 6070 3456 6071 2183 6071 3461 6072 2186 6072 3462 6073 2187 6073 3473 6074 2194 6074 3474 6075 2195 6075 3473 6076 2194 6076 3462 6077 2187 6077 3479 6078 2198 6078 3480 6079 2199 6079 3468 6080 2191 6080 3467 6081 2190 6081 3468 6082 2191 6082 3480 6083 2199 6083 3485 6084 2202 6084 3473 6085 2194 6085 3486 6086 2203 6086 3474 6087 2195 6087 3486 6088 2203 6088 3473 6089 2194 6089 3479 6090 2198 6090 3491 6091 2206 6091 3480 6092 2199 6092 3492 6093 2207 6093 3480 6094 2199 6094 3491 6095 2206 6095 3497 6096 2210 6096 3485 6097 2202 6097 3498 6098 2211 6098 3486 6099 2203 6099 3498 6100 2211 6100 3485 6101 2202 6101 3491 6102 2206 6102 3503 6103 2214 6103 3492 6104 2207 6104 3504 6105 2215 6105 3492 6106 2207 6106 3503 6107 2214 6107 3503 6108 2214 6108 3497 6109 2210 6109 3504 6110 2215 6110 3498 6111 2211 6111 3504 6112 2215 6112 3497 6113 2210 6113 3511 6270 2220 6270 3512 6271 2221 6271 3513 6272 2222 6272 3514 6273 2223 6273 3513 6274 2222 6274 3512 6275 2221 6275 3521 6276 2226 6276 3511 6277 2220 6277 3522 6278 2227 6278 3513 6279 2222 6279 3522 6280 2227 6280 3511 6281 2220 6281 3512 6282 2221 6282 3527 6283 2230 6283 3514 6284 2223 6284 3528 6285 2231 6285 3514 6286 2223 6286 3527 6287 2230 6287 3533 6288 2234 6288 3521 6289 2226 6289 3534 6290 2235 6290 3522 6291 2227 6291 3534 6292 2235 6292 3521 6293 2226 6293 3527 6294 2230 6294 3539 6295 2238 6295 3528 6296 2231 6296 3540 6297 2239 6297 3528 6298 2231 6298 3539 6299 2238 6299 3545 6300 2242 6300 3533 6301 2234 6301 3546 6302 2243 6302 3534 6303 2235 6303 3546 6304 2243 6304 3533 6305 2234 6305 3540 6306 2239 6306 3539 6307 2238 6307 3551 6308 2246 6308 3552 6309 2247 6309 3551 6310 2246 6310 3539 6311 2238 6311 3545 6312 2242 6312 3546 6313 2243 6313 3557 6314 2250 6314 3558 6315 2251 6315 3557 6316 2250 6316 3546 6317 2243 6317 3551 6318 2246 6318 3552 6319 2247 6319 3563 6320 2254 6320 3564 6321 2255 6321 3563 6322 2254 6322 3552 6323 2247 6323 3557 6324 2250 6324 3558 6325 2251 6325 3569 6326 2258 6326 3570 6327 2259 6327 3569 6328 2258 6328 3558 6329 2251 6329 3563 6330 2254 6330 3564 6331 2255 6331 3575 6332 2262 6332 3576 6333 2263 6333 3575 6334 2262 6334 3564 6335 2255 6335 3569 6336 2258 6336 3570 6337 2259 6337 3581 6338 2266 6338 3582 6339 2267 6339 3581 6340 2266 6340 3570 6341 2259 6341 3575 6342 2262 6342 3576 6343 2263 6343 3587 6344 2270 6344 3588 6345 2271 6345 3587 6346 2270 6346 3576 6347 2263 6347 3581 6348 2266 6348 3582 6349 2267 6349 3595 6350 2276 6350 3582 6351 2267 6351 3596 6352 2277 6352 3595 6353 2276 6353 3595 6354 2276 6354 3596 6355 2277 6355 3597 6356 2278 6356 3598 6357 2279 6357 3597 6358 2278 6358 3596 6359 2277 6359 3587 6360 2270 6360 3588 6361 2271 6361 3605 6362 2282 6362 3606 6363 2283 6363 3605 6364 2282 6364 3588 6365 2271 6365 3597 6366 2278 6366 3598 6367 2279 6367 3611 6368 2286 6368 3612 6369 2287 6369 3611 6370 2286 6370 3598 6371 2279 6371 3605 6372 2282 6372 3606 6373 2283 6373 3617 6374 2290 6374 3618 6375 2291 6375 3617 6376 2290 6376 3606 6377 2283 6377 3611 6378 2286 6378 3612 6379 2287 6379 3623 6380 2294 6380 3624 6381 2295 6381 3623 6382 2294 6382 3612 6383 2287 6383 3629 6384 2298 6384 3630 6385 2299 6385 3618 6386 2291 6386 3617 6387 2290 6387 3618 6388 2291 6388 3630 6389 2299 6389 3635 6390 2302 6390 3623 6391 2294 6391 3636 6392 2303 6392 3624 6393 2295 6393 3636 6394 2303 6394 3623 6395 2294 6395 3629 6396 2298 6396 3641 6397 2306 6397 3630 6398 2299 6398 3642 6399 2307 6399 3630 6400 2299 6400 3641 6401 2306 6401 3647 6402 2310 6402 3635 6403 2302 6403 3648 6404 2311 6404 3636 6405 2303 6405 3648 6406 2311 6406 3635 6407 2302 6407 3641 6408 2306 6408 3653 6409 2314 6409 3642 6410 2307 6410 3654 6411 2315 6411 3642 6412 2307 6412 3653 6413 2314 6413 3659 6414 2318 6414 3647 6415 2310 6415 3653 6416 2314 6416 3653 6417 2314 6417 3647 6418 2310 6418 3654 6419 2315 6419 3654 6420 2315 6420 3647 6421 2310 6421 3660 6422 2319 6422 3648 6423 2311 6423 3660 6424 2319 6424 3647 6425 2310 6425 3667 6582 2324 6582 3668 6583 2325 6583 3669 6584 2326 6584 3670 6585 2327 6585 3669 6586 2326 6586 3668 6587 2325 6587 3677 6588 2330 6588 3669 6589 2326 6589 3678 6590 2331 6590 3670 6591 2327 6591 3678 6592 2331 6592 3669 6593 2326 6593 3667 6594 2324 6594 3683 6595 2334 6595 3668 6596 2325 6596 3684 6597 2335 6597 3668 6598 2325 6598 3683 6599 2334 6599 3689 6600 2338 6600 3690 6601 2339 6601 3678 6602 2331 6602 3677 6603 2330 6603 3678 6604 2331 6604 3690 6605 2339 6605 3683 6606 2334 6606 3695 6607 2342 6607 3684 6608 2335 6608 3696 6609 2343 6609 3684 6610 2335 6610 3695 6611 2342 6611 3701 6612 2346 6612 3702 6613 2347 6613 3689 6614 2338 6614 3690 6615 2339 6615 3689 6616 2338 6616 3702 6617 2347 6617 3709 6618 2352 6618 3710 6619 2353 6619 3695 6620 2342 6620 3695 6621 2342 6621 3710 6622 2353 6622 3696 6623 2343 6623 3696 6624 2343 6624 3710 6625 2353 6625 3711 6626 2354 6626 3712 6627 2355 6627 3711 6628 2354 6628 3710 6629 2353 6629 3719 6630 2358 6630 3720 6631 2359 6631 3701 6632 2346 6632 3702 6633 2347 6633 3701 6634 2346 6634 3720 6635 2359 6635 3725 6636 2362 6636 3726 6637 2363 6637 3710 6638 2353 6638 3712 6639 2355 6639 3710 6640 2353 6640 3726 6641 2363 6641 3731 6642 2366 6642 3732 6643 2367 6643 3719 6644 2358 6644 3720 6645 2359 6645 3719 6646 2358 6646 3732 6647 2367 6647 3737 6648 2370 6648 3738 6649 2371 6649 3725 6650 2362 6650 3726 6651 2363 6651 3725 6652 2362 6652 3738 6653 2371 6653 3743 6654 2374 6654 3744 6655 2375 6655 3731 6656 2366 6656 3732 6657 2367 6657 3731 6658 2366 6658 3744 6659 2375 6659 3749 6660 2378 6660 3750 6661 2379 6661 3737 6662 2370 6662 3738 6663 2371 6663 3737 6664 2370 6664 3750 6665 2379 6665 3755 6666 2382 6666 3744 6667 2375 6667 3756 6668 2383 6668 3743 6669 2374 6669 3756 6670 2383 6670 3744 6671 2375 6671 3761 6672 2386 6672 3762 6673 2387 6673 3749 6674 2378 6674 3750 6675 2379 6675 3749 6676 2378 6676 3762 6677 2387 6677 3767 6678 2390 6678 3755 6679 2382 6679 3768 6680 2391 6680 3756 6681 2383 6681 3768 6682 2391 6682 3755 6683 2382 6683 3773 6684 2394 6684 3774 6685 2395 6685 3761 6686 2386 6686 3762 6687 2387 6687 3761 6688 2386 6688 3774 6689 2395 6689 3781 6690 2400 6690 3767 6691 2390 6691 3782 6692 2401 6692 3782 6693 2401 6693 3767 6694 2390 6694 3783 6695 2402 6695 3783 6696 2402 6696 3767 6697 2390 6697 3784 6698 2403 6698 3768 6699 2391 6699 3784 6700 2403 6700 3767 6701 2390 6701 3791 6702 2406 6702 3792 6703 2407 6703 3773 6704 2394 6704 3774 6705 2395 6705 3773 6706 2394 6706 3792 6707 2407 6707 3797 6708 2410 6708 3782 6709 2401 6709 3798 6710 2411 6710 3783 6711 2402 6711 3798 6712 2411 6712 3782 6713 2401 6713 3803 6714 2414 6714 3804 6715 2415 6715 3791 6716 2406 6716 3792 6717 2407 6717 3791 6718 2406 6718 3804 6719 2415 6719 3809 6720 2418 6720 3797 6721 2410 6721 3810 6722 2419 6722 3798 6723 2411 6723 3810 6724 2419 6724 3797 6725 2410 6725 3803 6726 2414 6726 3815 6727 2422 6727 3804 6728 2415 6728 3816 6729 2423 6729 3804 6730 2415 6730 3815 6731 2422 6731 3815 6732 2422 6732 3809 6733 2418 6733 3816 6734 2423 6734 3810 6735 2419 6735 3816 6736 2423 6736 3809 6737 2418 6737 3823 6900 2428 6900 3824 6901 2429 6901 3825 6902 2430 6902 3826 6903 2431 6903 3825 6904 2430 6904 3824 6905 2429 6905 3835 6906 2436 6906 3823 6907 2428 6907 3836 6908 2437 6908 3836 6909 2437 6909 3823 6910 2428 6910 3837 6911 2438 6911 3837 6912 2438 6912 3823 6913 2428 6913 3838 6914 2439 6914 3825 6915 2430 6915 3838 6916 2439 6916 3823 6917 2428 6917 3845 6918 2442 6918 3846 6919 2443 6919 3824 6920 2429 6920 3826 6921 2431 6921 3824 6922 2429 6922 3846 6923 2443 6923 3851 6924 2446 6924 3836 6925 2437 6925 3852 6926 2447 6926 3837 6927 2438 6927 3852 6928 2447 6928 3836 6929 2437 6929 3845 6930 2442 6930 3857 6931 2450 6931 3846 6932 2443 6932 3858 6933 2451 6933 3846 6934 2443 6934 3857 6935 2450 6935 3851 6936 2446 6936 3852 6937 2447 6937 3863 6938 2454 6938 3864 6939 2455 6939 3863 6940 2454 6940 3852 6941 2447 6941 3857 6942 2450 6942 3869 6943 2458 6943 3858 6944 2451 6944 3870 6945 2459 6945 3858 6946 2451 6946 3869 6947 2458 6947 3863 6948 2454 6948 3864 6949 2455 6949 3875 6950 2462 6950 3876 6951 2463 6951 3875 6952 2462 6952 3864 6953 2455 6953 3869 6954 2458 6954 3881 6955 2466 6955 3870 6956 2459 6956 3882 6957 2467 6957 3870 6958 2459 6958 3881 6959 2466 6959 3875 6960 2462 6960 3876 6961 2463 6961 3887 6962 2470 6962 3888 6963 2471 6963 3887 6964 2470 6964 3876 6965 2463 6965 3881 6966 2466 6966 3893 6967 2474 6967 3882 6968 2467 6968 3894 6969 2475 6969 3882 6970 2467 6970 3893 6971 2474 6971 3887 6972 2470 6972 3888 6973 2471 6973 3899 6974 2478 6974 3900 6975 2479 6975 3899 6976 2478 6976 3888 6977 2471 6977 3893 6978 2474 6978 3907 6979 2484 6979 3894 6980 2475 6980 3894 6981 2475 6981 3907 6982 2484 6982 3908 6983 2485 6983 3907 6984 2484 6984 3909 6985 2486 6985 3908 6986 2485 6986 3910 6987 2487 6987 3908 6988 2485 6988 3909 6989 2486 6989 3899 6990 2478 6990 3900 6991 2479 6991 3917 6992 2490 6992 3918 6993 2491 6993 3917 6994 2490 6994 3900 6995 2479 6995 3909 6996 2486 6996 3923 6997 2494 6997 3910 6998 2487 6998 3924 6999 2495 6999 3910 7000 2487 7000 3923 7001 2494 7001 3917 7002 2490 7002 3918 7003 2491 7003 3929 7004 2498 7004 3930 7005 2499 7005 3929 7006 2498 7006 3918 7007 2491 7007 3923 7008 2494 7008 3935 7009 2502 7009 3924 7010 2495 7010 3936 7011 2503 7011 3924 7012 2495 7012 3935 7013 2502 7013 3941 7014 2506 7014 3929 7015 2498 7015 3942 7016 2507 7016 3930 7017 2499 7017 3942 7018 2507 7018 3929 7019 2498 7019 3935 7020 2502 7020 3947 7021 2510 7021 3936 7022 2503 7022 3948 7023 2511 7023 3936 7024 2503 7024 3947 7025 2510 7025 3953 7026 2514 7026 3941 7027 2506 7027 3954 7028 2515 7028 3942 7029 2507 7029 3954 7030 2515 7030 3941 7031 2506 7031 3947 7032 2510 7032 3959 7033 2518 7033 3948 7034 2511 7034 3960 7035 2519 7035 3948 7036 2511 7036 3959 7037 2518 7037 3965 7038 2522 7038 3953 7039 2514 7039 3966 7040 2523 7040 3954 7041 2515 7041 3966 7042 2523 7042 3953 7043 2514 7043 3973 7044 2528 7044 3974 7045 2529 7045 3959 7046 2518 7046 3974 7047 2529 7047 3975 7048 2530 7048 3959 7049 2518 7049 3959 7050 2518 7050 3975 7051 2530 7051 3960 7052 2519 7052 3976 7053 2531 7053 3960 7054 2519 7054 3975 7055 2530 7055 3974 7056 2529 7056 3965 7057 2522 7057 3975 7058 2530 7058 3966 7059 2523 7059 3975 7060 2530 7060 3965 7061 2522 7061 3985 7230 2536 7230 3986 7231 2537 7231 3987 7232 2538 7232 3988 7233 2539 7233 3987 7234 2538 7234 3986 7235 2537 7235 3995 7236 2542 7236 3985 7237 2536 7237 3996 7238 2543 7238 3987 7239 2538 7239 3996 7240 2543 7240 3985 7241 2536 7241 3986 7242 2537 7242 4003 7243 2548 7243 3988 7244 2539 7244 3988 7245 2539 7245 4003 7246 2548 7246 4004 7247 2549 7247 4003 7248 2548 7248 4005 7249 2550 7249 4004 7250 2549 7250 4006 7251 2551 7251 4004 7252 2549 7252 4005 7253 2550 7253 3995 7254 2542 7254 3996 7255 2543 7255 4013 7256 2554 7256 4014 7257 2555 7257 4013 7258 2554 7258 3996 7259 2543 7259 4005 7260 2550 7260 4019 7261 2558 7261 4006 7262 2551 7262 4020 7263 2559 7263 4006 7264 2551 7264 4019 7265 2558 7265 4025 7266 2562 7266 4013 7267 2554 7267 4026 7268 2563 7268 4014 7269 2555 7269 4026 7270 2563 7270 4013 7271 2554 7271 4019 7272 2558 7272 4031 7273 2566 7273 4020 7274 2559 7274 4032 7275 2567 7275 4020 7276 2559 7276 4031 7277 2566 7277 4037 7278 2570 7278 4025 7279 2562 7279 4038 7280 2571 7280 4026 7281 2563 7281 4038 7282 2571 7282 4025 7283 2562 7283 4031 7284 2566 7284 4043 7285 2574 7285 4032 7286 2567 7286 4044 7287 2575 7287 4032 7288 2567 7288 4043 7289 2574 7289 4049 7290 2578 7290 4037 7291 2570 7291 4050 7292 2579 7292 4038 7293 2571 7293 4050 7294 2579 7294 4037 7295 2570 7295 4055 7296 2582 7296 4056 7297 2583 7297 4043 7298 2574 7298 4044 7299 2575 7299 4043 7300 2574 7300 4056 7301 2583 7301 4063 7302 2588 7302 4049 7303 2578 7303 4064 7304 2589 7304 4064 7305 2589 7305 4049 7306 2578 7306 4065 7307 2590 7307 4065 7308 2590 7308 4049 7309 2578 7309 4066 7310 2591 7310 4050 7311 2579 7311 4066 7312 2591 7312 4049 7313 2578 7313 4075 7314 2596 7314 4076 7315 2597 7315 4055 7316 2582 7316 4055 7317 2582 7317 4076 7318 2597 7318 4056 7319 2583 7319 4056 7320 2583 7320 4076 7321 2597 7321 4077 7322 2598 7322 4078 7323 2599 7323 4077 7324 2598 7324 4076 7325 2597 7325 4085 7326 2602 7326 4064 7327 2589 7327 4086 7328 2603 7328 4065 7329 2590 7329 4086 7330 2603 7330 4064 7331 2589 7331 4076 7332 2597 7332 4091 7333 2606 7333 4078 7334 2599 7334 4092 7335 2607 7335 4078 7336 2599 7336 4091 7337 2606 7337 4085 7338 2602 7338 4086 7339 2603 7339 4097 7340 2610 7340 4098 7341 2611 7341 4097 7342 2610 7342 4086 7343 2603 7343 4091 7344 2606 7344 4103 7345 2614 7345 4092 7346 2607 7346 4104 7347 2615 7347 4092 7348 2607 7348 4103 7349 2614 7349 4097 7350 2610 7350 4098 7351 2611 7351 4109 7352 2618 7352 4110 7353 2619 7353 4109 7354 2618 7354 4098 7355 2611 7355 4103 7356 2614 7356 4115 7357 2622 7357 4104 7358 2615 7358 4116 7359 2623 7359 4104 7360 2615 7360 4115 7361 2622 7361 4109 7362 2618 7362 4110 7363 2619 7363 4121 7364 2626 7364 4122 7365 2627 7365 4121 7366 2626 7366 4110 7367 2619 7367 4115 7368 2622 7368 4127 7369 2630 7369 4116 7370 2623 7370 4128 7371 2631 7371 4116 7372 2623 7372 4127 7373 2630 7373 4121 7374 2626 7374 4122 7375 2627 7375 4135 7376 2636 7376 4122 7377 2627 7377 4136 7378 2637 7378 4135 7379 2636 7379 4135 7380 2636 7380 4136 7381 2637 7381 4137 7382 2638 7382 4138 7383 2639 7383 4137 7384 2638 7384 4136 7385 2637 7385 4145 7386 2642 7386 4146 7387 2643 7387 4127 7388 2630 7388 4128 7389 2631 7389 4127 7390 2630 7390 4146 7391 2643 7391 4137 7392 2638 7392 4138 7393 2639 7393 4145 7394 2642 7394 4146 7395 2643 7395 4145 7396 2642 7396 4138 7397 2639 7397 4155 7560 2650 7560 4156 7561 2651 7561 4157 7562 2652 7562 4156 7563 2651 7563 4158 7564 2653 7564 4157 7565 2652 7565 4158 7566 2653 7566 4159 7567 2654 7567 4157 7568 2652 7568 4160 7569 2655 7569 4157 7570 2652 7570 4159 7571 2654 7571 4169 7572 2658 7572 4156 7573 2651 7573 4170 7574 2659 7574 4155 7575 2650 7575 4170 7576 2659 7576 4156 7577 2651 7577 4159 7578 2654 7578 4175 7579 2662 7579 4160 7580 2655 7580 4176 7581 2663 7581 4160 7582 2655 7582 4175 7583 2662 7583 4181 7584 2666 7584 4169 7585 2658 7585 4182 7586 2667 7586 4170 7587 2659 7587 4182 7588 2667 7588 4169 7589 2658 7589 4176 7590 2663 7590 4175 7591 2662 7591 4187 7592 2670 7592 4188 7593 2671 7593 4187 7594 2670 7594 4175 7595 2662 7595 4193 7596 2674 7596 4194 7597 2675 7597 4182 7598 2667 7598 4181 7599 2666 7599 4182 7600 2667 7600 4194 7601 2675 7601 4188 7602 2671 7602 4199 7603 2678 7603 4187 7604 2670 7604 4200 7605 2679 7605 4187 7606 2670 7606 4199 7607 2678 7607 4194 7608 2675 7608 4193 7609 2674 7609 4205 7610 2682 7610 4206 7611 2683 7611 4205 7612 2682 7612 4193 7613 2674 7613 4199 7614 2678 7614 4211 7615 2686 7615 4200 7616 2679 7616 4212 7617 2687 7617 4200 7618 2679 7618 4211 7619 2686 7619 4217 7620 2690 7620 4205 7621 2682 7621 4218 7622 2691 7622 4206 7623 2683 7623 4218 7624 2691 7624 4205 7625 2682 7625 4225 7626 2696 7626 4226 7627 2697 7627 4211 7628 2686 7628 4211 7629 2686 7629 4226 7630 2697 7630 4212 7631 2687 7631 4212 7632 2687 7632 4226 7633 2697 7633 4227 7634 2698 7634 4228 7635 2699 7635 4227 7636 2698 7636 4226 7637 2697 7637 4235 7638 2702 7638 4217 7639 2690 7639 4236 7640 2703 7640 4218 7641 2691 7641 4236 7642 2703 7642 4217 7643 2690 7643 4226 7644 2697 7644 4241 7645 2706 7645 4228 7646 2699 7646 4242 7647 2707 7647 4228 7648 2699 7648 4241 7649 2706 7649 4249 7650 2712 7650 4235 7651 2702 7651 4250 7652 2713 7652 4250 7653 2713 7653 4235 7654 2702 7654 4251 7655 2714 7655 4251 7656 2714 7656 4235 7657 2702 7657 4252 7658 2715 7658 4236 7659 2703 7659 4252 7660 2715 7660 4235 7661 2702 7661 4241 7662 2706 7662 4259 7663 2718 7663 4242 7664 2707 7664 4260 7665 2719 7665 4242 7666 2707 7666 4259 7667 2718 7667 4265 7668 2722 7668 4250 7669 2713 7669 4266 7670 2723 7670 4251 7671 2714 7671 4266 7672 2723 7672 4250 7673 2713 7673 4259 7674 2718 7674 4271 7675 2726 7675 4260 7676 2719 7676 4272 7677 2727 7677 4260 7678 2719 7678 4271 7679 2726 7679 4277 7680 2730 7680 4265 7681 2722 7681 4278 7682 2731 7682 4266 7683 2723 7683 4278 7684 2731 7684 4265 7685 2722 7685 4283 7686 2734 7686 4284 7687 2735 7687 4271 7688 2726 7688 4272 7689 2727 7689 4271 7690 2726 7690 4284 7691 2735 7691 4277 7692 2730 7692 4278 7693 2731 7693 4289 7694 2738 7694 4290 7695 2739 7695 4289 7696 2738 7696 4278 7697 2731 7697 4295 7698 2742 7698 4296 7699 2743 7699 4283 7700 2734 7700 4284 7701 2735 7701 4283 7702 2734 7702 4296 7703 2743 7703 4289 7704 2738 7704 4290 7705 2739 7705 4301 7706 2746 7706 4302 7707 2747 7707 4301 7708 2746 7708 4290 7709 2739 7709 4307 7710 2750 7710 4308 7711 2751 7711 4295 7712 2742 7712 4296 7713 2743 7713 4295 7714 2742 7714 4308 7715 2751 7715 4301 7716 2746 7716 4302 7717 2747 7717 4307 7718 2750 7718 4308 7719 2751 7719 4307 7720 2750 7720 4302 7721 2747 7721</p>
        </triangles>
        <triangles count="96" material="material_2">
          <input semantic="VERTEX" offset="0" source="#ID3006-VERTEX"/>
          <input semantic="NORMAL" offset="1" source="#ID3006-Normal0"/>
          <input semantic="TEXCOORD" offset="2" set="0" source="#ID3006-UV0"/>
          <input semantic="COLOR" offset="3" set="0" source="#ID3006-VERTEX_COLOR0"/>
          <p> 1979 3438 1347 3438 1980 3439 1348 3439 1981 3440 1349 3440 1980 3441 1350 3441 1979 3442 1349 3442 1982 3443 1348 3443 1982 3444 1349 3444 1979 3445 1351 3445 1983 3446 1347 3446 1982 3447 1347 3447 1983 3448 1351 3448 1984 3449 1352 3449 1984 3450 1352 3450 1983 3451 1351 3451 1985 3452 1353 3452 1985 3453 1351 3453 1983 3454 1354 3454 1986 3455 1353 3455 1980 3456 1353 3456 1986 3457 1354 3457 1981 3458 1348 3458 1986 3459 1350 3459 1980 3460 1348 3460 1985 3461 1354 3461 2003 3462 1355 3462 2004 3463 1356 3463 2005 3464 1357 3464 2004 3465 1358 3465 2003 3466 1357 3466 2006 3467 1356 3467 2013 3468 1359 3468 2014 3469 1360 3469 2015 3470 1361 3470 2014 3471 1362 3471 2013 3472 1361 3472 2016 3473 1360 3473 2022 3474 1363 3474 2023 3475 1364 3475 2024 3476 1365 3476 2023 3477 1366 3477 2022 3478 1365 3478 2025 3479 1364 3479 2031 3480 1367 3480 2032 3481 1368 3481 2033 3482 1369 3482 2032 3483 1370 3483 2031 3484 1369 3484 2034 3485 1368 3485 2039 3534 1371 3534 2040 3535 1372 3535 2041 3536 1373 3536 2040 3537 1374 3537 2039 3538 1373 3538 2042 3539 1372 3539 2051 3540 1375 3540 2052 3541 1376 3541 2053 3542 1377 3542 2052 3543 1378 3543 2051 3544 1377 3544 2054 3545 1376 3545 2061 3546 1379 3546 2062 3547 1380 3547 2063 3548 1381 3548 2062 3549 1382 3549 2061 3550 1381 3550 2064 3551 1380 3551 2071 3552 1383 3552 2072 3553 1384 3553 2073 3554 1385 3554 2072 3555 1386 3555 2071 3556 1385 3556 2074 3557 1384 3557 2499 4314 1624 4314 2500 4315 1625 4315 2501 4316 1626 4316 2500 4317 1627 4317 2499 4318 1626 4318 2502 4319 1625 4319 2502 4320 1626 4320 2499 4321 1628 4321 2503 4322 1624 4322 2502 4323 1624 4323 2503 4324 1628 4324 2504 4325 1629 4325 2504 4326 1629 4326 2503 4327 1628 4327 2505 4328 1630 4328 2505 4329 1628 4329 2503 4330 1631 4330 2506 4331 1630 4331 2500 4332 1630 4332 2506 4333 1631 4333 2501 4334 1625 4334 2506 4335 1627 4335 2500 4336 1625 4336 2505 4337 1631 4337 2523 4338 1632 4338 2524 4339 1633 4339 2525 4340 1634 4340 2524 4341 1635 4341 2523 4342 1634 4342 2526 4343 1633 4343 2533 4344 1636 4344 2534 4345 1637 4345 2535 4346 1638 4346 2534 4347 1639 4347 2533 4348 1638 4348 2536 4349 1637 4349 2542 4350 1640 4350 2543 4351 1641 4351 2544 4352 1642 4352 2543 4353 1643 4353 2542 4354 1642 4354 2545 4355 1641 4355 2551 4356 1644 4356 2552 4357 1645 4357 2553 4358 1646 4358 2552 4359 1647 4359 2551 4360 1646 4360 2554 4361 1645 4361 2571 4422 1656 4422 2572 4423 1657 4423 2573 4424 1658 4424 2572 4425 1659 4425 2571 4426 1658 4426 2574 4427 1657 4427 2583 4428 1660 4428 2584 4429 1661 4429 2585 4430 1662 4430 2584 4431 1663 4431 2583 4432 1662 4432 2586 4433 1661 4433 2593 4434 1664 4434 2594 4435 1665 4435 2595 4436 1666 4436 2594 4437 1667 4437 2593 4438 1666 4438 2596 4439 1665 4439 2603 4440 1668 4440 2604 4441 1669 4441 2605 4442 1670 4442 2604 4443 1671 4443 2603 4444 1670 4444 2606 4445 1669 4445 2611 4470 1672 4470 2612 4471 1673 4471 2613 4472 1674 4472 2612 4473 1675 4473 2611 4474 1674 4474 2614 4475 1673 4475 2623 4476 1676 4476 2624 4477 1677 4477 2625 4478 1678 4478 2624 4479 1679 4479 2623 4480 1678 4480 2626 4481 1677 4481 2633 4482 1680 4482 2634 4483 1681 4483 2635 4484 1682 4484 2634 4485 1683 4485 2633 4486 1682 4486 2636 4487 1681 4487 2643 4488 1684 4488 2644 4489 1685 4489 2645 4490 1686 4490 2644 4491 1687 4491 2643 4492 1686 4492 2646 4493 1685 4493 2891 4974 1848 4974 2892 4975 1849 4975 2893 4976 1850 4976 2892 4977 1851 4977 2891 4978 1850 4978 2894 4979 1849 4979 2894 4980 1850 4980 2891 4981 1852 4981 2895 4982 1848 4982 2894 4983 1848 4983 2895 4984 1852 4984 2896 4985 1853 4985 2896 4986 1853 4986 2895 4987 1852 4987 2897 4988 1854 4988 2897 4989 1852 4989 2895 4990 1855 4990 2898 4991 1854 4991 2892 4992 1854 4992 2898 4993 1855 4993 2893 4994 1849 4994 2898 4995 1851 4995 2892 4996 1849 4996 2897 4997 1855 4997 2915 4998 1856 4998 2916 4999 1857 4999 2917 5000 1858 5000 2916 5001 1859 5001 2915 5002 1858 5002 2918 5003 1857 5003 2925 5004 1860 5004 2926 5005 1861 5005 2927 5006 1862 5006 2926 5007 1863 5007 2925 5008 1862 5008 2928 5009 1861 5009 2934 5010 1864 5010 2935 5011 1865 5011 2936 5012 1866 5012 2935 5013 1867 5013 2934 5014 1866 5014 2937 5015 1865 5015 2943 5016 1868 5016 2944 5017 1869 5017 2945 5018 1870 5018 2944 5019 1871 5019 2943 5020 1870 5020 2946 5021 1869 5021 2951 5070 1872 5070 2952 5071 1873 5071 2953 5072 1874 5072 2952 5073 1875 5073 2951 5074 1874 5074 2954 5075 1873 5075 2963 5076 1876 5076 2964 5077 1877 5077 2965 5078 1878 5078 2964 5079 1879 5079 2963 5080 1878 5080 2966 5081 1877 5081 2973 5082 1880 5082 2974 5083 1881 5083 2975 5084 1882 5084 2974 5085 1883 5085 2973 5086 1882 5086 2976 5087 1881 5087 2983 5088 1884 5088 2984 5089 1885 5089 2985 5090 1886 5090 2984 5091 1887 5091 2983 5092 1886 5092 2986 5093 1885 5093 3003 5130 1896 5130 3004 5131 1897 5131 3005 5132 1898 5132 3004 5133 1899 5133 3003 5134 1898 5134 3006 5135 1897 5135 3006 5136 1898 5136 3003 5137 1900 5137 3007 5138 1896 5138 3006 5139 1896 5139 3007 5140 1900 5140 3008 5141 1901 5141 3008 5142 1901 5142 3007 5143 1900 5143 3009 5144 1902 5144 3009 5145 1900 5145 3007 5146 1903 5146 3010 5147 1902 5147 3004 5148 1902 5148 3010 5149 1903 5149 3005 5150 1897 5150 3010 5151 1899 5151 3004 5152 1897 5152 3009 5153 1903 5153 3027 5154 1904 5154 3028 5155 1905 5155 3029 5156 1906 5156 3028 5157 1907 5157 3027 5158 1906 5158 3030 5159 1905 5159 3037 5160 1908 5160 3038 5161 1909 5161 3039 5162 1910 5162 3038 5163 1911 5163 3037 5164 1910 5164 3040 5165 1909 5165 3046 5166 1912 5166 3047 5167 1913 5167 3048 5168 1914 5168 3047 5169 1915 5169 3046 5170 1914 5170 3049 5171 1913 5171 3055 5172 1916 5172 3056 5173 1917 5173 3057 5174 1918 5174 3056 5175 1919 5175 3055 5176 1918 5176 3058 5177 1917 5177</p>
        </triangles>
      </mesh>
    </geometry>
  </library_geometries>
  <library_visual_scenes>
    <visual_scene id="MUSEOGROUP" name="MUSEOGROUP">
      <node name="ID3006" id="ID3006" sid="ID3006">
        <matrix sid="matrix">-0.013006 -0.002226 0.999913 207.168900 -0.999913 0.002204 -0.013001 3.491411 -0.002175 -0.999995 -0.002255 124.995209 0.000000 0.000000 0.000000 1.000000</matrix>
        <instance_geometry url="#ID3006-lib">
          <bind_material>
            <technique_common>
              <instance_material symbol="CARTON_1" target="#CARTON_1"/>
              <instance_material symbol="CARTULINA" target="#CARTULINA"/>
              <instance_material symbol="material" target="#material"/>
              <instance_material symbol="material_0" target="#material_0"/>
              <instance_material symbol="material_2" target="#material_2"/>
            </technique_common>
          </bind_material>
        </instance_geometry>
        <extra>
          <technique profile="FCOLLADA">
            <visibility>1.000000</visibility>
          </technique>
        </extra>
      </node>
      <extra>
        <technique profile="MAX3D">
          <frame_rate>30.000000</frame_rate>
        </technique>
        <technique profile="FCOLLADA">
          <start_time>0.000000</start_time>
          <end_time>3.333333</end_time>
        </technique>
      </extra>
    </visual_scene>
  </library_visual_scenes>
  <scene>
    <instance_visual_scene url="#MUSEOGROUP"/>
  </scene>
</COLLADA>
